,Time (s),X (m/s^2),Y (m/s^2),Z (m/s^2),label
0,1.55965355644e+27,-6.620732117,6.784940643,10.13766861,walking
1,1.55965355644e+27,-2.265987854,4.854554901,6.574927368,walking
2,1.55965355644e+27,-1.462309113,2.736160126,7.923922119,walking
3,1.55965355644e+27,-1.454674988,4.385729828,11.43232635,walking
4,1.55965355644e+27,1.026714935,4.830005951,9.303453369,walking
5,1.55965355644e+27,-0.1766326904,3.511547699,4.894372101,walking
6,1.55965355644e+27,-0.712817688,5.248834991,4.146676941,walking
7,1.55965355644e+27,0.7158114624,-0.9421408081,12.10278214,walking
8,1.55965355644e+27,-0.08397537231,5.522615662,11.14597183,walking
9,1.55965355644e+27,0.7955955505,4.287084961,4.680017853,walking
10,1.55965355644e+27,-0.9452842712,2.697989502,8.159981232,walking
11,1.55965355644e+27,-6.055956573,4.421355743,11.85579575,walking
12,1.55965355644e+27,-5.309159546,5.379812622,7.694898376,walking
13,1.55965355644e+27,-2.422562256,3.700305176,3.328777771,walking
14,1.55965355644e+27,-6.159541168,3.332220612,7.611222382,walking
15,1.55965355644e+27,-6.240522766,7.239245911,10.73402847,walking
16,1.55965355644e+27,-1.968556366,5.216801605,5.559289398,walking
17,1.55965355644e+27,-4.331991577,4.440815277,5.576503601,walking
18,1.55965355644e+27,-4.722679138,8.278235321,6.823859711,walking
19,1.55965355644e+27,-4.651427307,6.515800323,6.236481171,walking
20,1.55965355644e+27,-3.3721875,4.336931305,3.258274384,walking
21,1.55965355644e+27,-1.637444916,4.544250183,7.454198914,walking
22,1.55965355644e+27,-2.581082611,6.099515991,6.753655701,walking
23,1.55965355644e+27,-1.344653778,4.83719101,4.42405014,walking
24,1.55965355644e+27,3.564836884,1.725312195,12.75467651,walking
25,1.55965355644e+27,-1.931583252,1.953886871,10.05099884,walking
26,1.55965355644e+27,-5.016817474,2.773582306,7.133116608,walking
27,1.55965355644e+27,-5.395529938,4.973856812,9.79592926,walking
28,1.55965355644e+27,-3.331023102,4.026476898,6.217171326,walking
29,1.55965355644e+27,-5.366789703,1.473984833,10.45261368,walking
30,1.55965355644e+27,-4.978497162,1.592987366,8.195158081,walking
31,1.55965355644e+27,-4.266577606,2.530338135,8.8504953,walking
32,1.55965355644e+27,-4.49664917,2.04998703,8.536148987,walking
33,1.55965355644e+27,-4.430486755,3.136727142,8.442294159,walking
34,1.55965355644e+27,-4.359983368,3.097059631,8.39065155,walking
35,1.55965355644e+27,-3.918102264,2.908451843,8.435857544,walking
36,1.55965355644e+27,-4.137845306,3.09017395,8.067922668,walking
37,1.55965355644e+27,-3.994593201,2.694097595,8.600664825,walking
38,1.55965355644e+27,-4.110751648,2.885998535,8.30293396,walking
39,1.55965355644e+27,-4.30474823,2.817441101,8.54752533,walking
40,1.55965355644e+27,-4.115391998,3.071163483,8.469986572,walking
41,1.55965355644e+27,-4.106859741,2.922372894,8.335416412,walking
42,1.55965355644e+27,-4.13859375,2.978506165,7.672894135,walking
43,1.55965355644e+27,-4.050427094,2.550546112,8.765172729,walking
44,1.55965355644e+27,-4.050576782,2.947520599,7.981402588,walking
45,1.55965355644e+27,-4.30235321,2.906954956,8.464148712,walking
46,1.55965355644e+27,-4.50488205,2.927013245,8.323740692,walking
47,1.55965355644e+27,-4.546495514,3.101999359,8.184679871,walking
48,1.55965355644e+27,-4.367617493,3.184028778,7.99517395,walking
49,1.55965355644e+27,-4.393513641,3.134481812,8.310268707,walking
50,1.55965355644e+27,-4.320914612,3.033441925,8.379424896,walking
51,1.55965355644e+27,-4.307592316,2.927612,8.216713257,walking
52,1.55965355644e+27,-3.937561798,2.910397797,8.411458282,walking
53,1.55965355644e+27,-4.228856049,2.998115387,8.189170532,walking
54,1.55965355644e+27,-4.207151184,2.828967133,8.181536407,walking
55,1.55965355644e+27,-4.418361969,2.519560547,8.426576843,walking
56,1.55965355644e+27,-4.121529236,2.753074951,8.479117584,walking
57,1.55965355644e+27,-4.227957916,2.420017548,8.454418945,walking
58,1.55965355644e+27,-4.227209473,2.491718445,8.647667084,walking
59,1.55965355644e+27,-4.13619873,2.482587433,8.536148987,walking
60,1.55965355644e+27,-4.282893677,2.53797226,8.597072296,walking
61,1.55965355644e+27,-4.170627136,2.475552063,8.438851318,walking
62,1.55965355644e+27,-4.196223907,2.414628754,8.42223587,walking
63,1.55965355644e+27,-4.223916321,2.427651672,8.592731323,walking
64,1.55965355644e+27,-4.164489899,2.271226959,8.859476624,walking
65,1.55965355644e+27,-2.371219025,2.449506226,8.180937653,walking
66,1.55965355644e+27,2.633922729,-0.6985972595,9.350605316,walking
67,1.55965355644e+27,-0.2356100464,1.380429382,9.852960663,walking
68,1.55965355644e+27,-0.5653742981,1.0776091,9.715845795,walking
69,1.55965355644e+27,-0.6780899048,1.379381561,9.710307312,walking
70,1.55965355644e+27,-0.526305542,1.182241516,9.508975983,walking
71,1.55965355644e+27,-0.6402186584,1.132993927,9.68007019,walking
72,1.55965355644e+27,-0.6304888916,0.8464897156,9.960736542,walking
73,1.55965355644e+27,-0.4046086121,0.3016227722,9.449399872,walking
74,1.55965355644e+27,-1.871707764,-1.867217102,9.998308411,walking
75,1.55965355644e+27,-0.2778222656,-0.8907975769,9.904303894,walking
76,1.55965355644e+27,-0.3085084534,-0.5255570984,10.37357803,walking
77,1.55965355644e+27,0.7640112305,5.201233978,10.99568436,walking
78,1.55965355644e+27,-0.02380050659,6.374494171,6.375092926,walking
79,1.55965355644e+27,-1.935924225,1.885179749,11.65521286,walking
80,1.55965355644e+27,-2.646496582,1.402283936,9.244176636,walking
81,1.55965355644e+27,-2.271676025,1.38072876,9.141639862,walking
82,1.55965355644e+27,-2.946772156,2.509980469,8.464597778,walking
83,1.55965355644e+27,-2.53677475,1.606159973,9.313482513,walking
84,1.55965355644e+27,-2.794838104,1.892963562,8.98746048,walking
85,1.55965355644e+27,-2.891986084,1.647773438,9.57483902,walking
86,1.55965355644e+27,-2.819237366,1.817221069,9.195378113,walking
87,1.55965355644e+27,-2.68062561,1.669178925,9.498946838,walking
88,1.55965355644e+27,-2.87836441,1.798210602,9.282197571,walking
89,1.55965355644e+27,-2.879861298,1.636397095,9.281299438,walking
90,1.55965355644e+27,-2.772983551,1.634451141,9.255103912,walking
91,1.55965355644e+27,-2.852019196,1.695823517,9.326954498,walking
92,1.55965355644e+27,-3.030897217,1.528321838,9.482930145,walking
93,1.55965355644e+27,-2.973117371,1.482666779,9.517358551,walking
94,1.55965355644e+27,-3.016676788,1.517843628,9.241033173,walking
95,1.55965355644e+27,-3.019820251,1.533261566,9.385183411,walking
96,1.55965355644e+27,-2.941982117,1.334474945,9.24717041,walking
97,1.55965355644e+27,-3.004102936,1.350791016,9.372310181,walking
98,1.55965355644e+27,-2.997666321,1.593735809,9.038354645,walking
99,1.55965355644e+27,-3.082090759,1.683998108,9.313781891,walking
100,1.55965355644e+27,-2.993175659,1.57966507,9.382788391,walking
101,1.55965355644e+27,-2.990930328,1.737736359,9.170080719,walking
102,1.55965355644e+27,-2.943029938,1.532064056,9.251062317,walking
103,1.55965355644e+27,-3.041824493,1.561702423,9.423503723,walking
104,1.55965355644e+27,-2.988684998,1.469793549,9.263037415,walking
105,1.55965355644e+27,-2.96847702,1.385818176,9.347910919,walking
106,1.55965355644e+27,-2.910996552,1.420396271,9.245823212,walking
107,1.55965355644e+27,-2.928959198,1.448238373,9.268575897,walking
108,1.55965355644e+27,-2.928061066,1.219813385,9.385183411,walking
109,1.55965355644e+27,-2.966082001,1.270108795,9.231752472,walking
110,1.55965355644e+27,-2.901566162,1.303788757,9.530231781,walking
111,1.55965355644e+27,-2.929258575,1.41231308,9.352401581,walking
112,1.55965355644e+27,-2.84678009,1.353036346,9.29986084,walking
113,1.55965355644e+27,-2.928809509,1.528321838,9.10556488,walking
114,1.55965355644e+27,-2.834655304,1.400787048,9.170380096,walking
115,1.55965355644e+27,-2.929408264,1.508562927,9.302255859,walking
116,1.55965355644e+27,-2.928510132,1.492845612,9.442514191,walking
117,1.55965355644e+27,-2.954555969,1.35378479,9.807305603,walking
118,1.55965355644e+27,-2.958597565,1.414857788,9.327702942,walking
119,1.55965355644e+27,-2.878065033,1.454076233,9.217681732,walking
120,1.55965355644e+27,-2.995870056,1.435963898,9.456285553,walking
121,1.55965355644e+27,-2.881807251,1.584455109,9.308991852,walking
122,1.55965355644e+27,-3.22130127,1.61349472,9.787846069,walking
123,1.55965355644e+27,-3.189417572,1.689386902,9.564660187,walking
124,1.55965355644e+27,-3.162623291,1.224603424,8.915609894,walking
125,1.55965355644e+27,-3.430266724,1.490899658,8.792715454,walking
126,1.55965355644e+27,-2.991678772,1.262175293,9.236243134,walking
127,1.55965355644e+27,-3.343896332,1.543889465,9.41796524,walking
128,1.55965355644e+27,-3.318149872,1.696871338,9.036857758,walking
129,1.55965355644e+27,-3.527564392,1.833237762,8.937015381,walking
130,1.55965355644e+27,-3.608995056,1.783840485,8.894204407,walking
131,1.55965355644e+27,-3.310066681,1.73519165,8.916807404,walking
132,1.55965355644e+27,-3.254532166,1.571132813,9.627080383,walking
133,1.55965355644e+27,-3.139421539,1.706451416,9.304950256,walking
134,1.55965355644e+27,-3.205284576,1.627116394,9.130113831,walking
135,1.55965355644e+27,-3.270848236,1.472038879,9.310937805,walking
136,1.55965355644e+27,-3.262016602,1.600322113,9.002429352,walking
137,1.55965355644e+27,-3.618425446,1.710043945,9.152267761,walking
138,1.55965355644e+27,-3.413800964,1.534309387,9.077872467,walking
139,1.55965355644e+27,-3.30662384,1.536554718,8.915310516,walking
140,1.55965355644e+27,-3.500470734,1.415007477,9.16409317,walking
141,1.55965355644e+27,-3.586841125,1.727856903,9.029223633,walking
142,1.55965355644e+27,-3.157683563,1.60885437,9.316476288,walking
143,1.55965355644e+27,-1.367556152,0.7122189331,10.41219772,walking
144,1.55965355644e+27,1.754950562,0.4478686523,9.343270569,walking
145,1.55965355644e+27,1.46021347,0.4800517273,9.809401245,walking
146,1.55965355644e+27,1.027164001,0.6108796692,10.20577698,walking
147,1.55965355644e+27,1.076261902,0.3405418396,9.958790588,walking
148,1.55965355644e+27,0.5451663208,0.7222480774,9.958940277,walking
149,1.55965355644e+27,0.2728825378,1.922003174,9.384884033,walking
150,1.55965355644e+27,1.983076172,1.389261017,9.204359436,walking
151,1.55965355644e+27,4.403243408,2.47121109,6.215225372,walking
152,1.55965355644e+27,-2.736160126,-1.408121796,20.00919067,walking
153,1.55965355644e+27,-1.410516815,2.722538452,8.319100342,walking
154,1.55965355644e+27,-1.951940918,2.173180847,10.40621017,walking
155,1.55965355644e+27,-1.753753052,1.779948578,9.26827652,walking
156,1.55965355644e+27,-1.496887207,1.465452576,9.760303345,walking
157,1.55965355644e+27,-1.761237488,2.042053528,9.261091461,walking
158,1.55965355644e+27,-1.359023895,1.563498688,9.623637543,walking
159,1.55965355644e+27,-1.658251648,1.734143829,9.560917969,walking
160,1.55965355644e+27,-1.965861969,1.529219971,9.26707901,walking
161,1.55965355644e+27,-1.757794647,1.536554718,10.07524841,walking
162,1.55965355644e+27,-1.681154022,1.586101685,9.294172668,walking
163,1.55965355644e+27,-1.695524139,1.335223389,9.632918243,walking
164,1.55965355644e+27,-2.19862793,1.266965332,11.05121887,walking
165,1.55965355644e+27,1.417252808,1.843117218,8.879385223,walking
166,1.55965355644e+27,0.233664093,1.85464325,10.04710693,walking
167,1.55965355644e+27,-0.06197113037,1.963167572,9.664502563,walking
168,1.55965355644e+27,0.9084608459,2.883004761,9.487271118,walking
169,1.55965355644e+27,1.02387085,4.034709778,8.821755066,walking
170,1.55965355644e+27,0.6849755859,3.308120728,9.683962097,walking
171,1.55965355644e+27,2.180665283,4.360432434,8.526269531,walking
172,1.55965355644e+27,1.983375549,4.203259277,8.474028168,walking
173,1.55965355644e+27,1.357227631,4.330195312,8.203989716,walking
174,1.55965355644e+27,-0.7225474548,5.792654114,7.854915619,walking
175,1.55965355644e+27,-0.3508703613,5.618416443,7.279362488,walking
176,1.55965355644e+27,-0.330662384,5.491630096,7.64071106,walking
177,1.55965355644e+27,-0.6614744568,5.772745514,7.787106628,walking
178,1.55965355644e+27,-0.4818479919,5.315596161,8.293503571,walking
179,1.55965355644e+27,-0.5125341797,5.347479858,8.327333221,walking
180,1.55965355644e+27,-0.8024812317,5.095404053,8.596174164,walking
181,1.55965355644e+27,-0.5542973328,2.694546661,9.940528564,walking
182,1.55965355644e+27,-0.01676513672,2.11315567,9.596394196,walking
183,1.55965355644e+27,-0.1359173584,2.348166962,9.607321472,walking
184,1.55965355644e+27,0.2854563904,2.289938049,9.367819519,walking
185,1.55965355644e+27,-0.2480342102,1.713636475,10.12015503,walking
186,1.55965355644e+27,-0.7946974182,2.601290588,9.451345825,walking
187,1.55965355644e+27,-0.2728825378,2.048939209,9.41332489,walking
188,1.55965355644e+27,-0.310304718,2.189047852,9.252409515,walking
189,1.55965355644e+27,-0.2308200073,2.258503418,9.339977417,walking
190,1.55965355644e+27,-0.1407073975,1.952090607,9.553433533,walking
191,1.55965355644e+27,-0.264200592,1.697320404,9.739197235,walking
192,1.55965355644e+27,-0.4132905579,1.811981964,9.613009644,walking
193,1.55965355644e+27,-0.8475375366,2.013013916,10.05578888,walking
194,1.55965355644e+27,-0.4055067444,1.798959045,9.722132721,walking
195,1.55965355644e+27,-0.6140231323,1.590442657,10.12225067,walking
196,1.55965355644e+27,-1.090632019,1.809287567,9.364077301,walking
197,1.55965355644e+27,-1.21921463,1.942061462,9.743388519,walking
198,1.55965355644e+27,0.347277832,2.968626709,8.546926575,walking
199,1.55965355644e+27,0.3237767029,2.388283539,9.674831085,walking
200,1.55965355644e+27,-0.2249821472,2.226020966,9.711504822,walking
201,1.55965355644e+27,-0.157023468,2.080074463,9.510023804,walking
202,1.55965355644e+27,-0.05643264771,1.899849243,9.594897308,walking
203,1.55965355644e+27,-0.08696914673,2.053729248,9.572893066,walking
204,1.55965355644e+27,-0.1782792664,1.916315002,9.653874664,walking
205,1.55965355644e+27,-0.07888595581,1.856738892,9.588161316,walking
206,1.55965355644e+27,-0.09804611206,1.758543091,9.591753845,walking
207,1.55965355644e+27,-0.2146536255,1.670077057,9.723180542,walking
208,1.55965355644e+27,-0.2486329651,1.788331146,9.726324005,walking
209,1.55965355644e+27,-0.229921875,1.848356323,9.658215637,walking
210,1.55965355644e+27,-0.2389031982,1.836381226,9.673932953,walking
211,1.55965355644e+27,-0.2535726929,1.786385193,9.688752136,walking
212,1.55965355644e+27,-0.2380050659,1.712438965,9.676028595,walking
213,1.55965355644e+27,0.1196012878,2.310445404,9.029073944,walking
214,1.55965355644e+27,1.065783691,3.687431946,8.897796936,walking
215,1.55965355644e+27,1.53745285,3.914509735,8.716972961,walking
216,1.55965355644e+27,1.540895691,4.300556946,8.711733856,walking
217,1.55965355644e+27,1.102008362,3.940555573,8.809181213,walking
218,1.55965355644e+27,0.726738739,3.478017426,9.455387421,walking
219,1.55965355644e+27,0.7625143433,3.378773804,9.13490387,walking
220,1.55965355644e+27,0.7955955505,3.174149323,9.444160767,walking
221,1.55965355644e+27,0.7393125916,2.8678862,9.587412872,walking
222,1.55965355644e+27,0.649050293,2.757116547,9.455986176,walking
223,1.55965355644e+27,0.8229885864,2.559677124,9.417815552,walking
224,1.55965355644e+27,0.7686515808,2.500250702,9.488917694,walking
225,1.55965355644e+27,0.6948550415,2.585124207,9.449848938,walking
226,1.55965355644e+27,0.7222480774,2.498753815,9.534123688,walking
227,1.55965355644e+27,0.7484436035,2.491868134,9.581275635,walking
228,1.55965355644e+27,0.7277865601,2.528092804,9.539362793,walking
229,1.55965355644e+27,0.5037025452,2.577340393,9.531279602,walking
230,1.55965355644e+27,0.6288423157,2.484683075,9.428742828,walking
231,1.55965355644e+27,0.5417234802,2.573448486,9.526489563,walking
232,1.55965355644e+27,0.6489006042,2.672991486,9.114845581,walking
233,1.55965355644e+27,0.6227050781,2.497256927,9.590256958,walking
234,1.55965355644e+27,0.5978567505,2.617756348,9.64264801,walking
235,1.55965355644e+27,0.8502319336,2.305805054,9.604178009,walking
236,1.55965355644e+27,0.4706213379,2.91234375,9.307794342,walking
237,1.55965355644e+27,0.992585907,2.186203766,9.616153107,walking
238,1.55965355644e+27,0.5004093933,2.621498566,9.701026611,walking
239,1.55965355644e+27,0.6839277649,2.465971985,9.533075867,walking
240,1.55965355644e+27,0.8336164856,2.407294006,9.489217072,walking
241,1.55965355644e+27,0.4508624268,2.372266846,9.640552368,walking
242,1.55965355644e+27,0.353714447,2.844235382,9.450447693,walking
243,1.55965355644e+27,0.4086502075,2.780018921,9.409283295,walking
244,1.55965355644e+27,0.4969665527,2.996768188,9.574689331,walking
245,1.55965355644e+27,0.5956114197,3.130889282,9.374106445,walking
246,1.55965355644e+27,0.5679190063,3.030597839,9.445957031,walking
247,1.55965355644e+27,0.6611750793,2.888094177,9.49520462,walking
248,1.55965355644e+27,0.578846283,2.919828186,9.376052399,walking
249,1.55965355644e+27,0.5912704468,2.949167175,9.446705475,walking
250,1.55965355644e+27,0.6864724731,3.150498505,9.432634735,walking
251,1.55965355644e+27,0.9072633362,2.886297913,9.206155701,walking
252,1.55965355644e+27,0.7952961731,2.670895844,9.666747894,walking
253,1.55965355644e+27,0.7220983887,2.916385345,9.347461853,walking
254,1.55965355644e+27,3.615880737,3.397634583,9.247918854,walking
255,1.55965355644e+27,4.636009369,4.679718475,4.518952789,walking
256,1.55965355644e+27,0.4252656555,5.799988861,5.14959137,walking
257,1.55965355644e+27,1.782642975,1.281934204,12.09365112,walking
258,1.55965355644e+27,-0.1791773987,1.213526459,8.683442688,walking
259,1.55965355644e+27,-0.9939331055,0.952918396,9.371561737,walking
260,1.55965355644e+27,-1.056952057,0.9949809265,9.42275528,walking
261,1.55965355644e+27,-1.332379303,0.2538720703,9.87780899,walking
262,1.55965355644e+27,-1.291663971,0.04924758911,9.818083191,walking
263,1.55965355644e+27,-1.451531525,0.004640350342,9.890981598,walking
264,1.55965355644e+27,-1.294358368,0.1995350647,9.718091125,walking
265,1.55965355644e+27,-1.852697296,0.1718426514,10.02390518,walking
266,1.55965355644e+27,-1.303339691,-0.02544708252,9.935139771,walking
267,1.55965355644e+27,-1.061143341,0.06750961304,9.547296295,walking
268,1.55965355644e+27,-1.714384918,0.5092410278,9.89427475,walking
269,1.55965355644e+27,-1.472338257,0.1375639343,9.802814941,walking
270,1.55965355644e+27,-1.186133423,0.04670288086,9.747130737,walking
271,1.55965355644e+27,-1.4239888,0.09385482788,9.920470276,walking
272,1.55965355644e+27,-1.459764404,-0.02829116821,9.952204285,walking
273,1.55965355644e+27,-1.407223663,0.03158432007,9.823172607,walking
274,1.55965355644e+27,-1.253044281,-0.3336561584,9.740095367,walking
275,1.55965355644e+27,-1.676214294,-0.04909790039,9.63800766,walking
276,1.55965355644e+27,-1.403780823,-0.1465452576,9.591304779,walking
277,1.55965355644e+27,-1.375789032,-0.3504212952,9.916877747,walking
278,1.55965355644e+27,-1.479822693,-0.2757266235,9.863438873,walking
279,1.55965355644e+27,-1.540746002,-0.07514373779,9.99726059,walking
280,1.55965355644e+27,-1.43566452,-0.08202941895,9.64968338,walking
281,1.55965355644e+27,-1.414558411,-0.1639091492,9.827064514,walking
282,1.55965355644e+27,-1.380878448,-0.2189945984,9.936187592,walking
283,1.55965355644e+27,-1.397493896,-0.2757266235,9.834848328,walking
284,1.55965355644e+27,-1.233135681,-0.3719764709,9.832453308,walking
285,1.55965355644e+27,-1.406774597,-0.09535171509,9.722581787,walking
286,1.55965355644e+27,-1.261426849,-0.2204914856,10.05129822,walking
287,1.55965355644e+27,-1.292262726,-0.1639091492,9.819729767,walking
288,1.55965355644e+27,-1.19002533,-0.2412982178,9.60642334,walking
289,1.55965355644e+27,-1.289119263,-0.1784289551,9.854307861,walking
290,1.55965355644e+27,-1.34914444,0.1869612122,9.949060822,walking
291,1.55965355644e+27,-1.224453735,-0.2685415649,9.83454895,walking
292,1.55965355644e+27,-1.281634827,-0.109871521,9.770781555,walking
293,1.55965355644e+27,-1.320404205,-0.05343887329,9.634115753,walking
294,1.55965355644e+27,-1.325942688,-0.1797761536,9.672885132,walking
295,1.55965355644e+27,-1.316063232,-0.1152603149,10.01357666,walking
296,1.55965355644e+27,-1.398392029,-0.1751358032,9.72812027,walking
297,1.55965355644e+27,-1.322799225,0.08307723999,9.705367584,walking
298,1.55965355644e+27,-1.220561829,0.03248245239,9.775571594,walking
299,1.55965355644e+27,-1.43805954,0.09550140381,9.805659027,walking
300,1.55965355644e+27,0.4167333984,-0.1757345581,11.5219899,walking
301,1.55965355644e+27,-1.076112213,3.176244965,5.469925232,walking
302,1.55965355644e+27,0.2266287231,4.251309357,9.756710815,walking
303,1.55965355644e+27,-0.6035449219,6.20848938,6.832841034,walking
304,1.55965355644e+27,-1.216969299,7.143894196,6.60157196,walking
305,1.55965355644e+27,-1.163380737,7.101681976,6.905739441,walking
306,1.55965355644e+27,-1.027613068,5.773943024,8.711584167,walking
307,1.55965355644e+27,-0.4355941772,5.743107147,7.93664566,walking
308,1.55965355644e+27,-0.2228865051,4.737348633,8.529263306,walking
309,1.55965355644e+27,-0.2430944824,4.433181152,8.829089813,walking
310,1.55965355644e+27,-0.2148033142,4.946613464,8.249345398,walking
311,1.55965355644e+27,-0.33230896,4.38782547,9.40284668,walking
312,1.55965355644e+27,-0.2610571289,4.348756714,8.789571991,walking
313,1.55965355644e+27,-0.1935475159,4.444108429,8.674910431,walking
314,1.55965355644e+27,-0.2233355713,4.096231842,8.894653473,walking
315,1.55965355644e+27,0.07604187012,3.5500177,8.883576508,walking
316,1.55965355644e+27,-0.05807922363,3.818409576,8.810378723,walking
317,1.55965355644e+27,0.3522175598,3.730691986,9.119485931,walking
318,1.55965355644e+27,-1.162781982,5.671705627,8.138126678,walking
319,1.55965355644e+27,-1.941762085,6.068380737,7.213349762,walking
320,1.55965355644e+27,-2.994971924,7.311246185,8.239016876,walking
321,1.55965355644e+27,-1.267414398,3.993096313,7.344926147,walking
322,1.55965355644e+27,-1.179547119,5.049898682,5.25482254,walking
323,1.55965355644e+27,-0.798589325,2.931503906,11.28188919,walking
324,1.55965355644e+27,-2.792592773,0.5899232483,6.062542877,walking
325,1.55965355644e+27,-4.91787323,-1.587448883,12.68132904,walking
326,1.55965355644e+27,-0.9544152832,-2.681523743,7.077282715,walking
327,1.55965355644e+27,-0.2152523804,-2.88075943,15.6824382,walking
328,1.55965355644e+27,-0.2766247559,-3.179238739,6.627168732,walking
329,1.55965355644e+27,-5.51228714,-7.034621429,10.4509671,walking
330,1.55965355644e+27,-1.915865936,-1.784738617,5.996230774,walking
331,1.55965355644e+27,-1.828298035,-0.3674858093,11.48771118,walking
332,1.55965355644e+27,2.843636627,-0.1499880981,6.417305145,walking
333,1.55965355644e+27,-1.006956024,1.388512573,11.39804764,walking
334,1.55965355644e+27,0.4610412598,-1.839225311,6.630162506,walking
335,1.55965355644e+27,-2.111658783,1.279838562,9.468260651,walking
336,1.55965355644e+27,4.369713135,-1.397344208,6.052364044,walking
337,1.55965355644e+27,-0.4652325439,1.28477829,10.25382706,walking
338,1.55965355644e+27,1.463207245,-5.265749817,7.574398956,walking
339,1.55965355644e+27,-0.6505471802,0.4990621948,7.700736237,walking
340,1.55965355644e+27,1.406325531,-3.607498169,10.14365616,walking
341,1.55965355644e+27,-0.7879614258,0.6447093201,7.528145142,walking
342,1.55965355644e+27,-1.694176941,-5.785918121,13.67406464,walking
343,1.55965355644e+27,-0.09310638428,-0.5752537537,6.669830017,walking
344,1.55965355644e+27,-0.4977149963,-0.2317181396,14.43328583,walking
345,1.55965355644e+27,-0.6352789307,-0.03218307495,6.37928421,walking
346,1.55965355644e+27,-2.260149994,1.14437027,14.28344742,walking
347,1.55965355644e+27,-0.005239105225,-0.6231541443,8.267008667,walking
348,1.55965355644e+27,-2.61865448,0.3185375977,10.48704208,walking
349,1.55965355644e+27,0.7541317749,-2.662064209,6.969357147,walking
350,1.55965355644e+27,-1.783541107,-1.387015686,10.03378464,walking
351,1.55965355644e+27,0.3616479492,-4.731361084,11.03984253,walking
352,1.55965355644e+27,-1.079405365,-1.39000946,11.00152222,walking
353,1.55965355644e+27,-1.728605347,0.4981640625,9.549242249,walking
354,1.55965355644e+27,-0.00419128418,0.5879772949,7.747888184,walking
355,1.55965355644e+27,3.181783447,-2.310595093,9.167386322,walking
356,1.55965355644e+27,0.04805007935,-3.926484833,9.789342957,walking
357,1.55965355644e+27,-0.4623884583,-3.400478668,8.746910706,walking
358,1.55965355644e+27,-1.428479462,-3.748355255,9.206754456,walking
359,1.55965355644e+27,-0.2062710571,-2.912044373,9.991422729,walking
360,1.55965355644e+27,-1.535057831,-1.781445465,9.788295135,walking
361,1.55965355644e+27,-0.1767823792,-1.495540009,8.766070862,walking
362,1.55965355644e+27,0.6283932495,1.020727386,11.18174744,walking
363,1.55965355644e+27,-2.622247009,1.990859985,9.628128204,walking
364,1.55965355644e+27,-1.591640167,1.523531799,6.668033752,walking
365,1.55965355644e+27,1.463506622,1.050814819,9.419611816,walking
366,1.55965355644e+27,-0.6762936401,0.8566685486,14.48612595,walking
367,1.55965355644e+27,-0.2549198914,1.652563477,7.639962616,walking
368,1.55965355644e+27,-1.749861145,0.5824388123,6.05640564,walking
369,1.55965355644e+27,-0.4429289246,-2.094743958,10.00235001,walking
370,1.55965355644e+27,-4.466112671,1.395697632,14.7654451,walking
371,1.55965355644e+27,-2.91473877,1.115031281,10.52147049,walking
372,1.55965355644e+27,-0.4291575623,1.380130005,4.45338913,walking
373,1.55965355644e+27,-2.589465179,-1.130449219,5.64565979,walking
374,1.55965355644e+27,-3.489992523,-1.00396225,9.330097961,walking
375,1.55965355644e+27,-2.072440338,2.809657288,15.51299057,walking
376,1.55965355644e+27,-2.321971436,2.971021729,10.24948608,walking
377,1.55965355644e+27,0.5352868652,0.9744735718,5.285957794,walking
378,1.55965355644e+27,0.1251397705,-1.311123505,8.416248322,walking
379,1.55965355644e+27,-2.72044281,-1.731150055,14.49914886,walking
380,1.55965355644e+27,0.07918533325,-0.4578977966,11.71987839,walking
381,1.55965355644e+27,0.4161346436,-0.2960842896,6.887926483,walking
382,1.55965355644e+27,-1.194515991,-0.2429447937,8.166717224,walking
383,1.55965355644e+27,1.635049896,0.5698649597,15.87463852,walking
384,1.55965355644e+27,-0.3014730835,-0.1797761536,10.43435165,walking
385,1.55965355644e+27,-2.221081238,1.026415558,5.629493408,walking
386,1.55965355644e+27,-0.4649331665,-0.6008505249,6.517297211,walking
387,1.55965355644e+27,-3.372636566,-4.446054382,10.22763153,walking
388,1.55965355644e+27,-2.152673492,2.504741364,16.41755951,walking
389,1.55965355644e+27,-2.387535095,3.232527924,9.93049942,walking
390,1.55965355644e+27,0.5569917297,1.168170776,4.76459198,walking
391,1.55965355644e+27,1.548380127,0.1169068909,6.198460236,walking
392,1.55965355644e+27,-5.729784851,-3.158881073,13.47408051,walking
393,1.55965355644e+27,-7.330855408,-3.076701965,10.59930862,walking
394,1.55965355644e+27,-1.466650085,1.43925705,4.778962097,walking
395,1.55965355644e+27,-1.843715973,0.2415975952,7.840844879,walking
396,1.55965355644e+27,-0.2034269714,-3.18268158,13.58200607,walking
397,1.55965355644e+27,-3.771856384,0.2640509033,13.30553101,walking
398,1.55965355644e+27,-3.181783447,0.7361691284,8.006699982,walking
399,1.55965355644e+27,-1.705852661,-0.09385482788,5.75208847,walking
400,1.55965355644e+27,-2.415377197,-0.516126709,7.879015503,walking
401,1.55965355644e+27,-3.27623703,-2.519410858,16.65406769,walking
402,1.55965355644e+27,-2.281256104,-0.7444020081,13.67122055,walking
403,1.55965355644e+27,-0.5490582275,-1.892963562,5.667664032,walking
404,1.55965355644e+27,-1.286275177,-2.21150116,4.784799957,walking
405,1.55965355644e+27,-2.460433502,-4.729415131,6.31491806,walking
406,1.55965355644e+27,-1.614991608,-0.3718267822,15.88466766,walking
407,1.55965355644e+27,-0.9101074219,-0.2320175171,10.20832169,walking
408,1.55965355644e+27,0.3418890381,0.6328839111,5.325924683,walking
409,1.55965355644e+27,-1.354682922,0.4144880676,7.538773041,walking
410,1.55965355644e+27,-3.233575745,-3.988755341,13.75848907,walking
411,1.55965355644e+27,-1.338067474,2.032922516,15.12844025,walking
412,1.55965355644e+27,-2.024839325,1.795815582,8.187673645,walking
413,1.55965355644e+27,-0.1354682922,1.967209167,4.882846069,walking
414,1.55965355644e+27,0.6587800598,0.01092727661,6.826703796,walking
415,1.55965355644e+27,-5.400918732,1.663490753,14.61575638,walking
416,1.55965355644e+27,-1.965562592,1.249002686,11.04627914,walking
417,1.55965355644e+27,0.1766326904,-0.333356781,5.219945068,walking
418,1.55965355644e+27,-1.364263,1.785037994,4.186344452,walking
419,1.55965355644e+27,-1.673968964,2.183509369,12.03227875,walking
420,1.55965355644e+27,-5.703439636,4.853806458,11.61898819,walking
421,1.55965355644e+27,-1.502276001,3.164120178,6.035598907,walking
422,1.55965355644e+27,-1.091380463,0.6379733276,6.046226807,walking
423,1.55965355644e+27,-4.581073608,-1.40288269,9.41796524,walking
424,1.55965355644e+27,-3.112627258,3.791764984,14.84732483,walking
425,1.55965355644e+27,-2.803669739,3.472628632,10.14290771,walking
426,1.55965355644e+27,-0.2353106689,1.513802032,5.157973938,walking
427,1.55965355644e+27,-0.1059796143,0.7126679993,8.673114166,walking
428,1.55965355644e+27,-4.800068207,3.49972229,14.16788773,walking
429,1.55965355644e+27,-0.6759942627,2.081271973,11.7342485,walking
430,1.55965355644e+27,-1.261127472,3.475622406,5.876629486,walking
431,1.55965355644e+27,0.1820214844,1.921404419,5.749094696,walking
432,1.55965355644e+27,2.120789795,-0.5676196289,9.105714569,walking
433,1.55965355644e+27,-2.552342377,3.154689789,13.7740567,walking
434,1.55965355644e+27,-1.22385498,2.500999146,7.745044098,walking
435,1.55965355644e+27,-1.000519409,0.2957849121,5.167853394,walking
436,1.55965355644e+27,-1.216220856,0.1583706665,8.21985672,walking
437,1.55965355644e+27,-0.3260220337,3.650159454,15.16212021,walking
438,1.55965355644e+27,-1.905986481,3.533551941,9.91298584,walking
439,1.55965355644e+27,-0.3758683777,2.019300842,5.3495755,walking
440,1.55965355644e+27,-0.2453398132,0.2158511353,7.245682526,walking
441,1.55965355644e+27,-2.324216766,-2.246678009,14.2306073,walking
442,1.55965355644e+27,-1.105301514,2.464475098,13.94814468,walking
443,1.55965355644e+27,-1.384021912,2.24188797,7.041058044,walking
444,1.55965355644e+27,0.1113684082,1.561253357,5.554050293,walking
445,1.55965355644e+27,1.279838562,0.2216889954,8.57087677,walking
446,1.55965355644e+27,-1.622176666,2.525548096,14.39661209,walking
447,1.55965355644e+27,-0.4257147217,1.658551025,10.47327072,walking
448,1.55965355644e+27,1.093176727,0.132923584,6.108497314,walking
449,1.55965355644e+27,-0.2124082947,1.089135132,9.741891632,walking
450,1.55965355644e+27,-1.885928192,0.6349795532,16.55781784,walking
451,1.55965355644e+27,-1.860930176,1.569336548,13.25837906,walking
452,1.55965355644e+27,0.09310638428,2.3635849,5.553301849,walking
453,1.55965355644e+27,-0.6975494385,0.5722599792,7.458240509,walking
454,1.55965355644e+27,-2.523153076,-0.8271798706,10.88641159,walking
455,1.55965355644e+27,-1.189576263,4.098177795,14.50214264,walking
456,1.55965355644e+27,-1.165925446,4.031266937,6.44604538,walking
457,1.55965355644e+27,-0.09849517822,1.001866608,6.144422607,walking
458,1.55965355644e+27,2.382894745,-0.6783892822,7.496261444,walking
459,1.55965355644e+27,-1.409768372,2.678529968,14.96213608,walking
460,1.55965355644e+27,-1.234033813,2.789748688,8.628357239,walking
461,1.55965355644e+27,-0.5620811462,0.3134481812,6.120472412,walking
462,1.55965355644e+27,-0.3911366272,0.05343887329,8.416847076,walking
463,1.55965355644e+27,1.755249939,4.514761505,13.10030777,walking
464,1.55965355644e+27,-1.527274017,4.462969208,8.566086731,walking
465,1.55965355644e+27,-0.2110610962,2.133962402,4.769531708,walking
466,1.55965355644e+27,-1.19227066,2.928659821,8.989107056,walking
467,1.55965355644e+27,-4.652475128,5.056185608,12.98983749,walking
468,1.55965355644e+27,-0.7409591675,3.046464844,11.73155411,walking
469,1.55965355644e+27,-0.757275238,2.825224915,5.184768219,walking
470,1.55965355644e+27,-2.199226685,2.393522644,7.201374664,walking
471,1.55965355644e+27,0.3974235535,0.04805007935,12.96409103,walking
472,1.55965355644e+27,-0.2609074402,3.88816452,12.5849295,walking
473,1.55965355644e+27,-2.301164703,2.453847198,11.08879074,walking
474,1.55965355644e+27,-1.651216278,1.312470703,5.106630707,walking
475,1.55965355644e+27,-1.423539734,0.2046244812,7.334298248,walking
476,1.55965355644e+27,-3.433709564,2.099683685,16.28912659,walking
477,1.55965355644e+27,-2.47121109,3.982318726,12.85377045,walking
478,1.55965355644e+27,-0.7676037598,2.417772217,6.016289062,walking
479,1.55965355644e+27,-0.09729766846,0.9533674622,6.427034912,walking
480,1.55965355644e+27,-3.426524506,0.4541555786,12.59196487,walking
481,1.55965355644e+27,-3.004851379,0.7743397522,14.87591537,walking
482,1.55965355644e+27,-1.325044556,3.403622131,5.370232544,walking
483,1.55965355644e+27,-0.05553451538,1.623823242,5.209766235,walking
484,1.55965355644e+27,1.405128021,-0.0375718689,7.398514709,walking
485,1.55965355644e+27,-0.6288423157,2.75322464,13.6957695,walking
486,1.55965355644e+27,-0.4525090027,2.13770462,8.918753357,walking
487,1.55965355644e+27,-0.247585144,0.9306147766,4.736749878,walking
488,1.55965355644e+27,-2.326312408,2.115700378,8.546776886,walking
489,1.55965355644e+27,1.166374512,5.906267853,12.77907578,walking
490,1.55965355644e+27,-0.5722599792,4.026177521,9.454489288,walking
491,1.55965355644e+27,0.7207511902,1.719773712,5.039270782,walking
492,1.55965355644e+27,1.735041962,2.658172302,6.181844788,walking
493,1.55965355644e+27,-2.626587982,3.67051712,13.52617218,walking
494,1.55965355644e+27,-1.181942139,4.472848663,10.36983582,walking
495,1.55965355644e+27,-0.5830375671,2.708916779,6.473139038,walking
496,1.55965355644e+27,-0.3353027344,1.752555542,7.345375214,walking
497,1.55965355644e+27,-1.213077393,4.607718201,12.5916655,walking
498,1.55965355644e+27,-1.55152359,4.576582947,11.16932327,walking
499,1.55965355644e+27,-0.008232879639,2.564916229,5.782624969,walking
500,1.55965355644e+27,-0.4677772522,1.238674164,8.894054718,walking
501,1.55965355644e+27,-3.423530731,4.287683716,14.57638824,walking
502,1.55965355644e+27,-0.3673361206,4.528682556,9.634714508,walking
503,1.55965355644e+27,-0.326920166,1.998793488,4.855453033,walking
504,1.55965355644e+27,-1.869911499,0.9162446594,8.848249969,walking
505,1.55965355644e+27,-2.020947418,3.158881073,16.01908813,walking
506,1.55965355644e+27,-1.675316162,4.709805908,11.23653351,walking
507,1.55965355644e+27,-0.4176315308,3.435805206,4.637506256,walking
508,1.55965355644e+27,-1.372046814,1.631906433,6.988367615,walking
509,1.55965355644e+27,-4.581223297,1.572779388,13.63559464,walking
510,1.55965355644e+27,-2.124082947,5.628595276,11.81073944,walking
511,1.55965355644e+27,-1.212328949,4.844226379,4.885390778,walking
512,1.55965355644e+27,-1.275198212,3.28446991,5.337001648,walking
513,1.55965355644e+27,0.7393125916,1.560804291,8.806636505,walking
514,1.55965355644e+27,-1.964215393,6.159541168,12.20561829,walking
515,1.55965355644e+27,-1.291663971,4.317172394,7.335795135,walking
516,1.55965355644e+27,-0.5800437927,2.330503693,4.790637817,walking
517,1.55965355644e+27,-1.523531799,1.17475708,9.631271667,walking
518,1.55965355644e+27,1.271455994,5.388045502,13.85683456,walking
519,1.55965355644e+27,-1.768123169,3.011886749,12.17987183,walking
520,1.55965355644e+27,0.1645079041,2.606380005,3.327430573,walking
521,1.55965355644e+27,-0.08502319336,0.8325686646,7.23460556,walking
522,1.55965355644e+27,-5.788163452,6.84032547,10.84030746,walking
523,1.55965355644e+27,-3.540737,5.275329895,12.10802124,walking
524,1.55965355644e+27,-0.3936813354,2.193688202,5.072651367,walking
525,1.55965355644e+27,-1.720372467,1.392853546,7.322622528,walking
526,1.55965355644e+27,-2.50519043,2.468965759,15.28411652,walking
527,1.55965355644e+27,-0.6837780762,1.986069946,11.89501419,walking
528,1.55965355644e+27,0.8312214661,1.704954529,4.221072235,walking
529,1.55965355644e+27,0.2237846375,-0.4581971741,8.785979462,walking
530,1.55965355644e+27,-2.829116821,-0.9783654785,16.16413651,walking
531,1.55965355644e+27,-0.4668791199,0.3300636292,12.24693237,walking
532,1.55965355644e+27,-0.6818321228,1.783092041,7.896229706,walking
533,1.55965355644e+27,-0.4468208313,1.673370209,5.90072937,walking
534,1.55965355644e+27,0.7875123596,-0.31943573,11.46316223,walking
535,1.55965355644e+27,-2.579735413,3.362457733,12.61381943,walking
536,1.55965355644e+27,-0.5180726624,3.016676788,5.930517426,walking
537,1.55965355644e+27,0.2314187622,-0.3049159241,6.404282227,walking
538,1.55965355644e+27,0.117355957,-1.861977997,12.40096207,walking
539,1.55965355644e+27,0.06496490479,1.853745117,13.53036346,walking
540,1.55965355644e+27,-1.927391968,3.988156586,6.683601379,walking
541,1.55965355644e+27,-0.2149530029,2.108365631,5.891897736,walking
542,1.55965355644e+27,-1.997745667,3.601959686,10.28122009,walking
543,1.55965355644e+27,-3.931424561,6.210135956,11.37918686,walking
544,1.55965355644e+27,-2.467618561,4.45099411,5.692662048,walking
545,1.55965355644e+27,-0.4234693909,1.09407486,7.298073578,walking
546,1.55965355644e+27,-2.047741699,-0.552052002,11.8072966,walking
547,1.55965355644e+27,-1.997595978,5.160518646,12.82667679,walking
548,1.55965355644e+27,-2.112107849,3.804338837,7.750582581,walking
549,1.55965355644e+27,-0.193996582,2.479144592,4.385879517,walking
550,1.55965355644e+27,1.714384918,0.5794450378,7.062014465,walking
551,1.55965355644e+27,-3.157683563,4.127965851,14.33404221,walking
552,1.55965355644e+27,-0.659229126,2.066303101,8.395890656,walking
553,1.55965355644e+27,-0.2332150269,0.6577322388,5.684728546,walking
554,1.55965355644e+27,-3.473826141,0.315693512,8.835975494,walking
555,1.55965355644e+27,-2.75082962,4.204905853,14.400504,walking
556,1.55965355644e+27,-1.97514267,3.067421265,7.945028229,walking
557,1.55965355644e+27,-0.3079096985,2.284249878,4.512216797,walking
558,1.55965355644e+27,-0.2037263489,0.5935157776,7.325616302,walking
559,1.55965355644e+27,-5.104385376,3.436104584,15.11421982,walking
560,1.55965355644e+27,-1.660047913,3.617527313,9.976004791,walking
561,1.55965355644e+27,-0.8458909607,1.811682587,6.095923462,walking
562,1.55965355644e+27,-4.501139832,1.625619507,8.038583679,walking
563,1.55965355644e+27,-4.16434021,2.423610077,14.95540009,walking
564,1.55965355644e+27,-2.227667542,1.795965271,10.25083328,walking
565,1.55965355644e+27,-0.07035369873,2.272125092,4.193230133,walking
566,1.55965355644e+27,-1.352138214,0.4851411438,7.862849121,walking
567,1.55965355644e+27,-5.999224548,-0.6189628601,15.62570618,walking
568,1.55965355644e+27,-2.252066803,3.524720306,12.23899887,walking
569,1.55965355644e+27,-1.300944672,2.952310638,6.688092041,walking
570,1.55965355644e+27,-0.5727090454,2.433639221,4.990771637,walking
571,1.55965355644e+27,0.6728507996,0.3097059631,10.22987686,walking
572,1.55965355644e+27,-4.117637329,2.45489502,13.63439713,walking
573,1.55965355644e+27,-2.318977661,2.827021179,7.900720367,walking
574,1.55965355644e+27,-1.603914642,-0.07439529419,6.999145203,walking
575,1.55965355644e+27,-2.516267395,-1.395098877,10.31355286,walking
576,1.55965355644e+27,-0.7463479614,1.470242615,15.99648514,walking
577,1.55965355644e+27,-0.8743318176,2.741848297,7.4172258,walking
578,1.55965355644e+27,-0.216000824,1.047970734,5.565576324,walking
579,1.55965355644e+27,-1.664688263,0.1910028076,6.593189392,walking
580,1.55965355644e+27,-7.415878601,-0.8286767578,16.37459885,walking
581,1.55965355644e+27,-3.683240662,2.265838165,9.482481079,walking
582,1.55965355644e+27,-1.202599182,1.826052704,4.9540979,walking
583,1.55965355644e+27,-3.44703186,3.136727142,8.220305786,walking
584,1.55965355644e+27,-2.628234558,6.147416382,13.78513367,walking
585,1.55965355644e+27,-3.282673645,4.874313812,9.940079498,walking
586,1.55965355644e+27,-0.4897814941,2.890489197,4.140240326,walking
587,1.55965355644e+27,-1.193917236,0.5554948425,7.450905762,walking
588,1.55965355644e+27,-5.601351929,0.8780740356,14.85989868,walking
589,1.55965355644e+27,-2.424657898,4.653972015,13.65879639,walking
590,1.55965355644e+27,-1.004261627,3.208877106,4.322411499,walking
591,1.55965355644e+27,-1.360520782,2.402354279,4.500690765,walking
592,1.55965355644e+27,-0.9337582397,0.7917036438,10.43569885,walking
593,1.55965355644e+27,-4.255051575,4.877457275,12.17777618,walking
594,1.55965355644e+27,-1.472188568,3.282224579,6.874454498,walking
595,1.55965355644e+27,-1.019080811,1.731299744,4.902155914,walking
596,1.55965355644e+27,-3.047662354,1.389710083,10.86081482,walking
597,1.55965355644e+27,-1.649420013,5.043312378,13.68065094,walking
598,1.55965355644e+27,-2.266137543,4.519701233,6.046376495,walking
599,1.55965355644e+27,-0.2933898926,2.527793427,4.429139557,walking
600,1.55965355644e+27,0.1028361511,0.4246669006,9.206305389,walking
601,1.55965355644e+27,-1.566342773,5.684429169,12.94687683,walking
602,1.55965355644e+27,-0.3833528137,2.506238251,8.718769226,walking
603,1.55965355644e+27,-0.1330732727,0.7183561707,5.731431427,walking
604,1.55965355644e+27,-1.734592896,-0.1969903564,9.693691864,walking
605,1.55965355644e+27,-0.880019989,3.39553894,13.64502502,walking
606,1.55965355644e+27,-1.817370758,3.025358734,10.50979477,walking
607,1.55965355644e+27,-0.7923023987,2.826272736,4.868176575,walking
608,1.55965355644e+27,0.6249504089,2.299518127,7.824229431,walking
609,1.55965355644e+27,-3.479664001,4.614304504,12.36758148,walking
610,1.55965355644e+27,-0.1999841309,2.683619385,12.34662506,walking
611,1.55965355644e+27,-0.1707948303,2.01256485,4.914729767,walking
612,1.55965355644e+27,-1.39943985,1.756597137,7.213050385,walking
613,1.55965355644e+27,-2.83046402,2.659968567,14.98788254,walking
614,1.55965355644e+27,-4.154760132,1.615440674,12.92981232,walking
615,1.55965355644e+27,-1.475631409,2.813848572,6.488556976,walking
616,1.55965355644e+27,-0.5135820007,0.4468208313,5.921685791,walking
617,1.55965355644e+27,-4.047583008,-0.4706213379,11.41960281,walking
618,1.55965355644e+27,-2.637964325,3.057990875,14.68670883,walking
619,1.55965355644e+27,-0.5304968262,3.011287994,6.09727066,walking
620,1.55965355644e+27,0.1631607056,1.520238647,5.395380249,walking
621,1.55965355644e+27,0.5701643372,0.2785707092,10.42462189,walking
622,1.55965355644e+27,-2.307900696,3.932023315,13.71822281,walking
623,1.55965355644e+27,-0.9743238831,3.142415314,7.361391907,walking
624,1.55965355644e+27,-0.1682501221,1.364412689,5.609285431,walking
625,1.55965355644e+27,-3.190615082,-0.02559677124,10.90467361,walking
626,1.55965355644e+27,-1.692829742,5.227130127,14.26922699,walking
627,1.55965355644e+27,-1.589245148,3.551065521,6.243965607,walking
628,1.55965355644e+27,-0.2001338196,2.926713867,4.052971802,walking
629,1.55965355644e+27,0.08337661743,0.7890092468,8.320896606,walking
630,1.55965355644e+27,-0.9544152832,4.723277893,12.80871414,walking
631,1.55965355644e+27,-1.144819336,3.27743454,9.309889984,walking
632,1.55965355644e+27,-1.827399902,1.926493835,7.193291473,walking
633,1.55965355644e+27,-3.484903107,0.4816983032,10.53254745,walking
634,1.55965355644e+27,-2.346221008,2.668051758,13.40986404,walking
635,1.55965355644e+27,-1.48251709,2.988235931,6.377637634,walking
636,1.55965355644e+27,-1.056652679,2.392025757,5.35436554,walking
637,1.55965355644e+27,-1.157692566,0.440533905,9.424252167,walking
638,1.55965355644e+27,-2.704875183,3.66003891,13.19970108,walking
639,1.55965355644e+27,-1.144669647,3.086282043,8.59782074,walking
640,1.55965355644e+27,-0.7387138367,1.321601715,5.789061584,walking
641,1.55965355644e+27,-2.666255493,1.320853271,8.82714386,walking
642,1.55965355644e+27,0.0643661499,4.919819183,13.1118338,walking
643,1.55965355644e+27,-1.186133423,3.492836609,8.824000397,walking
644,1.55965355644e+27,-0.0008981323242,1.850152588,5.341192932,walking
645,1.55965355644e+27,0.7467970276,1.985770569,7.362439728,walking
646,1.55965355644e+27,-0.5046006775,6.440506897,13.27918579,walking
647,1.55965355644e+27,-1.127156067,5.765560455,8.980874176,walking
648,1.55965355644e+27,-0.4601431274,1.537153473,5.291196899,walking
649,1.55965355644e+27,-3.238365784,3.113675079,6.830146637,walking
650,1.55965355644e+27,-1.931583252,7.102280731,15.56912384,walking
651,1.55965355644e+27,-0.2568658447,3.790567474,12.33749405,walking
652,1.55965355644e+27,0.6759942627,2.153272247,4.710853729,walking
653,1.55965355644e+27,0.393381958,1.100810852,8.551267548,walking
654,1.55965355644e+27,-1.263223114,1.969604187,14.01924683,walking
655,1.55965355644e+27,0.9991722107,2.75082962,12.10083618,walking
656,1.55965355644e+27,0.40251297,2.86549118,4.822371826,walking
657,1.55965355644e+27,-1.448388062,0.7394622803,8.278834076,walking
658,1.55965355644e+27,-2.360441437,-0.8409512329,16.69268738,walking
659,1.55965355644e+27,-1.347497864,1.788181458,12.04874451,walking
660,1.55965355644e+27,-1.892963562,4.395459595,5.139113159,walking
661,1.55965355644e+27,-0.6920109558,0.9846524048,7.891439667,walking
662,1.55965355644e+27,-0.6186634827,-1.345701599,14.48388062,walking
663,1.55965355644e+27,0.9536668396,2.311942291,11.17456238,walking
664,1.55965355644e+27,-1.004561005,3.283871155,4.504283295,walking
665,1.55965355644e+27,-1.073417816,-0.1193019104,9.153465271,walking
666,1.55965355644e+27,0.9627978516,-1.922302551,16.03270981,walking
667,1.55965355644e+27,1.970352631,0.675844574,7.270680542,walking
668,1.55965355644e+27,-0.9446855164,2.512525177,4.1432341,walking
669,1.55965355644e+27,-1.726060638,0.1908531189,7.922724609,walking
670,1.55965355644e+27,-1.031504974,-2.527044983,11.95893127,walking
671,1.55965355644e+27,-1.382225647,2.441572723,14.61366074,walking
672,1.55965355644e+27,-0.5411247253,3.476221161,7.2486763,walking
673,1.55965355644e+27,-0.2396516418,1.191821594,5.719456329,walking
674,1.55965355644e+27,-0.256716156,0.1667532349,9.40628952,walking
675,1.55965355644e+27,-0.4840933228,2.727328491,13.82599869,walking
676,1.55965355644e+27,-0.7981402588,1.216370544,7.538473663,walking
677,1.55965355644e+27,-1.118324432,0.7032376099,6.018235016,walking
678,1.55965355644e+27,-3.60390564,-0.5261558533,11.16483261,walking
679,1.55965355644e+27,-1.845362549,2.771336975,14.60183533,walking
680,1.55965355644e+27,-0.8051756287,4.209246826,5.150040436,walking
681,1.55965355644e+27,-0.03308120728,1.730700989,4.957241364,walking
682,1.55965355644e+27,0.2830613708,0.8192463684,8.97458725,walking
683,1.55965355644e+27,-5.134622498,6.054459686,13.59233459,walking
684,1.55965355644e+27,-2.044448547,3.440146179,9.289083252,walking
685,1.55965355644e+27,-0.9675878906,1.802102509,4.371958466,walking
686,1.55965355644e+27,-3.22474411,2.053130493,7.182813263,walking
687,1.55965355644e+27,-0.9063652039,5.380112,14.41682007,walking
688,1.55965355644e+27,-1.254541168,2.554737396,10.7747438,walking
689,1.55965355644e+27,0.5822891235,2.068548431,4.125570831,walking
690,1.55965355644e+27,-0.1963916016,-0.1730401611,8.696166229,walking
691,1.55965355644e+27,-2.686313782,-2.364932098,15.90816879,walking
692,1.55965355644e+27,-2.579735413,1.86272644,11.19911133,walking
693,1.55965355644e+27,-0.632434845,1.651815033,5.640420685,walking
694,1.55965355644e+27,-2.399360504,-0.1466949463,9.486971741,walking
695,1.55965355644e+27,-1.272354126,2.928959198,13.16976334,walking
696,1.55965355644e+27,-1.858684845,2.079475708,10.65214874,walking
697,1.55965355644e+27,-0.1371148682,2.539618835,4.849914551,walking
698,1.55965355644e+27,-0.2933898926,2.731968842,8.158035278,walking
699,1.55965355644e+27,-1.611099701,6.519991608,11.83708466,walking
700,1.55965355644e+27,0.07349716187,4.589156799,10.04126907,walking
701,1.55965355644e+27,0.6351292419,2.411634979,4.290527802,walking
702,1.55965355644e+27,-0.2671943665,3.244203644,6.774163055,walking
703,1.55965355644e+27,-1.295705566,4.732259216,14.57084976,walking
704,1.55965355644e+27,-0.240100708,2.149080963,11.07636658,walking
705,1.55965355644e+27,0.6677613831,2.158062286,4.138444061,walking
706,1.55965355644e+27,-0.2754272461,0.01362167358,8.177494812,walking
707,1.55965355644e+27,-4.065695343,-0.6339317322,15.64381851,walking
708,1.55965355644e+27,0.938997345,1.699116669,11.32260452,walking
709,1.55965355644e+27,0.3439846802,1.678609314,6.606960754,walking
710,1.55965355644e+27,-0.4161346436,2.090702362,6.873706055,walking
711,1.55965355644e+27,0.2484832764,1.26247467,12.23136475,walking
712,1.55965355644e+27,-1.940414886,1.629361725,14.02313873,walking
713,1.55965355644e+27,-0.8146060181,2.478096771,6.670279083,walking
714,1.55965355644e+27,-0.246537323,0.5631289673,5.81061676,walking
715,1.55965355644e+27,-2.772384796,-0.5529501343,10.26774811,walking
716,1.55965355644e+27,-2.254312134,4.062252502,14.07987076,walking
717,1.55965355644e+27,-1.293011169,3.773952026,5.516628113,walking
718,1.55965355644e+27,-0.2255809021,0.7298822021,4.579127655,walking
719,1.55965355644e+27,0.2941383362,-0.4715194702,6.928342438,walking
720,1.55965355644e+27,-2.872676239,4.929249573,12.87128403,walking
721,1.55965355644e+27,-0.9485774231,1.985770569,10.67340454,walking
722,1.55965355644e+27,0.004790039062,0.8391549683,4.82192276,walking
723,1.55965355644e+27,-1.899250488,0.8638536072,7.937394104,walking
724,1.55965355644e+27,-2.211201782,3.195255432,15.58798462,walking
725,1.55965355644e+27,-1.048569489,2.840343475,12.12463669,walking
726,1.55965355644e+27,0.4382885742,2.181413727,4.735103302,walking
727,1.55965355644e+27,0.4592449951,-1.002465363,8.061036987,walking
728,1.55965355644e+27,-3.862268372,-0.4180805969,15.41614197,walking
729,1.55965355644e+27,-0.7014413452,4.15146698,11.70281387,walking
730,1.55965355644e+27,-0.7210505676,3.204536133,5.190755768,walking
731,1.55965355644e+27,0.2014810181,1.831740875,5.710475006,walking
732,1.55965355644e+27,-0.01901046753,0.2519261169,9.701325989,walking
733,1.55965355644e+27,-2.876867523,3.250939636,13.24176361,walking
734,1.55965355644e+27,-1.618584137,2.640059967,7.459138641,walking
735,1.55965355644e+27,-0.1586700439,0.1511856079,7.38324646,walking
736,1.55965355644e+27,-2.318378906,1.224902802,8.08528656,walking
737,1.55965355644e+27,-1.065035248,7.14808548,14.39466614,walking
738,1.55965355644e+27,-0.6444099426,4.059408417,8.319100342,walking
739,1.55965355644e+27,0.001347198486,1.155447235,4.322561188,walking
740,1.55965355644e+27,0.8345146179,0.9463320923,7.897427216,walking
741,1.55965355644e+27,-3.200943604,4.061204681,12.84793259,walking
742,1.55965355644e+27,-2.552941132,2.781964874,9.774823151,walking
743,1.55965355644e+27,-0.5935157776,1.296004944,5.919141083,walking
744,1.55965355644e+27,-2.78600647,1.487606506,8.022417297,walking
745,1.55965355644e+27,-3.388054504,4.867727509,14.08451111,walking
746,1.55965355644e+27,-2.09100174,2.721490631,11.04074066,walking
747,1.55965355644e+27,-0.06840774536,1.422342224,5.26425293,walking
748,1.55965355644e+27,-0.3608995056,0.4502636719,7.554640045,walking
749,1.55965355644e+27,-4.766388245,4.157005463,13.38890762,walking
750,1.55965355644e+27,-1.872905273,2.779719543,12.0688028,walking
751,1.55965355644e+27,-0.4845423889,2.320474548,4.599934387,walking
752,1.55965355644e+27,-1.548380127,2.428250427,6.953340454,walking
753,1.55965355644e+27,-3.272943878,1.324296112,14.78999405,walking
754,1.55965355644e+27,-3.385509796,2.329006805,12.9631929,walking
755,1.55965355644e+27,-1.721869354,2.121987305,5.533542938,walking
756,1.55965355644e+27,-1.14197525,0.7168592834,6.621630249,walking
757,1.55965355644e+27,-3.921844482,-0.2532733154,12.20591766,walking
758,1.55965355644e+27,-2.843187561,3.948788452,14.11205383,walking
759,1.55965355644e+27,-0.8280780029,2.682721252,7.241790619,walking
760,1.55965355644e+27,-0.1525328064,1.780996399,4.585863647,walking
761,1.55965355644e+27,-0.8490344238,0.6682104492,9.722731476,walking
762,1.55965355644e+27,-3.19899765,2.047891388,13.10240341,walking
763,1.55965355644e+27,-3.790268097,2.940784607,7.902217255,walking
764,1.55965355644e+27,-2.644251251,2.355501709,5.40466095,walking
765,1.55965355644e+27,-3.416794739,0.1996847534,9.039552155,walking
766,1.55965355644e+27,-2.752476196,5.046904907,14.05502243,walking
767,1.55965355644e+27,-2.235601044,3.126997375,9.762249298,walking
768,1.55965355644e+27,-0.5905220032,2.324067078,3.781137085,walking
769,1.55965355644e+27,-0.1689985657,0.3664379883,7.719297638,walking
770,1.55965355644e+27,-4.189188538,4.485422516,12.28121109,walking
771,1.55965355644e+27,-2.603685608,2.85501297,13.19850357,walking
772,1.55965355644e+27,-0.5974076843,2.813249817,4.862638092,walking
773,1.55965355644e+27,-0.9401948547,2.926713867,6.847061462,walking
774,1.55965355644e+27,-2.58826767,1.350192261,14.39301956,walking
775,1.55965355644e+27,-3.605402527,4.139940948,14.05711807,walking
776,1.55965355644e+27,-1.977388,2.387235718,6.988816681,walking
777,1.55965355644e+27,-0.139360199,1.041085052,6.051914978,walking
778,1.55965355644e+27,-3.071762238,-0.6783892822,13.02935532,walking
779,1.55965355644e+27,-0.2905458069,2.530787201,12.85856049,walking
780,1.55965355644e+27,-0.04730163574,2.049088898,6.281687164,walking
781,1.55965355644e+27,-1.867217102,2.040706329,6.540498962,walking
782,1.55965355644e+27,-1.060245209,0.2076182556,15.60639633,walking
783,1.55965355644e+27,-1.247056732,3.212469635,12.94717621,walking
784,1.55965355644e+27,-0.5409750366,3.052003326,6.735543365,walking
785,1.55965355644e+27,-0.2097138977,0.835562439,6.461613007,walking
786,1.55965355644e+27,-0.1971400452,0.6673123169,10.89060287,walking
787,1.55965355644e+27,-1.382075958,5.154531097,13.51015549,walking
788,1.55965355644e+27,-0.5560935974,3.231180725,5.60943512,walking
789,1.55965355644e+27,-0.6509962463,2.050136719,3.938010864,walking
790,1.55965355644e+27,-1.673519897,-0.5013075256,10.52326675,walking
791,1.55965355644e+27,-2.516267395,1.924398193,11.07786346,walking
792,1.55965355644e+27,-2.347717896,2.678230591,9.731263733,walking
793,1.55965355644e+27,0.8223898315,-1.211131439,5.810916138,walking
794,1.55965355644e+27,-2.569257202,0.00628692627,8.241112518,walking
795,1.55965355644e+27,-1.626966705,6.276897125,12.18630844,walking
796,1.55965355644e+27,-0.8066725159,3.379671936,7.83021698,walking
797,1.55965355644e+27,-0.2586621094,1.61588974,5.26649826,walking
798,1.55965355644e+27,1.022373962,0.2017803955,7.847880249,walking
799,1.55965355644e+27,-0.8857081604,3.686833191,14.54285797,walking
800,1.55965355644e+27,-0.9627978516,1.649719391,9.662706299,walking
801,1.55965355644e+27,-0.6535409546,0.6502478027,5.406756592,walking
802,1.55965355644e+27,-3.626658325,-0.3972738647,7.589816895,walking
803,1.55965355644e+27,-2.83166153,2.378254395,14.48133591,walking
804,1.55965355644e+27,-2.108215942,1.467398529,9.667646027,walking
805,1.55965355644e+27,-0.7623646545,1.770667877,4.889132996,walking
806,1.55965355644e+27,0.2389031982,1.037043457,7.142097931,walking
807,1.55965355644e+27,-2.622995453,4.019740906,12.21130646,walking
808,1.55965355644e+27,-1.14901062,2.93569519,11.48711243,walking
809,1.55965355644e+27,-0.01347198486,1.464704132,5.507347412,walking
810,1.55965355644e+27,-1.689536591,3.012335815,6.755751343,walking
811,1.55965355644e+27,0.5046006775,2.096689911,14.30320633,walking
812,1.55965355644e+27,-1.783840485,4.608017578,12.31653763,walking
813,1.55965355644e+27,-2.01600769,3.608096924,7.754624176,walking
814,1.55965355644e+27,0.5230123901,2.349963226,6.278992767,walking
815,1.55965355644e+27,0.5607339478,-3.301085358,15.06227783,walking
816,1.55965355644e+27,0.1537303162,3.647315369,14.04693924,walking
817,1.55965355644e+27,-0.09175918579,3.174897766,10.47641418,walking
818,1.55965355644e+27,0.2704875183,1.717528381,5.823939056,walking
819,1.55965355644e+27,0.374072113,0.4299060059,6.925648041,walking
820,1.55965355644e+27,-3.146456909,1.406026154,14.64823883,walking
821,1.55965355644e+27,-1.408870239,4.346661072,12.46218475,walking
822,1.55965355644e+27,-0.1691482544,1.747017059,6.317013702,walking
823,1.55965355644e+27,0.1812730408,1.875749359,5.874833221,walking
824,1.55965355644e+27,0.3291654968,0.3544628906,12.18002151,walking
825,1.55965355644e+27,-3.757336578,3.635789337,15.16002457,walking
826,1.55965355644e+27,0.1568737793,2.140399017,3.970343628,walking
827,1.55965355644e+27,0.300125885,0.003592529297,6.957232361,walking
828,1.55965355644e+27,-3.880979462,0.5322930908,14.64299973,walking
829,1.55965355644e+27,0.08217910767,4.407135315,15.11826141,walking
830,1.55965355644e+27,0.01017883301,2.373913422,6.628366241,walking
831,1.55965355644e+27,1.520238647,1.795516205,4.872517548,walking
832,1.55965355644e+27,3.452121277,-1.889071655,11.77885574,walking
833,1.55965355644e+27,2.716251526,2.361040192,12.79628998,walking
834,1.55965355644e+27,2.432142334,1.788181458,5.783822479,walking
835,1.55965355644e+27,1.825753326,-0.3606001282,6.925049286,walking
836,1.55965355644e+27,-0.2273771667,-1.088835754,11.9652182,walking
837,1.55965355644e+27,-0.3911366272,5.462889862,14.56411377,walking
838,1.55965355644e+27,0.416434021,3.708837433,8.245902557,walking
839,1.55965355644e+27,-1.188229065,2.898123322,3.460803223,walking
840,1.55965355644e+27,1.170865173,1.437909851,7.741750946,walking
841,1.55965355644e+27,-2.041305084,4.713398438,14.75017685,walking
842,1.55965355644e+27,-0.7352709961,1.812730408,9.067394257,walking
843,1.55965355644e+27,-0.5417234802,0.8973838806,6.103557587,walking
844,1.55965355644e+27,-2.640509033,1.192570038,9.250463562,walking
845,1.55965355644e+27,-1.530267792,5.194348297,14.38897797,walking
846,1.55965355644e+27,-1.072070618,3.544329529,5.608836365,walking
847,1.55965355644e+27,-0.3432362366,2.689307556,4.901706848,walking
848,1.55965355644e+27,1.044527893,0.918639679,8.95812149,walking
849,1.55965355644e+27,-1.093326416,4.099375305,12.88819885,walking
850,1.55965355644e+27,-2.045496368,3.079096985,5.922284546,walking
851,1.55965355644e+27,-0.5168751526,0.4056564331,7.265441437,walking
852,1.55965355644e+27,-4.822222137,-2.191143494,13.40552307,walking
853,1.55965355644e+27,-3.474724274,2.705923004,14.90390717,walking
854,1.55965355644e+27,0.02978805542,1.656455383,5.628744965,walking
855,1.55965355644e+27,-1.953886871,2.253264313,4.964127045,walking
856,1.55965355644e+27,-1.480421448,0.4800517273,14.30455353,walking
857,1.55965355644e+27,-2.694846039,1.895358582,13.9704483,walking
858,1.55965355644e+27,0.0730480957,2.23140976,4.672982483,walking
859,1.55965355644e+27,0.8547225952,-0.1083746338,7.877817993,walking
860,1.55965355644e+27,-1.674717407,4.155957642,13.84860168,walking
861,1.55965355644e+27,-2.274520111,2.818039856,8.822054443,walking
862,1.55965355644e+27,-0.6707551575,1.326990509,5.861810303,walking
863,1.55965355644e+27,-2.856659546,0.374072113,9.761051788,walking
864,1.55965355644e+27,-0.7891589355,5.956263885,14.58102859,walking
865,1.55965355644e+27,-0.5197192383,3.875740356,7.975415039,walking
866,1.55965355644e+27,0.2597099304,1.605112152,5.155728607,walking
867,1.55965355644e+27,2.476899261,2.256407776,6.603368225,walking
868,1.55965355644e+27,-4.090094604,2.932701416,15.54203018,walking
869,1.55965355644e+27,-1.994901581,1.804497528,7.065606995,walking
870,1.55965355644e+27,-1.092577972,0.5574407959,6.591243439,walking
871,1.55965355644e+27,-2.090103607,-0.5822891235,9.332343292,walking
872,1.55965355644e+27,-1.181193695,5.44792099,13.29041245,walking
873,1.55965355644e+27,-1.576671295,3.395688629,8.755442963,walking
874,1.55965355644e+27,-0.3261717224,2.230960693,4.855453033,walking
875,1.55965355644e+27,0.1850152588,1.729802856,7.639214172,walking
876,1.55965355644e+27,-2.635868683,3.508703613,13.49907852,walking
877,1.55965355644e+27,-1.823507996,2.377505951,10.23915756,walking
878,1.55965355644e+27,-0.2767744446,1.541344757,6.937323761,walking
879,1.55965355644e+27,-2.340832214,2.444416809,9.822274475,walking
880,1.55965355644e+27,-1.347348175,5.157674561,13.62451767,walking
881,1.55965355644e+27,-1.87799469,4.251159668,9.358688507,walking
882,1.55965355644e+27,-0.1588197327,2.320773926,4.76459198,walking
883,1.55965355644e+27,-0.1489402771,0.8190966797,9.457333374,walking
884,1.55965355644e+27,-3.18028656,3.855981445,13.22140594,walking
885,1.55965355644e+27,-0.3450325012,2.723586273,11.49444717,walking
886,1.55965355644e+27,-0.9011260986,2.433190155,4.852010193,walking
887,1.55965355644e+27,-2.891087952,1.418450317,8.085885315,walking
888,1.55965355644e+27,-0.5409750366,3.218008118,12.6353746,walking
889,1.55965355644e+27,-1.3350737,3.220702515,9.015152893,walking
890,1.55965355644e+27,-0.9295669556,2.075434113,6.939868469,walking
891,1.55965355644e+27,1.324296112,2.277663574,8.312963104,walking
892,1.55965355644e+27,-2.242337036,2.676434326,11.52752838,walking
893,1.55965355644e+27,-1.811083832,3.073708191,8.035290527,walking
894,1.55965355644e+27,-1.77620636,0.2278262329,8.948541412,walking
895,1.55965355644e+27,-4.020189972,-0.2127076721,13.12590454,walking
896,1.55965355644e+27,-1.650018768,3.212319946,12.38689133,walking
897,1.55965355644e+27,-0.6706054688,3.085832977,5.061724091,walking
898,1.55965355644e+27,-1.655856628,2.375410309,5.991590424,walking
899,1.55965355644e+27,-1.569935303,-0.5578898621,14.62159424,walking
900,1.55965355644e+27,-2.39516922,2.513872375,12.30052094,walking
901,1.55965355644e+27,-1.126257935,2.250869293,5.437293091,walking
902,1.55965355644e+27,-1.284329224,0.5382806396,7.668553162,walking
903,1.55965355644e+27,-5.426665192,-0.4610412598,15.50655396,walking
904,1.55965355644e+27,-1.769769745,2.781665497,11.97135544,walking
905,1.55965355644e+27,-1.055155792,3.253484344,3.430117035,walking
906,1.55965355644e+27,-2.455493774,2.866239624,7.779472504,walking
907,1.55965355644e+27,-2.915337524,-0.2586621094,16.89341995,walking
908,1.55965355644e+27,-2.484234009,3.428470459,12.61247223,walking
909,1.55965355644e+27,-0.5474116516,2.847827911,4.396507416,walking
910,1.55965355644e+27,-1.467099152,0.6951544189,8.79555954,walking
911,1.55965355644e+27,-4.878205719,3.19315979,13.84770355,walking
912,1.55965355644e+27,-1.783840485,2.594255219,10.14260834,walking
913,1.55965355644e+27,-0.9060658264,0.7066804504,7.237898712,walking
914,1.55965355644e+27,-3.21067337,-0.8319699097,10.81935104,walking
915,1.55965355644e+27,-3.156036987,1.549278259,14.37400909,walking
916,1.55965355644e+27,-1.43446701,3.157384186,5.455704803,walking
917,1.55965355644e+27,-1.930984497,1.276246033,7.108417969,walking
918,1.55965355644e+27,-2.897823944,1.237177277,13.3109198,walking
919,1.55965355644e+27,-1.932032318,2.494712219,11.55447235,walking
920,1.55965355644e+27,-1.802850952,2.257605286,5.455854492,walking
921,1.55965355644e+27,0.008382568359,-0.00853225708,8.441994781,walking
922,1.55965355644e+27,-1.370250549,0.9059161377,12.67040176,walking
923,1.55965355644e+27,-0.8786727905,1.587598572,7.294780426,walking
924,1.55965355644e+27,-2.576741638,0.7363188171,6.615343323,walking
925,1.55965355644e+27,-2.768193512,0.3827540588,10.58209442,walking
926,1.55965355644e+27,-3.99818573,2.603086853,7.644303589,walking
927,1.55965355644e+27,-2.061213684,2.007325745,8.307274933,walking
928,1.55965355644e+27,0.8342152405,-3.547622681,12.76201126,walking
929,1.55965355644e+27,-1.284179535,2.617007904,12.48523682,walking
930,1.55965355644e+27,-2.045945435,4.610861664,5.2115625,walking
931,1.55965355644e+27,-1.773961029,4.556075592,8.269104309,walking
932,1.55965355644e+27,0.7373666382,7.756121063,10.22209305,walking
933,1.55965355644e+27,1.332379303,3.674858093,7.929759979,walking
934,1.55965355644e+27,-3.90223526,2.077380066,7.160659332,walking
935,1.55965355644e+27,-4.00641861,4.690046997,11.96536789,walking
936,1.55965355644e+27,-2.521057434,4.659360809,8.948691101,walking
937,1.55965355644e+27,-1.096769257,2.060165863,6.594386902,walking
938,1.55965355644e+27,0.7384144592,1.534908142,7.518864441,walking
939,1.55965355644e+27,-2.12842392,5.004542999,13.22784256,walking
940,1.55965355644e+27,-2.706970825,4.41357193,8.189020844,walking
941,1.55965355644e+27,-0.6753955078,1.403780823,5.690566406,walking
942,1.55965355644e+27,-2.981649628,0.5267546082,11.08055786,walking
943,1.55965355644e+27,-3.011437683,5.849685516,13.2910112,walking
944,1.55965355644e+27,-1.19586319,3.485052795,5.647456055,walking
945,1.55965355644e+27,-2.792293396,0.6256988525,7.752378845,walking
946,1.55965355644e+27,-1.403930511,4.206851807,13.03669006,walking
947,1.55965355644e+27,-0.769100647,3.015479279,10.15353561,walking
948,1.55965355644e+27,0.08412506104,1.523382111,6.675218811,walking
949,1.55965355644e+27,1.507964172,-0.3318598938,12.42610977,walking
950,1.55965355644e+27,-0.4742138672,3.447929993,11.24222168,walking
951,1.55965355644e+27,-1.483265533,1.547481995,7.677983551,walking
952,1.55965355644e+27,-0.5668711853,1.257684631,7.997419281,walking
953,1.55965355644e+27,-2.038760376,2.372865601,12.33330276,walking
954,1.55965355644e+27,-2.613415375,1.434317322,10.01597168,walking
955,1.55965355644e+27,0.4267625427,1.861977997,4.7762677,walking
956,1.55965355644e+27,-0.4043092346,2.68766098,7.276219025,walking
957,1.55965355644e+27,0.5254074097,1.662143555,15.21451126,walking
958,1.55965355644e+27,-0.008232879639,2.008223877,9.423503723,walking
959,1.55965355644e+27,0.4080514526,0.6450086975,5.37771698,walking
960,1.55965355644e+27,0.9494755554,-0.8563691711,6.431076508,walking
961,1.55965355644e+27,-0.6834786987,-0.55579422,14.6141098,walking
962,1.55965355644e+27,-2.55892868,0.3351530457,11.14417557,walking
963,1.55965355644e+27,-1.887275391,0.6715036011,6.49274826,walking
964,1.55965355644e+27,-4.171525269,-3.304528198,11.76328812,walking
965,1.55965355644e+27,-5.072950745,3.885170746,14.76903763,walking
966,1.55965355644e+27,-1.07296875,2.870580597,4.260440369,walking
967,1.55965355644e+27,-2.016157379,1.143322449,4.909790039,walking
968,1.55965355644e+27,-2.186353455,-1.004561005,14.04663986,walking
969,1.55965355644e+27,-1.865869904,1.784588928,12.60992752,walking
970,1.55965355644e+27,-0.5721102905,1.005010071,4.975653076,walking
971,1.55965355644e+27,0.1059796143,1.56319931,5.218747559,walking
972,1.55965355644e+27,-4.433929596,5.218298492,9.6812677,walking
973,1.55965355644e+27,-1.626218262,4.140240326,11.12576385,walking
974,1.55965355644e+27,-1.653012543,2.286794586,5.285808105,walking
975,1.55965355644e+27,-4.379143524,1.86392395,6.42374176,walking
976,1.55965355644e+27,-6.251300354,5.088518372,15.12125519,walking
977,1.55965355644e+27,-3.086132355,4.285288696,10.84285217,walking
978,1.55965355644e+27,-0.916993103,2.477797394,4.668491821,walking
979,1.55965355644e+27,0.08951385498,-0.5740562439,7.939789124,walking
980,1.55965355644e+27,-3.831282806,2.303260345,14.81124985,walking
981,1.55965355644e+27,-0.6577322388,2.763253784,12.82278488,walking
982,1.55965355644e+27,-1.119222565,1.744771729,6.60860733,walking
983,1.55965355644e+27,-1.4837146,2.221081238,6.234984283,walking
984,1.55965355644e+27,-3.027604065,3.447480927,13.91775787,walking
985,1.55965355644e+27,-3.320095825,1.61469223,13.97164581,walking
986,1.55965355644e+27,-1.921404419,2.686164093,5.886359253,walking
987,1.55965355644e+27,-0.264200592,0.385897522,6.898554382,walking
988,1.55965355644e+27,-3.337459717,0.3031196594,13.41420502,walking
989,1.55965355644e+27,-0.4739144897,3.155288544,12.97696426,walking
990,1.55965355644e+27,-0.5183720398,3.276087341,6.590195618,walking
991,1.55965355644e+27,-2.208058319,2.604883118,3.89055954,walking
992,1.55965355644e+27,-1.704655151,0.1796264648,10.68627777,walking
993,1.55965355644e+27,-2.699486389,0.8672964478,13.99260223,walking
994,1.55965355644e+27,-1.65331192,3.645219727,6.027964783,walking
995,1.55965355644e+27,-1.171164551,0.7366181946,6.737489319,walking
996,1.55965355644e+27,-3.293900299,-1.80659317,10.28930328,walking
997,1.55965355644e+27,-0.260458374,2.360890503,15.63378937,walking
998,1.55965355644e+27,-1.214125214,3.366050262,8.319848785,walking
999,1.55965355644e+27,-1.182091827,1.292412415,6.74677002,walking
1000,1.55965355644e+27,-2.627186737,1.869163055,9.785301361,walking
1001,1.55965355644e+27,-2.513273621,5.411396942,10.43180695,walking
1002,1.55965355644e+27,3.23761734,5.200934601,5.381459198,walking
1003,1.55965355644e+27,5.425916748,3.580554199,2.677482147,walking
1004,1.55965355644e+27,8.912316742,2.995121613,0.08277786255,walking
1005,1.55965355644e+27,13.02845718,3.560196533,-5.193150787,walking
1006,1.55965355644e+27,8.019872589,3.606600037,-0.962049408,walking
1007,1.55965355644e+27,4.639452209,3.257076874,-1.703158264,walking
1008,1.55965355644e+27,7.73546402,3.318149872,-1.085692291,walking
1009,1.55965355644e+27,13.84935013,-0.8502319336,2.964136047,walking
1010,1.55965355644e+27,10.54272629,0.3056643677,3.499273224,walking
1011,1.55965355644e+27,4.213737488,2.256557465,1.545985107,walking
1012,1.55965355644e+27,5.423521729,2.039808197,3.438050537,walking
1013,1.55965355644e+27,15.28396683,4.189787292,6.556665344,walking
1014,1.55965355644e+27,9.712103577,4.23574173,4.035308533,walking
1015,1.55965355644e+27,4.223317566,1.98098053,-0.6406677246,walking
1016,1.55965355644e+27,6.205794983,0.09610015869,-0.2948867798,walking
1017,1.55965355644e+27,13.27215042,2.177222443,5.898334351,walking
1018,1.55965355644e+27,3.467539215,9.245074768,6.814878387,walking
1019,1.55965355644e+27,-0.6423143005,4.39486084,2.790946198,walking
1020,1.55965355644e+27,1.197210388,4.593497772,7.475604401,walking
1021,1.55965355644e+27,13.74142456,0.4032614136,8.955427094,walking
1022,1.55965355644e+27,11.51285889,4.791386261,8.414751434,walking
1023,1.55965355644e+27,5.167703705,4.246369629,2.250869293,walking
1024,1.55965355644e+27,6.718329163,1.957180023,3.031346283,walking
1025,1.55965355644e+27,9.115893402,2.175875244,1.600022736,walking
1026,1.55965355644e+27,7.911947021,9.043294373,3.618874512,walking
1027,1.55965355644e+27,7.635022888,6.704707489,5.382806396,walking
1028,1.55965355644e+27,3.688030701,3.80508728,1.941612396,walking
1029,1.55965355644e+27,4.4405159,4.669988708,2.711910553,walking
1030,1.55965355644e+27,8.086633759,9.475146332,6.42374176,walking
1031,1.55965355644e+27,8.985664215,6.122717743,3.990252228,walking
1032,1.55965355644e+27,2.126178589,3.90343277,1.408570862,walking
1033,1.55965355644e+27,5.234464874,3.970942383,3.970643005,walking
1034,1.55965355644e+27,11.70580765,9.12906601,8.177494812,walking
1035,1.55965355644e+27,7.313341827,6.157595215,3.840563507,walking
1036,1.55965355644e+27,5.60239975,3.105292511,1.755249939,walking
1037,1.55965355644e+27,8.302634583,1.803000641,2.769690399,walking
1038,1.55965355644e+27,10.02914429,5.443729706,5.180427246,walking
1039,1.55965355644e+27,7.25690918,4.432432709,4.475243683,walking
1040,1.55965355644e+27,9.350455627,5.121150513,5.762416992,walking
1041,1.55965355644e+27,10.01103195,1.881886597,3.14989975,walking
1042,1.55965355644e+27,9.690997467,1.406774597,-1.609453125,walking
1043,1.55965355644e+27,8.51354599,-0.1372645569,-5.545368347,walking
1044,1.55965355644e+27,7.857011261,2.072440338,-3.855532379,walking
1045,1.55965355644e+27,10.08183472,-1.172062683,-7.22173233,walking
1046,1.55965355644e+27,7.849826202,0.5435197449,-4.880750427,walking
1047,1.55965355644e+27,8.427774353,2.10971283,3.606899414,walking
1048,1.55965355644e+27,7.423812103,9.683063965,0.4233197021,walking
1049,1.55965355644e+27,12.42221786,0.9599537659,2.799777832,walking
1050,1.55965355644e+27,4.439019012,1.374292145,-0.5674699402,walking
1051,1.55965355644e+27,9.882000275,-1.311273193,-1.776805115,walking
1052,1.55965355644e+27,11.24297012,-0.007634124756,2.655627594,walking
1053,1.55965355644e+27,6.838080139,2.484383698,3.05035675,walking
1054,1.55965355644e+27,7.535629578,-2.03831131,0.6635700989,walking
1055,1.55965355644e+27,15.17664001,-2.859353943,2.467618561,walking
1056,1.55965355644e+27,9.241931305,1.659299469,1.031055908,walking
1057,1.55965355644e+27,8.623716888,-0.5038522339,0.9488768005,walking
1058,1.55965355644e+27,8.365204468,-2.123035126,3.817511444,walking
1059,1.55965355644e+27,12.86379959,3.749403076,4.094585266,walking
1060,1.55965355644e+27,5.126389618,1.774709473,1.152004395,walking
1061,1.55965355644e+27,6.106401672,-0.7131170654,2.851270752,walking
1062,1.55965355644e+27,11.10480743,6.705156555,2.724334717,walking
1063,1.55965355644e+27,7.887248383,1.231638794,2.45953537,walking
1064,1.55965355644e+27,4.609963531,2.267484741,1.34210907,walking
1065,1.55965355644e+27,10.52191956,-1.676363983,5.572012939,walking
1066,1.55965355644e+27,12.69360352,2.208507385,5.173990631,walking
1067,1.55965355644e+27,6.764882355,2.497107239,2.374362488,walking
1068,1.55965355644e+27,8.609795837,0.3957769775,3.411555634,walking
1069,1.55965355644e+27,14.12986679,4.116589508,6.86367691,walking
1070,1.55965355644e+27,5.450166321,3.737128601,3.033292236,walking
1071,1.55965355644e+27,10.88072342,1.613644409,7.319179688,walking
1072,1.55965355644e+27,7.242239685,3.709585876,3.231629791,walking
1073,1.55965355644e+27,7.373217316,1.51529892,5.329517212,walking
1074,1.55965355644e+27,7.409441986,4.877307587,4.53646637,walking
1075,1.55965355644e+27,9.942773895,2.669249268,7.350314941,walking
1076,1.55965355644e+27,6.396947479,3.766766968,3.311114502,walking
1077,1.55965355644e+27,10.93790451,5.317093048,5.533692627,walking
1078,1.55965355644e+27,5.232818298,3.793710938,3.653901672,walking
1079,1.55965355644e+27,7.846682739,4.759502563,3.860023041,walking
1080,1.55965355644e+27,4.852758636,3.656147003,2.576591949,walking
1081,1.55965355644e+27,8.165819092,3.771407318,3.161425781,walking
1082,1.55965355644e+27,9.100026398,5.0536409,5.122497711,walking
1083,1.55965355644e+27,-1.077459412,5.328170013,6.694678345,walking
1084,1.55965355644e+27,-0.599203949,6.966213684,8.019124146,walking
1085,1.55965355644e+27,6.480473785,2.255659332,5.112169189,walking
1086,1.55965355644e+27,11.19297409,-0.1083746338,2.119741974,walking
1087,1.55965355644e+27,6.395899658,2.530188446,3.035387878,walking
1088,1.55965355644e+27,12.0688028,4.321962433,2.582579498,walking
1089,1.55965355644e+27,5.345234528,5.428162079,3.402873688,walking
1090,1.55965355644e+27,5.31574585,4.957391052,3.016826477,walking
1091,1.55965355644e+27,8.279133453,5.469925232,5.733676758,walking
1092,1.55965355644e+27,6.747069397,6.457571411,4.90260498,walking
1093,1.55965355644e+27,4.347110138,3.957021332,2.814297638,walking
1094,1.55965355644e+27,8.287815399,3.494183807,4.776866455,walking
1095,1.55965355644e+27,11.48516647,6.790479126,8.568631439,walking
1096,1.55965355644e+27,4.818928986,4.091591492,2.839445343,walking
1097,1.55965355644e+27,7.684569855,2.901117096,4.511767731,walking
1098,1.55965355644e+27,15.55804688,3.927083588,8.766819305,walking
1099,1.55965355644e+27,5.562881927,5.127736816,3.003953247,walking
1100,1.55965355644e+27,5.402415619,3.079246674,3.574117584,walking
1101,1.55965355644e+27,7.345075836,3.761228485,6.482419739,walking
1102,1.55965355644e+27,7.763156433,7.50030304,4.10236908,walking
1103,1.55965355644e+27,4.40653656,3.627706146,2.355202332,walking
1104,1.55965355644e+27,7.945626984,6.239025879,7.691605225,walking
1105,1.55965355644e+27,5.982160034,5.511838074,2.077679443,walking
1106,1.55965355644e+27,11.79981216,4.299209747,9.31976944,walking
1107,1.55965355644e+27,6.055357819,4.540507965,3.528312836,walking
1108,1.55965355644e+27,5.48534317,2.448308716,5.097799072,walking
1109,1.55965355644e+27,4.92371109,8.553213501,5.759423218,walking
1110,1.55965355644e+27,4.545597382,5.877677307,6.957831116,walking
1111,1.55965355644e+27,1.263372803,6.452182617,7.739655304,walking
1112,1.55965355644e+27,3.720064087,6.294560394,2.988984375,walking
1113,1.55965355644e+27,9.980944519,3.326233063,4.665048981,walking
1114,1.55965355644e+27,2.689307556,5.837860107,4.692741394,walking
1115,1.55965355644e+27,5.079686737,3.758085022,5.602699127,walking
1116,1.55965355644e+27,9.424252167,8.123606873,8.894803162,walking
1117,1.55965355644e+27,5.024900665,5.807473297,3.669918365,walking
1118,1.55965355644e+27,4.354444885,4.13979126,3.9255867,walking
1119,1.55965355644e+27,6.634054413,7.888296204,7.326813812,walking
1120,1.55965355644e+27,6.44948822,7.533234558,6.181246033,walking
1121,1.55965355644e+27,4.39950119,3.386108551,3.423830109,walking
1122,1.55965355644e+27,4.529281311,2.124082947,6.045628052,walking
1123,1.55965355644e+27,8.229736176,7.073989563,6.123615875,walking
1124,1.55965355644e+27,6.290518799,4.682861938,4.248764648,walking
1125,1.55965355644e+27,4.454287262,3.794758759,3.476819916,walking
1126,1.55965355644e+27,10.07929001,2.750530243,5.184917908,walking
1127,1.55965355644e+27,8.453221436,1.410965881,4.246968384,walking
1128,1.55965355644e+27,5.172044678,4.013004913,2.813100128,walking
1129,1.55965355644e+27,9.823921051,5.279820557,3.752995605,walking
1130,1.55965355644e+27,4.999902649,4.217928772,3.784280548,walking
1131,1.55965355644e+27,9.908644867,1.736538849,7.58098526,walking
1132,1.55965355644e+27,11.37948624,6.59229126,5.873486023,walking
1133,1.55965355644e+27,6.555318146,2.773881683,2.091600494,walking
1134,1.55965355644e+27,7.745193787,1.406924286,3.538491669,walking
1135,1.55965355644e+27,11.43651764,7.050189056,4.182901611,walking
1136,1.55965355644e+27,6.072422333,3.431613922,1.90957901,walking
1137,1.55965355644e+27,3.889811096,2.30041626,0.7601193237,walking
1138,1.55965355644e+27,10.89913513,-0.4728666687,3.248694305,walking
1139,1.55965355644e+27,14.46696579,3.051105194,4.986580353,walking
1140,1.55965355644e+27,6.024671631,3.145259399,2.254461823,walking
1141,1.55965355644e+27,5.641767883,1.530118103,4.66280365,walking
1142,1.55965355644e+27,11.96327225,-2.581531677,5.626499634,walking
1143,1.55965355644e+27,15.57645859,2.865940247,8.365503845,walking
1144,1.55965355644e+27,5.465883636,4.464466095,2.936144257,walking
1145,1.55965355644e+27,4.191433868,3.544928284,3.040926361,walking
1146,1.55965355644e+27,11.18578903,0.5243595886,4.58795929,walking
1147,1.55965355644e+27,13.64367783,-1.613644409,2.293530579,walking
1148,1.55965355644e+27,4.424349518,2.585573273,0.1787283325,walking
1149,1.55965355644e+27,5.726641388,0.5983058167,0.1184037781,walking
1150,1.55965355644e+27,15.66208054,-0.7158114624,7.755821686,walking
1151,1.55965355644e+27,13.8656662,4.300856323,6.653963013,walking
1152,1.55965355644e+27,4.79497879,1.66618515,-0.4703219604,walking
1153,1.55965355644e+27,4.645888824,2.71340744,1.266815643,walking
1154,1.55965355644e+27,15.28246994,-2.398612061,4.351301422,walking
1155,1.55965355644e+27,12.28570175,4.11524231,4.584516449,walking
1156,1.55965355644e+27,5.113516388,3.352129211,1.44853775,walking
1157,1.55965355644e+27,7.535779266,0.846789093,2.489024048,walking
1158,1.55965355644e+27,14.21384216,-0.5854325867,9.315278778,walking
1159,1.55965355644e+27,12.95720535,4.89212677,4.679868164,walking
1160,1.55965355644e+27,4.431833954,4.127965851,1.698817291,walking
1161,1.55965355644e+27,6.003415833,2.345921631,1.867217102,walking
1162,1.55965355644e+27,12.94627808,-1.534309387,3.114124146,walking
1163,1.55965355644e+27,14.76110413,0.2321672058,4.232298889,walking
1164,1.55965355644e+27,5.559888153,2.670297089,1.234931946,walking
1165,1.55965355644e+27,7.767347717,-0.2216889954,1.168769531,walking
1166,1.55965355644e+27,12.875625,-1.72935379,3.53130661,walking
1167,1.55965355644e+27,11.94411209,6.781946869,3.340902557,walking
1168,1.55965355644e+27,4.790937195,5.215454407,2.333946533,walking
1169,1.55965355644e+27,4.682263184,3.184028778,1.454225922,walking
1170,1.55965355644e+27,14.37400909,0.1561253357,4.897216187,walking
1171,1.55965355644e+27,13.54922424,2.207459564,4.931794281,walking
1172,1.55965355644e+27,4.476141815,2.732717285,0.4989125061,walking
1173,1.55965355644e+27,6.407276001,0.3646417236,1.136287079,walking
1174,1.55965355644e+27,16.23239456,-0.3797602844,9.764494629,walking
1175,1.55965355644e+27,12.05039108,5.301226044,4.980443115,walking
1176,1.55965355644e+27,4.766088867,2.625540161,1.01444046,walking
1177,1.55965355644e+27,4.896168365,2.394420776,2.391876068,walking
1178,1.55965355644e+27,14.96557892,3.143912201,4.122427368,walking
1179,1.55965355644e+27,8.376730499,3.379971313,1.785786438,walking
1180,1.55965355644e+27,3.713926849,3.509002991,0.9286688232,walking
1181,1.55965355644e+27,8.973689117,1.503174133,0.3116519165,walking
1182,1.55965355644e+27,12.33539841,6.350394287,3.841162262,walking
1183,1.55965355644e+27,5.965694275,4.219126282,1.6615448,walking
1184,1.55965355644e+27,4.545896759,1.795516205,0.9815089417,walking
1185,1.55965355644e+27,6.922803955,3.739373932,3.872596893,walking
1186,1.55965355644e+27,10.86994583,10.82069824,2.277364197,walking
1187,1.55965355644e+27,5.015470276,5.790408783,1.659299469,walking
1188,1.55965355644e+27,2.718796234,3.063679047,-0.8101153564,walking
1189,1.55965355644e+27,7.807613983,2.88539978,3.792064362,walking
1190,1.55965355644e+27,13.23727295,6.153403931,8.057294769,walking
1191,1.55965355644e+27,10.07929001,5.556894379,4.0251297,walking
1192,1.55965355644e+27,3.420986023,2.834206238,1.30812973,walking
1193,1.55965355644e+27,5.221292267,3.332819366,1.601369934,walking
1194,1.55965355644e+27,15.53664139,3.322341156,9.266629944,walking
1195,1.55965355644e+27,9.649982758,6.135740662,5.88665863,walking
1196,1.55965355644e+27,3.659140778,4.003724213,1.481469269,walking
1197,1.55965355644e+27,7.017257538,2.076931,2.20910614,walking
1198,1.55965355644e+27,13.57018066,5.104984131,6.662046204,walking
1199,1.55965355644e+27,11.15465378,6.918912048,2.86085083,walking
1200,1.55965355644e+27,3.551364899,4.611759796,0.7541317749,walking
1201,1.55965355644e+27,4.005370789,3.852688293,1.628613281,walking
1202,1.55965355644e+27,11.73125473,2.199825439,3.576213226,walking
1203,1.55965355644e+27,11.89336761,7.765401764,5.200036469,walking
1204,1.55965355644e+27,5.243895264,4.006717987,1.043629761,walking
1205,1.55965355644e+27,5.789211273,2.578088837,3.229833527,walking
1206,1.55965355644e+27,10.66786606,2.74858429,5.526806946,walking
1207,1.55965355644e+27,11.11753098,8.802145844,4.307891693,walking
1208,1.55965355644e+27,3.559747467,4.937183075,1.244062958,walking
1209,1.55965355644e+27,3.321443024,3.664230194,0.3616479492,walking
1210,1.55965355644e+27,9.494156799,3.077600098,0.6339317322,walking
1211,1.55965355644e+27,11.64338745,8.95587616,3.497177582,walking
1212,1.55965355644e+27,5.424719238,5.065615997,0.7116201782,walking
1213,1.55965355644e+27,5.142256622,2.668500824,1.905387726,walking
1214,1.55965355644e+27,7.698790283,3.46230011,4.274960175,walking
1215,1.55965355644e+27,10.20457947,9.486822052,5.494623871,walking
1216,1.55965355644e+27,5.022655334,6.907984772,2.451751556,walking
1217,1.55965355644e+27,3.245251465,3.624862061,0.9255253601,walking
1218,1.55965355644e+27,9.096882935,3.955374756,3.070115662,walking
1219,1.55965355644e+27,11.28847549,9.454040222,2.675835571,walking
1220,1.55965355644e+27,7.085216217,6.091732178,2.585423584,walking
1221,1.55965355644e+27,4.360731812,3.107687531,1.175355835,walking
1222,1.55965355644e+27,5.636229401,3.702999573,2.708617401,walking
1223,1.55965355644e+27,13.01393738,7.521708527,3.017125854,walking
1224,1.55965355644e+27,8.893605652,6.640790405,3.482807465,walking
1225,1.55965355644e+27,3.255579987,3.680246887,0.4369413757,walking
1226,1.55965355644e+27,5.736820221,2.260000305,1.726809082,walking
1227,1.55965355644e+27,13.39788895,6.495891724,9.432485046,walking
1228,1.55965355644e+27,10.01776794,6.781048737,3.886517944,walking
1229,1.55965355644e+27,4.188140717,4.190535736,0.9885443115,walking
1230,1.55965355644e+27,3.894750824,4.712350616,2.724185028,walking
1231,1.55965355644e+27,11.29491211,3.054847412,7.398664398,walking
1232,1.55965355644e+27,9.956395569,8.544082489,5.847739563,walking
1233,1.55965355644e+27,3.780987396,4.090843048,1.3748909,walking
1234,1.55965355644e+27,6.007756805,2.401156769,2.553539886,walking
1235,1.55965355644e+27,8.346493378,9.027726746,8.461154938,walking
1236,1.55965355644e+27,8.210276642,8.238268433,5.190157013,walking
1237,1.55965355644e+27,2.7099646,4.294419708,1.334025879,walking
1238,1.55965355644e+27,4.8559021,5.353916473,2.962788849,walking
1239,1.55965355644e+27,11.72841064,9.823921051,4.489763489,walking
1240,1.55965355644e+27,7.514523468,7.562872925,3.110232239,walking
1241,1.55965355644e+27,3.028352509,4.322411499,2.459086304,walking
1242,1.55965355644e+27,5.82348999,3.306025085,1.222208405,walking
1243,1.55965355644e+27,10.47312103,8.819659424,7.331304474,walking
1244,1.55965355644e+27,9.292077026,8.25263855,3.264860687,walking
1245,1.55965355644e+27,3.05035675,4.390370178,0.9629475403,walking
1246,1.55965355644e+27,4.135749664,5.896687775,2.30161377,walking
1247,1.55965355644e+27,13.09940964,6.994055786,3.461701355,walking
1248,1.55965355644e+27,6.957681427,9.944869537,2.573897552,walking
1249,1.55965355644e+27,3.145259399,5.139113159,-0.5764512634,walking
1250,1.55965355644e+27,6.31731308,2.927911377,2.467468872,walking
1251,1.55965355644e+27,11.34610565,2.837649078,3.612737274,walking
1252,1.55965355644e+27,10.51413574,10.49018555,6.645430756,walking
1253,1.55965355644e+27,2.36702774,6.783294067,1.5328125,walking
1254,1.55965355644e+27,2.762505341,3.325035553,0.9880952454,walking
1255,1.55965355644e+27,7.43818222,3.225642242,2.115850067,walking
1256,1.55965355644e+27,10.16985168,9.358089752,7.721692657,walking
1257,1.55965355644e+27,8.699010315,7.229216766,3.835623779,walking
1258,1.55965355644e+27,3.471281433,4.149670715,1.763931885,walking
1259,1.55965355644e+27,4.934039612,4.321962433,2.941233673,walking
1260,1.55965355644e+27,11.10331055,5.770799561,4.946164398,walking
1261,1.55965355644e+27,9.931397552,8.318052521,4.7271698,walking
1262,1.55965355644e+27,3.604205017,5.177134094,0.795894928,walking
1263,1.55965355644e+27,5.537434845,3.04691391,1.882784729,walking
1264,1.55965355644e+27,10.40621017,4.011508026,3.620371399,walking
1265,1.55965355644e+27,12.68522095,10.47985703,5.039270782,walking
1266,1.55965355644e+27,3.688479767,6.833888855,1.460662537,walking
1267,1.55965355644e+27,4.315525818,3.365451508,1.277293854,walking
1268,1.55965355644e+27,8.686586151,2.662962341,0.01496887207,walking
1269,1.55965355644e+27,12.15412537,8.489146729,3.021766205,walking
1270,1.55965355644e+27,6.555018768,5.763015747,2.262844391,walking
1271,1.55965355644e+27,4.972359924,2.6993367,1.16308136,walking
1272,1.55965355644e+27,7.728578339,3.223247223,4.531676331,walking
1273,1.55965355644e+27,11.33038834,10.83117645,3.87529129,walking
1274,1.55965355644e+27,6.133345642,6.408772888,1.538500671,walking
1275,1.55965355644e+27,3.973786469,3.45406723,0.4120930481,walking
1276,1.55965355644e+27,6.984775085,5.104535065,2.694546661,walking
1277,1.55965355644e+27,9.414073334,9.796827393,2.668800201,walking
1278,1.55965355644e+27,6.232738953,7.437134399,3.182082825,walking
1279,1.55965355644e+27,5.018913116,3.553610229,1.923200684,walking
1280,1.55965355644e+27,7.006629639,4.644242249,2.84453476,walking
1281,1.55965355644e+27,10.21969803,8.667276306,2.738704834,walking
1282,1.55965355644e+27,6.521638184,7.41019043,3.505111084,walking
1283,1.55965355644e+27,4.105213165,4.088448029,0.09415420532,walking
1284,1.55965355644e+27,7.295828247,3.978726196,1.342558136,walking
1285,1.55965355644e+27,10.84479813,9.126521301,8.023614807,walking
1286,1.55965355644e+27,8.81546814,7.215595093,2.780467987,walking
1287,1.55965355644e+27,3.779191132,4.794529724,2.114053802,walking
1288,1.55965355644e+27,3.906725922,5.182073822,2.607727203,walking
1289,1.55965355644e+27,12.10083618,8.217611389,4.031716003,walking
1290,1.55965355644e+27,7.676786041,7.319329376,4.790787506,walking
1291,1.55965355644e+27,2.646346893,3.814218292,0.2029779053,walking
1292,1.55965355644e+27,5.825585632,2.896177368,2.031425629,walking
1293,1.55965355644e+27,12.48927841,5.686824188,11.68874313,walking
1294,1.55965355644e+27,9.784852295,6.258036346,4.91323288,walking
1295,1.55965355644e+27,4.733905792,3.735032959,1.875150604,walking
1296,1.55965355644e+27,6.162684631,3.556154938,4.250860291,walking
1297,1.55965355644e+27,14.13645309,5.802832947,5.251080322,walking
1298,1.55965355644e+27,8.331674194,6.964866486,5.176834717,walking
1299,1.55965355644e+27,2.38933136,3.812721405,-0.08382568359,walking
1300,1.55965355644e+27,5.064717865,2.907104645,1.507964172,walking
1301,1.55965355644e+27,10.39992325,6.655010834,10.00279907,walking
1302,1.55965355644e+27,9.19927002,8.006699982,4.493206329,walking
1303,1.55965355644e+27,2.344574432,4.947810974,1.927242279,walking
1304,1.55965355644e+27,3.657194824,5.308111725,2.763403473,walking
1305,1.55965355644e+27,12.99747162,6.135590973,10.08183472,walking
1306,1.55965355644e+27,7.7529776,6.272256775,4.036955109,walking
1307,1.55965355644e+27,3.341351624,3.808979187,1.276994476,walking
1308,1.55965355644e+27,7.053182831,2.367476807,2.966830444,walking
1309,1.55965355644e+27,13.06019119,5.359155579,9.471254425,walking
1310,1.55965355644e+27,9.238189087,7.25107132,4.772375793,walking
1311,1.55965355644e+27,4.422403564,2.997666321,0.9014254761,walking
1312,1.55965355644e+27,6.411167908,2.934946747,2.409988403,walking
1313,1.55965355644e+27,12.81949173,5.637127533,2.216440887,walking
1314,1.55965355644e+27,8.980724487,2.947370911,1.563947754,walking
1315,1.55965355644e+27,4.149371338,2.90066803,0.1336720276,walking
1316,1.55965355644e+27,7.405250702,1.881437531,0.6062393188,walking
1317,1.55965355644e+27,11.39146133,8.314310303,2.317480774,walking
1318,1.55965355644e+27,6.879543915,5.684129791,1.458866272,walking
1319,1.55965355644e+27,3.491938477,2.201771393,0.5478607178,walking
1320,1.55965355644e+27,7.091353455,2.834355927,3.082390137,walking
1321,1.55965355644e+27,15.29264877,7.073989563,5.471871185,walking
1322,1.55965355644e+27,7.240593109,5.685177612,2.658321991,walking
1323,1.55965355644e+27,3.461252289,3.071911926,-0.09430389404,walking
1324,1.55965355644e+27,7.198530579,2.762804718,0.8797206116,walking
1325,1.55965355644e+27,11.29027176,8.993148651,6.176455994,walking
1326,1.55965355644e+27,7.117099915,5.85627182,3.404819641,walking
1327,1.55965355644e+27,3.080743561,2.951562195,0.5240602112,walking
1328,1.55965355644e+27,6.505471802,2.235451355,3.659739532,walking
1329,1.55965355644e+27,12.26040436,8.381071472,4.887636108,walking
1330,1.55965355644e+27,2.213596802,8.109685822,6.748865662,walking
1331,1.55965355644e+27,-1.216071167,4.886139221,6.25878479,walking
1332,1.55965355644e+27,-1.051563263,4.468807068,7.449259186,walking
1333,1.55965355644e+27,-1.061143341,7.992778931,12.28869553,walking
1334,1.55965355644e+27,6.045478363,7.956254883,5.37068161,walking
1335,1.55965355644e+27,3.130440216,4.322860565,1.0577005,walking
1336,1.55965355644e+27,5.673352203,3.495381317,4.709656219,walking
1337,1.55965355644e+27,9.720336456,10.88805817,5.057532806,walking
1338,1.55965355644e+27,7.66286499,6.894961853,3.011737061,walking
1339,1.55965355644e+27,3.43415863,3.657793579,0.5587879944,walking
1340,1.55965355644e+27,6.374943237,4.205654297,1.570683746,walking
1341,1.55965355644e+27,9.906399536,9.624535675,7.804171143,walking
1342,1.55965355644e+27,7.772437134,8.361611938,4.497696991,walking
1343,1.55965355644e+27,1.994302826,4.644841003,1.391356659,walking
1344,1.55965355644e+27,3.513194275,6.042933655,3.512296143,walking
1345,1.55965355644e+27,7.584577789,9.859846344,5.847889252,walking
1346,1.55965355644e+27,6.113586731,9.499395905,2.61745697,walking
1347,1.55965355644e+27,3.467539215,3.838018799,0.7646099854,walking
1348,1.55965355644e+27,5.100194092,3.815266113,1.998793488,walking
1349,1.55965355644e+27,9.885592804,9.535470886,9.736053772,walking
1350,1.55965355644e+27,8.529263306,8.987909546,1.858235779,walking
1351,1.55965355644e+27,2.85261795,4.997657318,0.7725434875,walking
1352,1.55965355644e+27,3.830085297,6.286776581,3.007246399,walking
1353,1.55965355644e+27,11.50896698,8.101153564,7.786507874,walking
1354,1.55965355644e+27,8.203540649,8.541537781,3.820654907,walking
1355,1.55965355644e+27,3.907025299,3.62605957,-0.02724334717,walking
1356,1.55965355644e+27,6.165079651,3.527564392,2.547103271,walking
1357,1.55965355644e+27,10.64705933,9.279203796,10.1391655,walking
1358,1.55965355644e+27,8.429420929,8.969946899,4.332290955,walking
1359,1.55965355644e+27,2.653981018,5.191204834,2.51102829,walking
1360,1.55965355644e+27,3.047063599,5.227728882,3.2235466,walking
1361,1.55965355644e+27,8.801696777,8.007298737,8.290809174,walking
1362,1.55965355644e+27,5.594017181,6.429429932,3.934418335,walking
1363,1.55965355644e+27,3.174897766,3.856131134,0.9331594849,walking
1364,1.55965355644e+27,6.411766663,3.572171631,1.962568817,walking
1365,1.55965355644e+27,12.02254898,8.485554199,7.625742188,walking
1366,1.55965355644e+27,9.171727295,8.923543396,2.464325409,walking
1367,1.55965355644e+27,2.587219849,5.060825958,1.789828033,walking
1368,1.55965355644e+27,2.949915619,6.417604523,2.10267746,walking
1369,1.55965355644e+27,7.795339508,12.8385022,2.702480164,walking
1370,1.55965355644e+27,3.942351837,10.16087036,4.059258728,walking
1371,1.55965355644e+27,1.691033478,4.252357178,0.05912704468,walking
1372,1.55965355644e+27,6.140830078,5.106331329,3.54657486,walking
1373,1.55965355644e+27,8.365204468,11.41855499,8.797954559,walking
1374,1.55965355644e+27,6.539301453,9.531728668,3.376977539,walking
1375,1.55965355644e+27,3.580853577,4.436623993,1.378782806,walking
1376,1.55965355644e+27,4.219575348,5.862708435,4.461921387,walking
1377,1.55965355644e+27,11.04987167,4.84063385,8.189769287,walking
1378,1.55965355644e+27,8.432414703,9.558822327,6.261778564,walking
1379,1.55965355644e+27,3.287313995,4.002676392,-0.4602928162,walking
1380,1.55965355644e+27,6.446494446,4.505181427,2.974464569,walking
1381,1.55965355644e+27,8.176896057,10.9486821,7.114555206,walking
1382,1.55965355644e+27,6.044131165,7.785160675,4.864584045,walking
1383,1.55965355644e+27,2.252515869,3.298540649,1.100810852,walking
1384,1.55965355644e+27,6.588549042,4.14562912,4.555027771,walking
1385,1.55965355644e+27,7.938142548,10.02480331,4.571194153,walking
1386,1.55965355644e+27,3.13118866,7.861950989,4.838987274,walking
1387,1.55965355644e+27,2.571652222,4.415068817,0.546663208,walking
1388,1.55965355644e+27,2.49935257,7.088808746,5.168452148,walking
1389,1.55965355644e+27,0.570763092,9.048683167,11.3455069,walking
1390,1.55965355644e+27,3.208577728,5.161566467,2.563868408,walking
1391,1.55965355644e+27,-0.4679269409,4.813091125,5.102140045,walking
1392,1.55965355644e+27,2.780318298,1.854493561,9.134604492,walking
1393,1.55965355644e+27,-0.3041674805,1.50946106,12.78221924,walking
1394,1.55965355644e+27,-1.389111328,3.304228821,7.197333069,walking
1395,1.55965355644e+27,0.08307723999,3.582649841,6.695726166,walking
1396,1.55965355644e+27,-1.482816467,6.023474121,12.97426987,walking
1397,1.55965355644e+27,-3.307372284,5.565276947,8.271649017,walking
1398,1.55965355644e+27,-0.02664459229,2.766696625,5.665867767,walking
1399,1.55965355644e+27,-1.260379028,3.983216858,8.388406219,walking
