,Unnamed: 0,Time (s),Latitude (degree),Longitude,Height (m),Velocity (m/s),Direction (degree),Horizontal Accuracy (m),Vertical Accuracy (degree),label
0,0,1.55965432e+18,52.09566126,5.131201981,-1.110000014,-1.0,-1.0,310.1785885,310.1785885,0
1,1,1.55965432035e+18,52.09563589,5.131310098,-1.110000014,-1.0,-1.0,65.0,65.0,0
2,2,1.55965432241e+18,52.09551254,5.131291067,12.84194565,1.039999962,356.1328125,10.0,10.0,0
3,3,1.55965432249e+18,52.09551807,5.13129048,12.80105209,1.039999962,356.1328125,10.0,10.0,0
4,4,1.55965432347e+18,52.09550135,5.131271286,4.803127289,1.039999962,356.1328125,10.0,10.0,0
5,5,1.55965432447e+18,52.09553853,5.131361894,4.763942719,1.080000043,13.7109375,10.0,10.0,0
6,6,1.55965432547e+18,52.09555219,5.131351836,4.456569672,1.649999976,23.203125,10.0,10.0,0
7,7,1.55965432647e+18,52.09557868,5.131325936,4.378871918,2.039999962,23.203125,10.0,10.0,0
8,8,1.55965432747e+18,52.09560139,5.1312852,3.249904633,2.369999886,16.875,10.0,10.0,0
9,9,1.55965432847e+18,52.09562444,5.131299281,3.063930511,2.369999886,24.609375,10.0,10.0,0
10,10,1.55965432947e+18,52.09564988,5.131316129,3.487819672,2.630000114,23.203125,10.0,10.0,0
11,11,1.55965433047e+18,52.09567959,5.13133415,3.894985199,3.019999981,22.8515625,10.0,10.0,0
12,12,1.55965433147e+18,52.09571409,5.131343538,3.708766937,3.25,17.2265625,10.0,10.0,0
13,13,1.55965433247e+18,52.09575013,5.13135259,3.427822113,3.25,14.765625,10.0,10.0,0
14,14,1.55965433347e+18,52.09578504,5.131363822,2.971218109,3.390000105,15.8203125,10.0,10.0,0
15,15,1.55965433447e+18,52.09581488,5.131381257,3.251064301,3.319999933,18.28125,10.0,10.0,0
16,16,1.55965433547e+18,52.09583198,5.13140657,3.065090179,3.319999933,33.046875,10.0,10.0,0
17,17,1.55965433647e+18,52.09585566,5.131434314,3.164455414,3.319999933,30.9375,10.0,10.0,0
18,18,1.55965433747e+18,52.09588575,5.131458621,2.900051117,3.339999914,26.71875,10.0,10.0,0
19,19,1.55965433847e+18,52.09591571,5.13148318,2.988857269,3.529999971,20.0390625,10.0,10.0,0
20,20,1.55965433947e+18,52.09594853,5.13150204,3.024990082,3.769999981,16.875,10.0,10.0,0
21,21,1.55965434047e+18,52.09598168,5.13152224,3.001247406,3.630000114,18.28125,10.0,10.0,0
22,22,1.55965434147e+18,52.09601445,5.131536322,3.392116547,3.630000114,15.8203125,10.0,10.0,0
23,23,1.55965434247e+18,52.09604287,5.131541351,3.32326889,2.599999905,11.25,10.0,10.0,0
24,24,1.55965434347e+18,52.09607178,5.131557444,3.064357758,3.49000001,16.171875,10.0,10.0,0
25,25,1.55965434447e+18,52.09610493,5.131572699,2.884487152,3.49000001,17.9296875,10.0,10.0,0
26,26,1.55965434547e+18,52.09613616,5.131589882,3.040431976,3.49000001,22.1484375,10.0,10.0,0
27,27,1.55965434647e+18,52.09616805,5.131604047,3.140102386,3.650000095,15.46875,10.0,10.0,0
28,28,1.55965434747e+18,52.09620145,5.131615447,3.482448578,3.650000095,15.8203125,10.0,10.0,0
29,29,1.55965434847e+18,52.09623448,5.131625254,3.689052582,3.650000095,15.1171875,10.0,10.0,0
30,30,1.55965434947e+18,52.09626972,5.131637743,3.920681,3.660000086,15.8203125,10.0,10.0,0
31,31,1.55965435047e+18,52.09630719,5.131659368,2.987758636,3.819999933,17.2265625,10.0,10.0,0
32,32,1.55965435147e+18,52.09634503,5.131682502,3.520107269,3.880000114,17.9296875,10.0,10.0,0
33,33,1.55965435247e+18,52.09638233,5.131702535,4.081691742,3.819999933,17.578125,10.0,10.0,0
34,34,1.55965435347e+18,52.09641259,5.131724998,3.610866547,3.819999933,21.09375,10.0,10.0,0
35,35,1.55965435447e+18,52.09643438,5.131744612,3.482326508,2.519999981,22.1484375,10.0,10.0,0
36,36,1.55965435547e+18,52.09646008,5.131763974,3.550197601,3.849999905,23.203125,10.0,10.0,0
37,37,1.55965435647e+18,52.09648958,5.131780487,2.211269379,2.519999981,16.875,10.0,10.0,0
38,38,1.55965435747e+18,52.0965089,5.131792305,2.278102875,2.430000067,15.1171875,10.0,10.0,0
39,39,1.55965435847e+18,52.09652621,5.131804878,2.67660141,1.909999967,17.578125,10.0,10.0,0
40,40,1.55965435947e+18,52.09654276,5.131819127,2.74514389,1.909999967,23.90625,10.0,10.0,0
41,41,1.55965436047e+18,52.0965713,5.131845949,2.577846527,1.909999967,22.5,10.0,10.0,0
42,42,1.55965436147e+18,52.09660508,5.131875202,3.423732758,3.069999933,21.4453125,10.0,10.0,0
43,43,1.55965436247e+18,52.09663903,5.13189842,3.033840179,2.49000001,17.9296875,10.0,10.0,0
44,44,1.55965436347e+18,52.096663,5.131923398,3.104946136,2.49000001,26.015625,10.0,10.0,0
45,45,1.55965436447e+18,52.09668588,5.131953573,2.699062347,2.230000019,30.5859375,10.0,10.0,0
46,46,1.55965436547e+18,52.096706,5.131982071,2.906093597,2.140000105,36.5625,10.0,10.0,0
47,47,1.55965436647e+18,52.09672193,5.132004535,3.026332855,1.629999995,29.53125,10.0,10.0,0
48,48,1.55965436747e+18,52.09673228,5.13201694,3.197536469,1.629999995,14.4140625,10.0,10.0,0
49,49,1.55965436847e+18,52.09675223,5.132023562,3.959926605,1.559999943,7.03125,10.0,10.0,0
50,50,1.55965436947e+18,52.09678601,5.132043846,3.223171234,1.559999943,16.171875,10.0,10.0,0
51,51,1.55965437047e+18,52.09682527,5.13207796,3.059474945,2.890000105,28.4765625,10.0,10.0,0
52,52,1.55965437147e+18,52.0968798,5.132137975,3.445156097,3.539999962,35.859375,10.0,10.0,0
53,53,1.55965437247e+18,52.0969259,5.132182734,3.458827972,3.279999971,36.9140625,10.0,10.0,0
54,54,1.55965437347e+18,52.09696555,5.132202264,3.607143402,3.279999971,25.3125,10.0,10.0,0
55,55,1.55965437447e+18,52.09700477,5.132216932,3.727993011,2.859999895,16.875,10.0,10.0,0
56,56,1.55965437547e+18,52.09703989,5.132225817,3.941738129,2.859999895,16.875,10.0,10.0,0
57,57,1.55965437647e+18,52.09706894,5.132230092,4.026760101,2.75,13.0078125,10.0,10.0,0
58,58,1.55965437747e+18,52.09709551,5.132236043,3.944179535,2.690000057,15.1171875,10.0,10.0,0
59,59,1.55965437847e+18,52.09712166,5.132247191,3.926967621,2.559999943,19.6875,10.0,10.0,0
60,60,1.55965437947e+18,52.09716977,5.132264206,3.274990082,3.380000114,17.2265625,10.0,10.0,0
61,61,1.55965438047e+18,52.09721151,5.132285915,3.240749359,3.380000114,18.28125,10.0,10.0,0
62,62,1.55965438147e+18,52.09725237,5.132304523,2.947658539,3.519999981,14.765625,10.0,10.0,0
63,63,1.55965438247e+18,52.09728552,5.132315923,3.133388519,2.829999924,7.734375,10.0,10.0,0
64,64,1.55965438347e+18,52.09732194,5.132325059,2.821315765,2.99000001,7.03125,10.0,10.0,0
65,65,1.55965438447e+18,52.09735912,5.132336291,2.843349457,2.99000001,15.1171875,10.0,10.0,0
66,66,1.55965438547e+18,52.09739855,5.13235515,2.840358734,3.539999962,16.171875,10.0,10.0,0
67,67,1.55965438647e+18,52.09743481,5.132377446,2.611721039,3.539999962,18.984375,10.0,10.0,0
68,68,1.55965438747e+18,52.09745861,5.132403178,2.918727875,2.74000001,49.5703125,10.0,10.0,0
69,69,1.55965438847e+18,52.09747827,5.132428072,2.703151703,2.74000001,33.3984375,10.0,10.0,0
70,70,1.55965438947e+18,52.09749905,5.132453553,2.290676117,2.74000001,35.15625,10.0,10.0,0
71,71,1.55965439047e+18,52.09752852,5.132479118,2.327541351,2.890000105,24.9609375,10.0,10.0,0
72,72,1.55965439147e+18,52.09756368,5.132504012,2.580776215,3.789999962,22.8515625,10.0,10.0,0
73,73,1.55965439247e+18,52.09759427,5.132523626,2.935024261,2.789999962,25.3125,10.0,10.0,0
74,74,1.55965439347e+18,52.09762327,5.132544665,2.897609711,3.650000095,27.0703125,10.0,10.0,0
75,75,1.55965439447e+18,52.097655,5.132568972,2.904689789,3.650000095,27.7734375,10.0,10.0,0
76,76,1.55965439547e+18,52.09768413,5.132581964,2.557949066,3.650000095,19.6875,10.0,10.0,0
77,77,1.55965439647e+18,52.09771304,5.132590095,2.604701996,3.150000095,17.2265625,10.0,10.0,0
78,78,1.55965439747e+18,52.09773433,5.132599901,2.918422699,2.349999905,19.6875,10.0,10.0,0
79,79,1.55965439847e+18,52.09775177,5.132610211,3.014492035,2.349999905,21.796875,10.0,10.0,0
80,80,1.55965439947e+18,52.0977648,5.132625382,2.843532562,2.25,26.71875,10.0,10.0,0
81,81,1.55965440047e+18,52.09778303,5.132638039,2.710231781,2.25,24.609375,10.0,10.0,0
82,82,1.55965440147e+18,52.09780164,5.132645248,2.842861176,2.109999895,22.1484375,10.0,10.0,0
83,83,1.55965440247e+18,52.09782243,5.132656228,2.431484222,2.180000067,18.28125,10.0,10.0,0
84,84,1.55965440347e+18,52.09784309,5.132666621,2.449611664,2.180000067,18.6328125,10.0,10.0,0
85,85,1.55965440447e+18,52.09787326,5.132678859,2.517360687,2.180000067,17.9296875,10.0,10.0,0
86,86,1.55965440547e+18,52.09790654,5.13269227,2.535182953,3.190000057,16.171875,10.0,10.0,0
87,87,1.55965440647e+18,52.09792854,5.132702496,2.513881683,3.190000057,15.1171875,10.0,10.0,0
88,88,1.55965440747e+18,52.09795767,5.13271532,2.65896225,3.329999924,17.2265625,10.0,10.0,0
89,89,1.55965440847e+18,52.09799807,5.132728564,2.592006683,3.49000001,14.0625,10.0,10.0,0
90,90,1.55965440947e+18,52.09803239,5.132740047,2.605251312,3.49000001,12.3046875,10.0,10.0,0
91,91,1.55965441047e+18,52.09815448,5.132837696,1.495326996,3.49000001,4.921875,10.0,10.0,0
92,92,1.55965441147e+18,52.09819023,5.132855717,1.173305511,2.859999895,7.03125,10.0,10.0,0
93,93,1.55965441247e+18,52.09821667,5.132855801,1.34469223,2.609999895,348.046875,10.0,10.0,0
94,94,1.55965441347e+18,52.0982297,5.132844988,0.9957542419,2.609999895,320.2734375,10.0,10.0,0
95,95,1.55965441447e+18,52.0982082,5.132825626,1.019374847,1.629999995,249.9609375,10.0,10.0,0
96,96,1.55965441547e+18,52.09822266,5.132847168,1.045131683,1.629999995,339.609375,10.0,10.0,0
97,97,1.55965441647e+18,52.09827363,5.132889915,1.529689789,1.629999995,21.09375,10.0,10.0,0
98,98,1.55965441747e+18,52.09831189,5.132903242,1.558986664,3.569999933,13.7109375,10.0,10.0,0
99,99,1.55965441847e+18,52.09835116,5.132928221,1.695766449,4.050000191,21.796875,10.0,10.0,0
100,100,1.55965441947e+18,52.09839256,5.132957138,1.478237152,3.650000095,27.0703125,10.0,10.0,0
101,101,1.55965442047e+18,52.09843946,5.132980943,1.243190765,3.650000095,29.8828125,10.0,10.0,0
102,102,1.55965442147e+18,52.09848766,5.133006843,0.9356956482,3.650000095,23.90625,10.0,10.0,0
103,103,1.55965442247e+18,52.09853443,5.133029055,0.6654930115,3.730000019,21.09375,10.0,10.0,0
104,104,1.55965442347e+18,52.09859327,5.133053362,0.04781723022,4.010000229,20.0390625,10.0,10.0,0
105,105,1.55965442447e+18,52.09863153,5.133072389,-0.07193374634,3.730000019,19.3359375,10.0,10.0,0
106,106,1.55965442547e+18,52.09865974,5.133088231,0.001735687256,2.900000095,20.7421875,10.0,10.0,0
107,107,1.55965442647e+18,52.09870999,5.133137852,-0.3533668518,2.900000095,24.2578125,10.0,10.0,0
108,108,1.55965442747e+18,52.09874381,5.13316392,-0.3010597229,4.050000191,24.2578125,10.0,10.0,0
109,109,1.55965442847e+18,52.09877692,5.133180181,0.2243309021,4.050000191,16.171875,10.0,10.0,0
110,110,1.55965442947e+18,52.09880617,5.133201974,0.2177391052,3.25,19.6875,10.0,10.0,0
111,111,1.55965443047e+18,52.09883681,5.133216726,0.267665863,3.25,18.984375,10.0,10.0,0
112,112,1.55965443147e+18,52.09887842,5.133234244,0.417263031,3.299999952,20.0390625,10.0,10.0,0
113,113,1.55965443247e+18,52.09891136,5.133260814,0.6530418396,3.839999914,24.609375,10.0,10.0,0
114,114,1.55965443347e+18,52.09894246,5.133284619,0.6828269958,3.839999914,23.203125,10.0,10.0,0
115,115,1.55965443447e+18,52.09897326,5.133305322,0.8427391052,3.670000076,21.4453125,10.0,10.0,0
116,116,1.55965443547e+18,52.09900851,5.133319823,1.217922211,3.670000076,17.578125,10.0,10.0,0
117,117,1.55965443647e+18,52.09907167,5.133360475,0.4216575623,4.170000076,18.28125,10.0,10.0,0
118,118,1.55965443747e+18,52.09912896,5.13339241,0.7252464294,3.890000105,8.7890625,10.0,10.0,0
119,119,1.55965443847e+18,52.09913751,5.133396769,1.455043793,3.890000105,10.8984375,10.0,10.0,0
120,120,1.55965443947e+18,52.09914346,5.133400289,1.660121918,0.9900000095,15.8203125,10.0,10.0,0
121,121,1.55965444047e+18,52.09915129,5.133419819,2.299098969,0.9900000095,15.8203125,10.0,10.0,0
122,122,1.55965444147e+18,52.09918134,5.133427531,1.893520355,1.74000001,20.7421875,10.0,10.0,0
123,123,1.55965444247e+18,52.09921299,5.133445133,1.402370453,3.029999971,23.203125,10.0,10.0,0
124,124,1.55965444347e+18,52.0992637,5.133458376,1.276576996,3.029999971,14.4140625,10.0,10.0,0
125,125,1.55965444447e+18,52.09929043,5.133469524,1.256069183,2.799999952,16.5234375,10.0,10.0,0
126,126,1.55965444547e+18,52.09932518,5.133480923,1.373683929,2.799999952,21.09375,10.0,10.0,0
127,127,1.55965444647e+18,52.09935351,5.133496765,0.9319725037,2.960000038,17.578125,10.0,10.0,0
128,128,1.55965444747e+18,52.09939215,5.133518642,1.052150726,3.299999952,13.7109375,10.0,10.0,0
129,129,1.55965444847e+18,52.09942237,5.133531801,1.216701508,3.309999943,13.7109375,10.0,10.0,0
130,130,1.55965444947e+18,52.09945803,5.13358159,1.181179047,3.299999952,17.9296875,10.0,10.0,0
131,131,1.55965445047e+18,52.09947869,5.133600365,1.040431976,2.400000095,20.7421875,10.0,10.0,0
132,132,1.55965445147e+18,52.0995074,5.133620482,1.12002182,2.400000095,20.0390625,10.0,10.0,0
133,133,1.55965445247e+18,52.09953598,5.133633222,1.375392914,2.769999981,13.7109375,10.0,10.0,0
134,134,1.55965445347e+18,52.09956612,5.133647388,1.361843109,2.849999905,4.21875,10.0,10.0,0
135,135,1.55965445447e+18,52.0995983,5.13366038,1.644985199,2.849999905,10.546875,10.0,10.0,0
136,136,1.55965445547e+18,52.09961829,5.133674042,1.906703949,2.849999905,19.3359375,10.0,10.0,0
137,137,1.55965445647e+18,52.09964294,5.133686112,2.037136078,2.25,12.65625,10.0,10.0,0
138,138,1.55965445747e+18,52.09967131,5.133694159,2.384731293,2.019999981,9.4921875,10.0,10.0,0
139,139,1.55965445847e+18,52.09971452,5.133703128,2.502285004,3.069999933,6.6796875,10.0,10.0,0
140,140,1.55965445947e+18,52.09976942,5.133724334,2.146022797,3.069999933,12.3046875,10.0,10.0,0
141,141,1.55965446047e+18,52.09982239,5.13375761,2.390895844,4.050000191,22.5,10.0,10.0,0
142,142,1.55965446147e+18,52.09987138,5.133791221,2.730556488,4.309999943,19.6875,10.0,10.0,0
143,143,1.55965446247e+18,52.0999099,5.133810667,2.808803558,3.789999962,13.0078125,10.0,10.0,0
144,144,1.55965446347e+18,52.09996392,5.13381335,2.368251801,3.789999962,10.8984375,10.0,10.0,0
145,145,1.55965446447e+18,52.10001212,5.133823911,2.454128265,3.650000095,16.5234375,10.0,10.0,0
146,146,1.55965446547e+18,52.10005558,5.133842183,2.368495941,3.359999895,13.359375,10.0,10.0,0
147,147,1.55965446647e+18,52.10010289,5.133877806,2.2253685,3.349999905,25.6640625,10.0,10.0,0
148,148,1.55965446747e+18,52.10013667,5.133906892,2.308132172,3.349999905,30.5859375,10.0,10.0,0
149,149,1.55965446847e+18,52.10022883,5.133938156,2.556240082,3.349999905,29.1796875,10.0,10.0,0
150,150,1.55965446947e+18,52.10024635,5.13394922,2.669155121,1.889999986,29.1796875,10.0,10.0,0
151,151,1.55965447047e+18,52.10027535,5.133951651,1.412075043,1.879999995,7.3828125,10.0,10.0,0
152,152,1.55965447147e+18,52.10029932,5.133951735,1.347682953,1.889999986,12.3046875,5.0,5.0,0
153,153,1.55965447247e+18,52.10032837,5.133957099,1.893215179,1.730000019,14.0625,5.0,5.0,0
154,154,1.55965447347e+18,52.10034831,5.13396523,1.926357269,1.730000019,24.609375,5.0,5.0,0
155,155,1.55965447447e+18,52.10036319,5.1339773,2.050136566,1.25999999,39.0234375,10.0,10.0,0
156,156,1.55965447547e+18,52.10037631,5.134021472,2.223415375,1.25999999,71.71875,5.0,5.0,0
157,157,1.55965447647e+18,52.10038335,5.134083331,2.213832855,2.970000029,87.890625,5.0,5.0,0
158,158,1.55965447747e+18,52.10038335,5.134143177,2.291225433,3.079999924,96.6796875,5.0,5.0,0
159,159,1.55965447847e+18,52.10038075,5.134201935,2.51052475,3.079999924,99.140625,5.0,5.0,0
160,160,1.55965447947e+18,52.10037514,5.134266308,2.640102386,3.079999924,103.7109375,10.0,10.0,0
161,161,1.55965448047e+18,52.1003668,5.134332022,2.561367035,3.359999895,108.28125,10.0,10.0,0
162,162,1.55965448147e+18,52.10036097,5.134407459,2.657436371,3.630000114,110.390625,10.0,10.0,0
163,163,1.55965448247e+18,52.10035678,5.134470323,2.51052475,3.190000057,112.8515625,10.0,10.0,0
164,164,1.55965448347e+18,52.10034802,5.134520279,2.462368011,3.190000057,123.75,10.0,10.0,0
165,165,1.55965448447e+18,52.10032749,5.134572582,2.597743988,3.190000057,133.59375,10.0,10.0,0
166,166,1.55965448547e+18,52.10030188,5.134626981,2.180080414,4.019999981,133.9453125,10.0,10.0,0
167,167,1.55965448647e+18,52.10028721,5.134663191,1.839809418,4.019999981,133.9453125,5.0,5.0,0
168,168,1.55965448747e+18,52.10026533,5.134700406,2.175685883,2.730000019,135.703125,5.0,5.0,0
169,169,1.55965448847e+18,52.10023897,5.134736281,2.20217514,2.859999895,136.40625,10.0,10.0,0
170,170,1.55965448947e+18,52.10021848,5.134763857,2.419460297,2.730000019,125.15625,10.0,10.0,0
171,171,1.55965449047e+18,52.10020565,5.134793865,2.503932953,2.410000086,118.828125,10.0,10.0,0
172,172,1.55965449147e+18,52.10018675,5.134867709,2.37771225,2.410000086,117.421875,5.0,5.0,0
173,173,1.55965449247e+18,52.10017074,5.134912049,2.434780121,3.549999952,123.75,10.0,10.0,0
174,174,1.55965449347e+18,52.10016789,5.134962173,2.522975922,3.549999952,120.234375,5.0,5.0,0
175,175,1.55965449447e+18,52.10016299,5.134995701,2.423305511,2.619999886,122.6953125,5.0,5.0,0
176,176,1.55965449547e+18,52.10015314,5.135027217,2.526699066,2.519999981,124.8046875,10.0,10.0,0
177,177,1.55965449647e+18,52.10013265,5.135065606,2.047451019,2.519999981,130.078125,5.0,5.0,0
178,178,1.55965449747e+18,52.10010771,5.135111958,1.993373871,2.920000076,130.78125,5.0,5.0,0
179,179,1.55965449847e+18,52.10009418,5.135156969,1.917263031,3.140000105,112.1484375,5.0,5.0,0
180,180,1.55965449947e+18,52.10008592,5.135191334,1.749477386,2.920000076,122.6953125,5.0,5.0,0
181,181,1.55965450047e+18,52.10007485,5.135233076,1.82101059,2.680000067,116.015625,5.0,5.0,0
182,182,1.55965450147e+18,52.10006505,5.135272136,1.843105316,2.680000067,113.203125,10.0,10.0,0
183,183,1.55965450247e+18,52.10008043,5.135359308,1.685939789,2.480000019,91.0546875,5.0,5.0,0
184,184,1.55965450347e+18,52.10008898,5.135375485,1.425930023,2.480000019,54.84375,5.0,5.0,0
185,185,1.55965450447e+18,52.1001005,5.135382945,1.463222504,1.309999943,20.390625,10.0,10.0,0
186,186,1.55965450547e+18,52.10014195,5.13542234,1.408840179,1.309999943,29.1796875,5.0,5.0,0
187,187,1.55965450647e+18,52.10016345,5.135440947,1.370754242,2.480000019,21.4453125,5.0,5.0,0
188,188,1.55965450747e+18,52.10018051,5.135464501,1.19234848,2.180000067,25.6640625,5.0,5.0,0
189,189,1.55965450847e+18,52.10019987,5.135490568,0.8602561951,2.440000057,35.15625,5.0,5.0,0
190,190,1.55965450947e+18,52.10022204,5.135526862,0.784450531,2.440000057,40.78125,10.0,10.0,0
191,191,1.55965451047e+18,52.10024802,5.135574639,0.6375999451,2.670000076,28.4765625,5.0,5.0,0
192,192,1.55965451147e+18,52.10027066,5.135596767,0.6639060974,2.670000076,22.5,10.0,10.0,0
193,193,1.55965451247e+18,52.10027334,5.135639096,0.4940452576,2.299999952,27.421875,5.0,5.0,0
194,194,1.55965451347e+18,52.10029953,5.135661475,0.5457420349,3.019999981,28.125,5.0,5.0,0
195,195,1.55965451447e+18,52.10033352,5.135699362,0.5916404724,3.019999981,30.234375,5.0,5.0,0
196,196,1.55965451547e+18,52.1003608,5.135727776,0.632106781,3.160000086,31.2890625,10.0,10.0,0
197,197,1.55965451647e+18,52.10041453,5.135799693,0.7524681091,3.160000086,13.7109375,5.0,5.0,0
198,198,1.55965451747e+18,52.10044374,5.135819642,1.209621429,3.089999914,18.6328125,5.0,5.0,0
199,199,1.55965451847e+18,52.10047002,5.135837579,1.243923187,3.089999914,21.796875,5.0,5.0,0
200,200,1.55965451947e+18,52.10047744,5.135908909,1.503200531,3.089999914,59.4140625,5.0,5.0,0
201,201,1.55965452047e+18,52.10048628,5.135934558,1.531154633,1.909999967,59.4140625,5.0,5.0,0
202,202,1.55965452147e+18,52.10051889,5.135988453,1.082546234,1.909999967,28.828125,5.0,5.0,0
203,203,1.55965452247e+18,52.10053833,5.136004798,1.11623764,2.319999933,29.1796875,5.0,5.0,0
204,204,1.55965452347e+18,52.10056251,5.136028435,1.023769379,2.690000057,40.4296875,5.0,5.0,0
205,205,1.55965452447e+18,52.1005833,5.136051402,0.8490867615,2.690000057,37.265625,5.0,5.0,0
206,206,1.55965452547e+18,52.10059587,5.13607353,0.5349998474,2.690000057,39.7265625,5.0,5.0,0
0,0,1.559654092e+18,52.33455537,4.866131602,3.027959585,-1.0,-1.0,131.2782153,131.2782153,1
1,1,1.55965409236e+18,52.33495622,4.867376675,-1.791169405,-1.0,-1.0,65.0,65.0,1
2,2,1.55965409415e+18,52.33497464,4.867409028,-2.403022766,-1.0,-1.0,65.0,65.0,1
3,3,1.55965410058e+18,52.33497376,4.867416416,-2.769241095,-1.0,-1.0,65.0,65.0,1
4,4,1.55965410701e+18,52.33496721,4.867398309,-2.968626976,-1.0,-1.0,65.0,65.0,1
5,5,1.55965411344e+18,52.33499121,4.867445326,-2.994656563,-1.0,-1.0,65.0,65.0,1
6,6,1.5596541204e+18,52.33496424,4.867638816,-2.998321056,-1.0,-1.0,65.0,65.0,1
7,7,1.55965413e+18,52.3349581,4.867730567,-1.819630504,0.7281757356,-1.0,200.0,200.0,1
8,8,1.559654131e+18,52.33496175,4.867692816,-1.203055501,0.7045472887,-1.0,200.0,200.0,1
9,9,1.559654132e+18,52.33496609,4.867657428,-0.8186451197,0.6816525044,-1.0,200.0,200.0,1
10,10,1.559654133e+18,52.33497101,4.867624354,-0.5540026426,0.6595143301,-1.0,200.0,200.0,1
11,11,1.559654134e+18,52.33497634,4.86759344,-0.3604711294,0.6381278766,-1.0,200.0,200.0,1
12,12,1.559654135e+18,52.3349818,4.867564628,-0.2133729309,0.6175147742,-1.0,200.0,200.0,1
13,13,1.559654136e+18,52.33498896,4.867536492,-0.09881699085,0.5972249769,-1.0,200.0,200.0,1
14,14,1.559654137e+18,52.33499509,4.867512415,-0.007808886468,0.578363063,-1.0,200.0,200.0,1
15,15,1.559654138e+18,52.33498649,4.867510443,0.06540283561,0.5668032989,-1.0,200.0,200.0,1
16,16,1.559654139e+18,52.3349573,4.867481488,0.1243476421,0.5488030353,-1.0,200.0,200.0,1
17,17,1.55965414e+18,52.33493009,4.867457985,0.1722705215,0.5329129654,-1.0,200.0,200.0,1
18,18,1.559654141e+18,52.33490177,4.867439264,0.2113042772,0.5191554694,-1.0,200.0,200.0,1
19,19,1.559654142e+18,52.33487084,4.867425153,0.2431532741,0.5076949529,-1.0,200.0,200.0,1
20,20,1.559654143e+18,52.33484125,4.867413027,0.2691045403,0.4973674451,-1.0,200.0,200.0,1
21,21,1.559654144e+18,52.33481307,4.867401475,0.2918112576,0.4876823135,-1.0,200.0,200.0,1
22,22,1.55965414451e+18,52.33491112,4.868407462,-1.283083081,-1.0,-1.0,65.0,65.0,1
23,23,1.55965414851e+18,52.3349113,4.868444209,-2.222188234,-1.0,-1.0,65.0,65.0,1
24,24,1.55965415219e+18,52.33491061,4.868391851,-2.335807085,-1.0,-1.0,65.0,65.0,1
25,25,1.559654162e+18,52.33476228,4.868267359,-1.289731264,1.196668577,-1.0,200.0,200.0,1
26,26,1.559654163e+18,52.33458611,4.868103308,-0.7889178991,1.281101262,-1.0,200.0,200.0,1
27,27,1.559654164e+18,52.33443872,4.867975462,-0.4903838634,1.345460461,-1.0,200.0,200.0,1
28,28,1.559654165e+18,52.33431223,4.867873433,-0.2904068828,1.395136265,-1.0,200.0,200.0,1
29,29,1.559654166e+18,52.33420381,4.867793139,-0.1465984285,1.432170604,-1.0,200.0,200.0,1
30,30,1.559654167e+18,52.33411425,4.867723331,-0.03837350011,1.457887783,-1.0,200.0,200.0,1
31,31,1.559654168e+18,52.33403603,4.867663261,0.04514716566,1.476236396,-1.0,200.0,200.0,1
32,32,1.559654169e+18,52.33397031,4.867619713,0.111088559,1.485668051,-1.0,200.0,200.0,1
33,33,1.55965417e+18,52.33391217,4.86758844,0.1636150032,1.489389951,-1.0,200.0,200.0,1
34,34,1.559654171e+18,52.33386556,4.867564926,0.2060848773,1.486120836,-1.0,200.0,200.0,1
35,35,1.559654172e+18,52.33383193,4.867546359,0.2405897677,1.475602316,-1.0,200.0,200.0,1
36,36,1.559654173e+18,52.33380811,4.867530851,0.2686032057,1.459828078,-1.0,200.0,200.0,1
37,37,1.559654174e+18,52.33379558,4.867516038,0.2915749252,1.438448511,-1.0,200.0,200.0,1
38,38,1.559654175e+18,52.33379266,4.867501991,0.310369432,1.412413646,-1.0,200.0,200.0,1
39,39,1.559654176e+18,52.33379308,4.867488572,0.3256163895,1.385079016,-1.0,200.0,200.0,1
40,40,1.559654177e+18,52.33379347,4.867475349,0.3380182385,1.358296545,-1.0,200.0,200.0,1
41,41,1.559654178e+18,52.33379338,4.867462478,0.3481428623,1.33226491,-1.0,200.0,200.0,1
42,42,1.559654179e+18,52.33379579,4.86745098,0.3565066755,1.305261715,-1.0,200.0,200.0,1
43,43,1.55965418e+18,52.33385259,4.867415066,0.3636077344,1.254556122,-1.0,200.0,200.0,1
44,44,1.559654181e+18,52.33382903,4.867451512,0.3689796627,1.234922255,-1.0,200.0,200.0,1
45,45,1.559654182e+18,52.33381493,4.867476109,0.3734446764,1.212843104,-1.0,200.0,200.0,1
46,46,1.559654183e+18,52.33380849,4.867489125,0.3771673143,1.189085916,-1.0,200.0,200.0,1
47,47,1.559654184e+18,52.3337992,4.867494539,0.3800612092,1.168518313,-1.0,200.0,200.0,1
48,48,1.559654185e+18,52.3337861,4.867494305,0.3823538423,1.151259588,-1.0,200.0,200.0,1
49,49,1.559654186e+18,52.33376468,4.867495636,0.3840436339,1.138523136,-1.0,200.0,200.0,1
50,50,1.559654187e+18,52.33374119,4.867499241,0.3855048716,1.126837588,-1.0,200.0,200.0,1
51,51,1.559654188e+18,52.33371562,4.867506258,0.3866242468,1.116036957,-1.0,200.0,200.0,1
52,52,1.559654189e+18,52.33368898,4.867515983,0.3875078857,1.10570124,-1.0,200.0,200.0,1
53,53,1.55965419e+18,52.33366311,4.867527442,0.3882205188,1.094999199,-1.0,200.0,200.0,1
54,54,1.559654191e+18,52.33363903,4.867539828,0.388782084,1.08351457,-1.0,200.0,200.0,1
55,55,1.559654192e+18,52.33361557,4.867552256,0.3891867697,1.072003598,-1.0,200.0,200.0,1
56,56,1.559654193e+18,52.33360063,4.86755147,0.3893083036,1.057974777,-1.0,200.0,200.0,1
57,57,1.559654194e+18,52.33358393,4.86755116,0.3893967867,1.045126415,-1.0,200.0,200.0,1
58,58,1.559654195e+18,52.33356896,4.8675495,0.389668107,1.03179397,-1.0,200.0,200.0,1
59,59,1.559654196e+18,52.33356682,4.867542664,0.3899787068,1.012518859,-1.0,200.0,200.0,1
60,60,1.559654197e+18,52.33357512,4.867530809,0.3901667893,0.9887132835,-1.0,200.0,200.0,1
61,61,1.559654198e+18,52.33359035,4.867517619,0.3904755116,0.9619340468,-1.0,200.0,200.0,1
62,62,1.559654199e+18,52.33359929,4.867502542,0.3905516267,0.9393366013,-1.0,200.0,200.0,1
63,63,1.55965419927e+18,52.33474108,4.867897601,-1.106226444,-1.0,-1.0,65.0,65.0,1
64,64,1.559654209e+18,52.33460166,4.867835755,-0.6127400398,1.304265201,-1.0,200.0,200.0,1
65,65,1.55965421e+18,52.33451635,4.867814125,-0.343328476,1.335763463,-1.0,200.0,200.0,1
66,66,1.559654211e+18,52.33445085,4.867781995,-0.1711771935,1.354464637,-1.0,200.0,200.0,1
67,67,1.559654212e+18,52.3343934,4.867751153,-0.05087946355,1.367118055,-1.0,200.0,200.0,1
68,68,1.559654213e+18,52.33433893,4.867727138,0.03779543191,1.376599428,-1.0,200.0,200.0,1
69,69,1.55965421323e+18,52.33460945,4.86800176,-1.187887549,-1.0,-1.0,65.0,65.0,1
70,70,1.559654223e+18,52.33432076,4.867898242,-0.6487851143,2.562530735,-1.0,200.0,200.0,1
71,71,1.559654224e+18,52.33413045,4.867838139,-0.3602660596,2.634337868,-1.0,200.0,200.0,1
72,72,1.559654225e+18,52.33397425,4.867786385,-0.1781483442,2.682109365,-1.0,200.0,200.0,1
73,73,1.559654226e+18,52.33384323,4.867739048,-0.0519605428,2.712398221,-1.0,200.0,200.0,1
74,74,1.55965422646e+18,52.33447744,4.867315297,-0.9171512127,-1.0,-1.0,65.0,65.0,1
75,75,1.55965423287e+18,52.3345323,4.867729578,-1.993217468,-1.0,-1.0,65.0,65.0,1
76,76,1.55965423928e+18,52.33466645,4.867898186,-2.358679295,-1.0,-1.0,65.0,65.0,1
77,77,1.55965424542e+18,52.33432474,4.867357201,-2.43948102,-1.0,-1.0,65.0,65.0,1
78,78,1.55965424693e+18,52.33442447,4.867225743,-2.119785547,-1.0,-1.0,65.0,65.0,1
79,79,1.5596542533e+18,52.33429653,4.867247589,-2.329844236,-1.0,-1.0,65.0,65.0,1
80,80,1.55965425445e+18,52.33428003,4.867264704,-2.399679184,-1.0,-1.0,65.0,65.0,1
81,81,1.55965426294e+18,52.33426235,4.867268892,-2.455956459,-1.0,-1.0,65.0,65.0,1
82,82,1.55965426445e+18,52.33439595,4.867192013,-2.16018939,-1.0,-1.0,65.0,65.0,1
83,83,1.55965427046e+18,52.33463732,4.867183283,-2.176632881,-1.0,-1.0,65.0,65.0,1
84,84,1.55965427196e+18,52.3347496,4.867184554,-2.193815708,-1.0,-1.0,65.0,65.0,1
85,85,1.55965427837e+18,52.33486312,4.867188951,-2.218253374,-1.0,-1.0,65.0,65.0,1
86,86,1.55965427953e+18,52.33506134,4.86694591,-2.086552858,-1.0,-1.0,65.0,65.0,1
87,87,1.5596542859e+18,52.33501395,4.868090749,-2.77726078,-1.0,-1.0,65.0,65.0,1
88,88,1.55965428706e+18,52.33498229,4.86838447,-2.885028124,-1.0,-1.0,65.0,65.0,1
89,89,1.559654296e+18,52.3348654,4.86875266,-1.810562968,3.21205303,-1.0,200.0,200.0,1
90,90,1.55965429617e+18,52.33673753,4.867708564,-1.772623897,-1.0,-1.0,100.0052123,100.0052123,1
91,91,1.55965429733e+18,52.33780816,4.867143034,-1.737586498,-1.0,-1.0,100.2533353,100.2533353,1
92,92,1.559654299e+18,52.33387539,4.867313169,0.4814720154,-1.0,-1.0,100.0,100.0,1
93,93,1.5596543e+18,52.33388163,4.86731912,0.5162010193,-1.0,-1.0,50.0,50.0,1
94,94,1.559654301e+18,52.33388498,4.86732088,0.5397605896,-1.0,-1.0,50.0,50.0,1
95,95,1.559654302e+18,52.33389039,4.867361281,0.576259613,-1.0,-1.0,50.0,50.0,1
96,96,1.559654303e+18,52.33388616,4.867373183,0.5667381287,-1.0,-1.0,50.0,50.0,1
97,97,1.559654304e+18,52.33389919,4.867396234,0.5898704529,-1.0,-1.0,50.0,50.0,1
98,98,1.559654305e+18,52.33411259,4.867415344,0.6259422302,0.6000000238,214.8046875,50.0,50.0,1
99,99,1.559654306e+18,52.33408858,4.867428085,0.6458396912,1.320000052,192.3046875,50.0,50.0,1
100,100,1.559654307e+18,52.33428518,4.867417188,0.7709617615,0.6800000072,187.3828125,30.0,30.0,1
101,101,1.559654308e+18,52.33429255,4.867405454,0.9012718201,0.8000000119,183.8671875,10.0,10.0,1
102,102,1.559654309e+18,52.3342773,4.867403861,1.211269379,-1.0,-1.0,10.0,10.0,1
103,103,1.55965431e+18,52.33425722,4.867399335,1.507900238,-1.0,-1.0,10.0,10.0,1
104,104,1.559654311e+18,52.33424381,4.867401179,1.653896332,1.080000043,171.9140625,10.0,10.0,1
105,105,1.559654312e+18,52.33423258,4.867399251,1.917934418,1.080000043,170.5078125,10.0,10.0,1
106,106,1.559654313e+18,52.33422345,4.867394976,2.102565765,1.0,173.3203125,10.0,10.0,1
107,107,1.559654314e+18,52.33421385,4.86737947,2.088283539,1.0,201.796875,10.0,10.0,1
108,108,1.559654315e+18,52.3342123,4.867366394,2.025600433,0.8500000238,235.1953125,10.0,10.0,1
109,109,1.559654316e+18,52.33421837,4.867344601,2.126369476,0.8500000238,272.8125,10.0,10.0,1
110,110,1.559654317e+18,52.33422089,4.867319288,2.146022797,0.8799999952,292.1484375,10.0,10.0,1
111,111,1.559654318e+18,52.33422445,4.867287101,2.15707016,0.8799999952,286.5234375,10.0,10.0,1
112,112,1.559654319e+18,52.33422663,4.86725701,2.190639496,1.110000014,281.25,10.0,10.0,1
0,0,1.5596532e+18,52.33609413,4.867657035,-3.021416187,-1.0,-1.0,1414.0,1414.0,2
1,1,1.55965320042e+18,52.33454952,4.867502798,-3.09953022,-1.0,-1.0,65.0,65.0,2
2,2,1.55965320692e+18,52.33454222,4.867495544,-3.118359327,-1.0,-1.0,65.0,65.0,2
3,3,1.55965322192e+18,52.33454016,4.867493498,-3.120345592,-1.0,-1.0,65.0,65.0,2
4,4,1.55965323693e+18,52.33453966,4.867492995,-3.12110424,-1.0,-1.0,65.0,65.0,2
5,5,1.55965325193e+18,52.33453953,4.867492871,-3.121504784,-1.0,-1.0,65.0,65.0,2
6,6,1.55965326693e+18,52.3345395,4.86749284,-3.121752501,-1.0,-1.0,65.0,65.0,2
7,7,1.55965328194e+18,52.33453949,4.867492833,-3.121920824,-1.0,-1.0,65.0,65.0,2
8,8,1.55965329694e+18,52.33453949,4.867492831,-3.122042656,-1.0,-1.0,65.0,65.0,2
9,9,1.55965331195e+18,52.33453949,4.86749283,-3.122134924,-1.0,-1.0,65.0,65.0,2
10,10,1.55965332695e+18,52.33453949,4.86749283,-3.122207165,-1.0,-1.0,65.0,65.0,2
11,11,1.55965334196e+18,52.33453949,4.86749283,-3.122267723,-1.0,-1.0,65.0,65.0,2
12,12,1.55965335696e+18,52.33453949,4.86749283,-3.122322083,-1.0,-1.0,65.0,65.0,2
13,13,1.55965337197e+18,52.33453949,4.86749283,-3.122370958,-1.0,-1.0,65.0,65.0,2
14,14,1.55965338697e+18,52.33453949,4.86749283,-3.122414827,-1.0,-1.0,65.0,65.0,2
15,15,1.55965340198e+18,52.33453949,4.86749283,-3.122454166,-1.0,-1.0,65.0,65.0,2
16,16,1.55965341698e+18,52.33453949,4.86749283,-3.122489452,-1.0,-1.0,65.0,65.0,2
17,17,1.55965343198e+18,52.33453949,4.86749283,-3.122521162,-1.0,-1.0,65.0,65.0,2
18,18,1.55965344699e+18,52.33453949,4.86749283,-3.122549534,-1.0,-1.0,65.0,65.0,2
19,19,1.55965345553e+18,52.33452393,4.86749552,-3.124291658,-1.0,-1.0,65.0,65.0,2
20,20,1.55965347003e+18,52.33452393,4.86749552,-3.124291658,-1.0,-1.0,65.0,65.0,2
21,21,1.55965347053e+18,52.33452009,4.867496182,-3.125875235,-1.0,-1.0,65.0,65.0,2
22,22,1.55965348554e+18,52.33451915,4.867496345,-3.127317905,-1.0,-1.0,65.0,65.0,2
23,23,1.55965350055e+18,52.33451892,4.867496385,-3.128630161,-1.0,-1.0,65.0,65.0,2
24,24,1.55965351555e+18,52.33451886,4.867496395,-3.129823685,-1.0,-1.0,65.0,65.0,2
25,25,1.55965353056e+18,52.33451885,4.867496397,-3.130909443,-1.0,-1.0,65.0,65.0,2
26,26,1.55965354556e+18,52.33451884,4.867496398,-3.131896973,-1.0,-1.0,65.0,65.0,2
0,0,1.559654527e+18,52.29330325,4.968719756,0.06120866537,-1.0,-1.0,1414.0,1414.0,3
1,1,1.55965453438e+18,52.29279896,4.969282345,0.06120866537,-1.0,-1.0,1519.23076,1519.23076,3
2,2,1.55965453442e+18,52.29279779,4.969283654,0.06120866537,-1.0,-1.0,1519.231521,1519.231521,3
3,3,1.55965453679e+18,52.29289525,4.969242225,0.06120866537,-1.0,-1.0,1414.0,1414.0,3
4,4,1.5596545384e+18,52.29294471,4.9692162,0.06120866537,-1.0,-1.0,1414.0,1414.0,3
5,5,1.55965455895e+18,52.28426177,4.970989875,0.06120866537,-1.0,-1.0,1414.0,1414.0,3
6,6,1.55965455898e+18,52.28108831,4.971464327,0.06120866537,-1.0,-1.0,1414.0,1414.0,3
7,7,1.55965456053e+18,52.27888795,4.972464506,0.06120866537,-1.0,-1.0,1414.0,1414.0,3
8,8,1.55965456055e+18,52.2778688,4.972937244,0.06120866537,-1.0,-1.0,1414.0,1414.0,3
9,9,1.55965457093e+18,52.28374609,4.98163461,0.06120866537,-1.0,-1.0,1463.980675,1463.980675,3
10,10,1.55965457095e+18,52.28734969,4.986009219,0.06120866537,-1.0,-1.0,1463.981089,1463.981089,3
11,11,1.55965457533e+18,52.2889475,4.983253736,0.06120866537,-1.0,-1.0,1472.954928,1472.954928,3
12,12,1.55965457652e+18,52.29008106,4.981290536,0.06120866537,-1.0,-1.0,1473.633755,1473.633755,3
13,13,1.55965457657e+18,52.2908437,4.97996714,0.06120866537,-1.0,-1.0,1473.6348,1473.6348,3
14,14,1.55965457669e+18,52.2913363,4.979112516,0.06120866537,-1.0,-1.0,1473.641645,1473.641645,3
15,15,1.55965457676e+18,52.29165672,4.978556498,0.06120866537,-1.0,-1.0,1473.644021,1473.644021,3
16,16,1.55965457715e+18,52.29185688,4.978209841,0.06120866537,-1.0,-1.0,1473.718219,1473.718219,3
17,17,1.55965457716e+18,52.29199557,4.977968807,0.06120866537,-1.0,-1.0,1473.718257,1473.718257,3
18,18,1.55965457873e+18,52.29204967,4.97787796,0.06120866537,-1.0,-1.0,1474.904218,1474.904218,3
19,19,1.55965458079e+18,52.29207511,4.97783667,0.06120866537,-1.0,-1.0,1476.94649,1476.94649,3
20,20,1.55965458144e+18,52.28480431,4.976558214,0.06120866537,-1.0,-1.0,1414.0,1414.0,3
21,21,1.55965459383e+18,52.28226458,4.984393264,0.06120866537,-1.0,-1.0,1486.286267,1486.286267,3
22,22,1.55965459401e+18,52.28112903,4.988204063,0.06120866537,-1.0,-1.0,1486.301721,1486.301721,3
23,23,1.55965459402e+18,52.28053013,4.990218645,0.06120866537,-1.0,-1.0,1486.301732,1486.301732,3
24,24,1.55965459444e+18,52.28020187,4.991311569,0.06120866537,-1.0,-1.0,1486.386952,1486.386952,3
25,25,1.55965460944e+18,52.27972188,4.992592899,0.06120866537,-1.0,-1.0,1582.0,1582.0,3
26,26,1.55965466041e+18,52.27954185,4.993183553,0.06120866537,-1.0,-1.0,1582.0,1582.0,3
27,27,1.55965466041e+18,52.27969682,4.992842091,0.06120866537,-1.0,-1.0,1582.0,1582.0,3
28,28,1.55965466055e+18,52.2655532,4.993885225,0.06120866537,-1.0,-1.0,1582.00793,1582.00793,3
29,29,1.559654661e+18,52.25751739,4.994481524,0.06120866537,-1.0,-1.0,1582.092968,1582.092968,3
30,30,1.55965466331e+18,52.26129397,4.983604017,0.06120866537,-1.0,-1.0,1584.298187,1584.298187,3
31,31,1.55965466334e+18,52.26331455,4.977798713,0.06120866537,-1.0,-1.0,1584.298676,1584.298676,3
32,32,1.55965466893e+18,52.25316136,4.986611852,0.06120866537,-1.0,-1.0,1597.222596,1597.222596,3
33,33,1.55965466895e+18,52.24630032,4.992561862,0.06120866537,-1.0,-1.0,1597.222734,1597.222734,3
34,34,1.55965471703e+18,52.24316188,5.005377009,0.06120866537,-1.0,-1.0,2402.462341,2402.462341,3
35,35,1.55965471706e+18,52.24560557,5.008868984,0.06120866537,-1.0,-1.0,2402.462627,2402.462627,3
36,36,1.55965473495e+18,52.23098969,5.008083086,0.06120866537,-1.0,-1.0,1414.0,1414.0,3
37,37,1.55965473497e+18,52.22872889,5.00777285,0.06120866537,-1.0,-1.0,1414.0,1414.0,3
38,38,1.55965474901e+18,52.22429112,5.004773612,-0.3337347507,-1.0,-1.0,165.0,165.0,3
39,39,1.55965475021e+18,52.22421662,5.004756718,-0.7220420837,-1.0,-1.0,165.0,165.0,3
40,40,1.55965476378e+18,52.22350585,5.005148665,-0.7220420837,-1.0,-1.0,505.1665233,505.1665233,3
41,41,1.55965476382e+18,52.22384,5.005411174,-0.7220420837,-1.0,-1.0,505.1678858,505.1678858,3
42,42,1.55965476503e+18,52.22378277,5.005441762,-0.7220420837,-1.0,-1.0,507.0069023,507.0069023,3
43,43,1.55965476505e+18,52.22378201,5.005442166,-0.7220420837,-1.0,-1.0,507.0072318,507.0072318,3
44,44,1.55965481004e+18,52.21109209,5.002456733,-0.7220420837,-1.0,-1.0,1670.521303,1670.521303,3
45,45,1.55965481007e+18,52.2060707,4.996917653,-0.7220420837,-1.0,-1.0,1670.521666,1670.521666,3
46,46,1.55965484812e+18,52.19225842,4.992549714,-0.7220420837,-1.0,-1.0,1414.0,1414.0,3
47,47,1.55965484813e+18,52.19101633,4.992492148,-0.7220420837,-1.0,-1.0,1414.0,1414.0,3
48,48,1.55965484815e+18,52.19039478,4.992463287,-0.7220420837,-1.0,-1.0,1414.0,1414.0,3
49,49,1.55965484837e+18,52.19007459,4.992447404,-0.7220420837,-1.0,-1.0,1414.0,1414.0,3
50,50,1.55965484837e+18,52.18992463,4.992441026,-0.7220420837,-1.0,-1.0,1414.0,1414.0,3
51,51,1.55965486542e+18,52.18599908,4.9899874,-0.7220420837,-1.0,-1.0,1539.538826,1539.538826,3
52,52,1.55965486546e+18,52.18407888,4.988270554,-0.7220420837,-1.0,-1.0,1539.539383,1539.539383,3
53,53,1.5596548969e+18,52.1725086,4.985629903,-0.7220420837,-1.0,-1.0,2805.0,2805.0,3
54,54,1.55965489693e+18,52.17089739,4.985563999,-0.7220420837,-1.0,-1.0,1414.0,1414.0,3
55,55,1.55965490112e+18,52.17060948,4.985423416,-0.7220420837,-1.0,-1.0,1422.459586,1422.459586,3
56,56,1.55965490261e+18,52.17051205,4.985375842,-0.7220420837,-1.0,-1.0,1423.542647,1423.542647,3
57,57,1.55965490267e+18,52.17050786,4.985373798,-0.7220420837,-1.0,-1.0,1423.544717,1423.544717,3
58,58,1.55965490291e+18,52.17049208,4.985366091,-0.7220420837,-1.0,-1.0,1423.574264,1423.574264,3
59,59,1.55965490292e+18,52.1704918,4.985365954,-0.7220420837,-1.0,-1.0,1423.574273,1423.574273,3
60,60,1.55965490434e+18,52.17040099,4.985321616,-0.7220420837,-1.0,-1.0,1424.57367,1424.57367,3
61,61,1.55965490514e+18,52.17035072,4.985297072,-0.7220420837,-1.0,-1.0,1424.892826,1424.892826,3
62,62,1.5596549052e+18,52.17034681,4.985295162,-0.7220420837,-1.0,-1.0,1424.894795,1424.894795,3
63,63,1.55965490872e+18,52.17013291,4.985190717,-0.7220420837,-1.0,-1.0,1431.01937,1431.01937,3
64,64,1.55965490943e+18,52.17086336,4.983694305,-0.7220420837,-1.0,-1.0,1431.27113,1431.27113,3
65,65,1.55965491384e+18,52.17182373,4.980546845,-0.7220420837,-1.0,-1.0,1440.897932,1440.897932,3
66,66,1.55965491423e+18,52.17256895,4.978641937,-0.7220420837,-1.0,-1.0,1440.975326,1440.975326,3
67,67,1.55965493354e+18,52.16055732,4.991017843,-0.7220420837,-1.0,-1.0,1518.0,1518.0,3
68,68,1.55965493358e+18,52.15555459,4.996828957,-0.7220420837,-1.0,-1.0,1518.0,1518.0,3
69,69,1.5596549391e+18,52.15272563,4.994789642,-0.7220420837,-1.0,-1.0,1464.0,1464.0,3
70,70,1.55965493913e+18,52.15178105,4.99362232,-0.7220420837,-1.0,-1.0,1464.0,1464.0,3
71,71,1.55965494632e+18,52.15207717,4.995508357,-0.7220420837,-1.0,-1.0,1414.0,1414.0,3
72,72,1.55965494634e+18,52.15263706,4.996110019,-0.7220420837,-1.0,-1.0,1414.0,1414.0,3
73,73,1.55965494822e+18,52.14925076,4.99907686,-0.7220420837,-1.0,-1.0,1414.0,1414.0,3
74,74,1.55965494825e+18,52.1476693,5.000485403,-0.7220420837,-1.0,-1.0,1414.0,1414.0,3
75,75,1.55965496285e+18,52.1461092,5.001531391,-0.7220420837,-1.0,-1.0,1511.372962,1511.372962,3
76,76,1.55965496396e+18,52.14600535,5.001601016,-0.7220420837,-1.0,-1.0,1511.961004,1511.961004,3
77,77,1.55965496403e+18,52.14599868,5.001605488,-0.7220420837,-1.0,-1.0,1511.963492,1511.963492,3
78,78,1.55965496453e+18,52.14595179,5.001636925,-0.7220420837,-1.0,-1.0,1512.087293,1512.087293,3
79,79,1.55965496561e+18,52.14585296,5.001703186,-0.7220420837,-1.0,-1.0,1512.649943,1512.649943,3
80,80,1.55965496902e+18,52.1455499,5.001906378,-0.7220420837,-1.0,-1.0,1518.263099,1518.263099,3
81,81,1.55965497852e+18,52.14478738,5.002417614,-0.7220420837,-1.0,-1.0,1560.033448,1560.033448,3
82,82,1.55965497855e+18,52.1447853,5.002419009,-0.7220420837,-1.0,-1.0,1560.033827,1560.033827,3
83,83,1.55965498004e+18,52.14467597,5.002492312,-0.7220420837,-1.0,-1.0,1561.094215,1561.094215,3
84,84,1.55965498004e+18,52.14467568,5.002492508,-0.7220420837,-1.0,-1.0,1561.094223,1561.094223,3
85,85,1.55965498102e+18,52.14472691,5.002335697,-0.7220420837,-1.0,-1.0,1561.554208,1561.554208,3
86,86,1.55965498748e+18,52.14445918,5.002408072,-0.7220420837,-1.0,-1.0,1581.046437,1581.046437,3
87,87,1.55965498813e+18,52.14441737,5.0024358,-0.7220420837,-1.0,-1.0,1581.2526,1581.2526,3
88,88,1.55965498816e+18,52.14441564,5.002436947,-0.7220420837,-1.0,-1.0,1581.252957,1581.252957,3
89,89,1.55965498928e+18,52.14434565,5.002483359,-0.7220420837,-1.0,-1.0,1581.846238,1581.846238,3
90,90,1.55965499036e+18,52.14497769,5.009600313,-0.7220420837,-1.0,-1.0,1582.403394,1582.403394,3
91,91,1.55965499412e+18,52.14527898,5.01415904,-0.7220420837,-1.0,-1.0,1589.089014,1589.089014,3
92,92,1.55965499463e+18,52.14558822,5.01692029,-0.7220420837,-1.0,-1.0,1589.213595,1589.213595,3
93,93,1.55965499919e+18,52.14564873,5.018785731,-0.7220420837,-1.0,-1.0,1598.927206,1598.927206,3
94,94,1.55965499997e+18,52.14581401,5.019827151,-0.7220420837,-1.0,-1.0,1599.213738,1599.213738,3
95,95,1.55965501433e+18,52.14556487,5.020899184,-0.7220420837,-1.0,-1.0,1688.321349,1688.321349,3
96,96,1.55965501948e+18,52.14447808,5.020583906,-0.7220420837,-1.0,-1.0,1699.670638,1699.670638,3
97,97,1.55965501949e+18,52.1439119,5.020246115,-0.7220420837,-1.0,-1.0,1699.670756,1699.670756,3
98,98,1.5596550241e+18,52.144672,5.014040419,-0.7220420837,-1.0,-1.0,1414.0,1414.0,3
99,99,1.55965502458e+18,52.14498054,5.011859674,-0.7220420837,-1.0,-1.0,1414.0,1414.0,3
100,100,1.55965502807e+18,52.14874782,5.017757364,-0.7220420837,-1.0,-1.0,1420.305989,1420.305989,3
101,101,1.55965502949e+18,52.15116927,5.021454326,-0.7220420837,-1.0,-1.0,1421.367199,1421.367199,3
102,102,1.5596550295e+18,52.15270923,5.023746816,-0.7220420837,-1.0,-1.0,1421.367237,1421.367237,3
103,103,1.55965502977e+18,52.15367441,5.025194116,-0.7220420837,-1.0,-1.0,1421.405023,1421.405023,3
104,104,1.55965503202e+18,52.15426169,5.02615324,-0.7220420837,-1.0,-1.0,1424.050306,1424.050306,3
105,105,1.55965503771e+18,52.15460736,5.02684092,-0.7220420837,-1.0,-1.0,1440.573643,1440.573643,3
106,106,1.55965503804e+18,52.15487233,5.027144917,-0.7220420837,-1.0,-1.0,1440.628662,1440.628662,3
0,0,1.559653556e+18,52.33497266,4.868189513,-3.002180099,-1.0,-1.0,137.2825991,137.2825991,4
1,1,1.55965355636e+18,52.33504812,4.86861174,-3.028253078,-1.0,-1.0,65.0,65.0,4
2,2,1.55965355712e+18,52.3349497,4.86850189,25.87514877,2.220000029,116.71875,50.0,50.0,4
3,3,1.55965355765e+18,52.33494052,4.86853173,25.47274399,2.220000029,116.71875,50.0,50.0,4
4,4,1.55965355867e+18,52.33497991,4.868394434,16.00075912,2.220000029,61.5234375,10.0,10.0,4
5,5,1.55965355976e+18,52.33498176,4.868388735,1.256984711,2.220000029,112.5,10.0,10.0,4
6,6,1.55965356076e+18,52.33497325,4.868401224,1.634548187,1.330000043,94.5703125,10.0,10.0,4
7,7,1.55965356176e+18,52.33496495,4.868414802,2.454921722,1.080000043,90.3515625,10.0,10.0,4
8,8,1.55965356276e+18,52.33496378,4.868432991,3.680934906,1.350000024,68.90625,10.0,10.0,4
9,9,1.55965356376e+18,52.33496533,4.868444894,3.139247894,1.279999971,52.3828125,10.0,10.0,4
10,10,1.55965356476e+18,52.33497011,4.868452018,3.571926117,1.279999971,34.8046875,10.0,10.0,4
11,11,1.55965356576e+18,52.33497467,4.868452689,3.570034027,0.9499999881,28.828125,10.0,10.0,4
12,12,1.55965356676e+18,52.33497849,4.868453024,3.662502289,0.9499999881,46.7578125,10.0,10.0,4
13,13,1.55965356776e+18,52.33498155,4.868452856,4.091213226,0.7799999714,43.59375,10.0,10.0,4
14,14,1.55965356876e+18,52.33498247,4.868449755,4.613491058,0.1899999976,165.5859375,10.0,10.0,4
15,15,1.55965356976e+18,52.33498247,4.868449755,4.576747894,0.0,309.375,10.0,10.0,4
16,16,1.55965357076e+18,52.33498247,4.868449755,4.422756195,0.0,123.046875,10.0,10.0,4
17,17,1.55965357176e+18,52.33498247,4.868449755,4.741664886,0.0,88.9453125,10.0,10.0,4
18,18,1.55965357276e+18,52.33497979,4.868437266,4.840908051,0.1800000072,60.46875,10.0,10.0,4
19,19,1.55965357376e+18,52.33497979,4.868437266,4.630092621,0.0,271.0546875,10.0,10.0,4
20,20,1.55965357476e+18,52.33497979,4.868437266,4.522060394,0.0,259.8046875,10.0,10.0,4
21,21,1.55965357576e+18,52.33497979,4.868437266,4.558315277,0.0,259.8046875,10.0,10.0,4
22,22,1.55965357676e+18,52.33497979,4.868437266,4.564907074,0.0,259.8046875,10.0,10.0,4
23,23,1.55965357776e+18,52.33497979,4.868437266,4.822658539,0.0,259.8046875,10.0,10.0,4
24,24,1.55965357876e+18,52.33497979,4.868437266,4.831691742,0.0,259.8046875,10.0,10.0,4
25,25,1.55965357976e+18,52.33497979,4.868437266,4.832485199,0.0,259.8046875,10.0,10.0,4
26,26,1.55965358076e+18,52.33497979,4.868437266,4.830898285,0.0,259.8046875,10.0,10.0,4
27,27,1.55965358176e+18,52.33497979,4.868437266,4.761440277,0.0,259.8046875,10.0,10.0,4
28,28,1.55965358276e+18,52.33498293,4.868428716,4.812038422,0.2099999934,303.046875,10.0,10.0,4
29,29,1.55965358376e+18,52.33498293,4.868428716,4.890895844,0.0,80.15625,10.0,10.0,4
30,30,1.55965358476e+18,52.33498293,4.868428716,5.18655014,0.0,205.3125,10.0,10.0,4
31,31,1.55965358576e+18,52.33498293,4.868428716,5.224452972,0.0,198.28125,10.0,10.0,4
32,32,1.55965358676e+18,52.33498293,4.868428716,4.978969574,0.0,27.0703125,10.0,10.0,4
33,33,1.55965358776e+18,52.33498293,4.868428716,4.883144379,0.0,71.71875,10.0,10.0,4
34,34,1.55965358876e+18,52.33498293,4.868428716,4.695705414,0.0,100.546875,10.0,10.0,4
35,35,1.55965358976e+18,52.33498293,4.868428716,4.563259125,0.0,141.6796875,10.0,10.0,4
36,36,1.55965359076e+18,52.33498293,4.868428716,4.503505707,0.0,141.6796875,10.0,10.0,4
37,37,1.55965359176e+18,52.33498293,4.868428716,4.529689789,0.0,141.6796875,10.0,10.0,4
38,38,1.55965359276e+18,52.33498293,4.868428716,4.515956879,0.0,141.6796875,10.0,10.0,4
39,39,1.55965359376e+18,52.33498293,4.868428716,4.488368988,0.0,141.6796875,10.0,10.0,4
40,40,1.55965359476e+18,52.33498293,4.868428716,4.469814301,0.0,141.6796875,10.0,10.0,4
41,41,1.55965359576e+18,52.33498293,4.868428716,4.699367523,0.0,141.6796875,10.0,10.0,4
42,42,1.55965359676e+18,52.33498293,4.868428716,4.707485199,0.0,141.6796875,10.0,10.0,4
43,43,1.55965359776e+18,52.33498293,4.868428716,4.614650726,0.0,141.6796875,10.0,10.0,4
44,44,1.55965359876e+18,52.33498293,4.868428716,4.644618988,0.0,141.6796875,10.0,10.0,4
45,45,1.55965359976e+18,52.33498293,4.868428716,4.790431976,0.0,141.6796875,10.0,10.0,4
46,46,1.55965360076e+18,52.33498293,4.868428716,4.883266449,0.0,141.6796875,10.0,10.0,4
47,47,1.55965360176e+18,52.33498293,4.868428716,5.166652679,0.0,141.6796875,10.0,10.0,4
48,48,1.55965360276e+18,52.33498293,4.868428716,5.354824066,0.0,141.6796875,10.0,10.0,4
49,49,1.55965360376e+18,52.33498293,4.868428716,5.147914886,0.0,141.6796875,10.0,10.0,4
50,50,1.55965360476e+18,52.33498293,4.868428716,5.258815765,0.0,141.6796875,10.0,10.0,4
51,51,1.55965360576e+18,52.33498293,4.868428716,5.194484711,0.0,141.6796875,10.0,10.0,4
52,52,1.55965360676e+18,52.33498293,4.868428716,5.32125473,0.0,141.6796875,10.0,10.0,4
53,53,1.55965360776e+18,52.33498293,4.868428716,5.041347504,0.0,141.6796875,10.0,10.0,4
54,54,1.55965360876e+18,52.33498293,4.868428716,5.009548187,0.0,141.6796875,10.0,10.0,4
55,55,1.55965360976e+18,52.33498293,4.868428716,5.010951996,0.0,141.6796875,10.0,10.0,4
56,56,1.55965361076e+18,52.33498293,4.868428716,4.922756195,0.0,141.6796875,10.0,10.0,4
57,57,1.55965361176e+18,52.33498293,4.868428716,4.326442719,0.0,141.6796875,10.0,10.0,4
58,58,1.55965361276e+18,52.33498293,4.868428716,4.300930023,0.0,141.6796875,10.0,10.0,4
59,59,1.55965361376e+18,52.33498293,4.868428716,4.089809418,0.0,250.6640625,10.0,10.0,4
60,60,1.55965361476e+18,52.33498553,4.868431818,4.421596527,0.2700000107,333.6328125,10.0,10.0,4
61,61,1.55965361576e+18,52.33498435,4.868425615,3.956020355,0.1899999976,27.421875,10.0,10.0,4
62,62,1.55965361676e+18,52.3349815,4.868418491,4.191555023,0.3300000131,162.7734375,10.0,10.0,4
63,63,1.55965361776e+18,52.3349815,4.868418491,3.979091644,0.0,238.7109375,10.0,10.0,4
64,64,1.55965361876e+18,52.33497082,4.868408097,3.629482269,0.3199999928,191.25,10.0,10.0,4
65,65,1.55965361976e+18,52.33497136,4.868402146,3.617336273,0.3199999928,342.7734375,10.0,10.0,4
66,66,1.55965362076e+18,52.33497505,4.868397368,3.773403168,0.4099999964,33.75,10.0,10.0,4
67,67,1.55965362176e+18,52.33497639,4.86839653,3.695888519,0.4099999964,34.1015625,10.0,10.0,4
68,68,1.55965362276e+18,52.33497639,4.86839653,4.059597015,0.0,346.640625,10.0,10.0,4
69,69,1.55965362376e+18,52.33497639,4.86839653,4.227016449,0.0,219.7265625,10.0,10.0,4
70,70,1.55965362476e+18,52.33497639,4.86839653,3.820339203,0.0,242.9296875,10.0,10.0,4
71,71,1.55965362576e+18,52.33497639,4.86839653,3.819606781,0.0,241.875,10.0,10.0,4
72,72,1.55965362676e+18,52.33495929,4.868344311,4.002468109,0.1800000072,211.2890625,10.0,10.0,4
73,73,1.55965362776e+18,52.33495929,4.868344311,4.209255219,0.0,338.5546875,10.0,10.0,4
74,74,1.55965362876e+18,52.33495414,4.868329223,4.03585434,0.150000006,67.8515625,10.0,10.0,4
75,75,1.55965362976e+18,52.33495414,4.868329223,4.378017426,0.0,60.46875,10.0,10.0,4
76,76,1.55965363076e+18,52.33495414,4.868329223,4.069972992,0.0,168.046875,10.0,10.0,4
77,77,1.55965363176e+18,52.33495414,4.868329223,4.343349457,0.0,316.7578125,10.0,10.0,4
78,78,1.55965363276e+18,52.33495414,4.868329223,4.764308929,0.0,316.7578125,10.0,10.0,4
79,79,1.55965363376e+18,52.33495414,4.868329223,5.061061859,0.0,316.7578125,10.0,10.0,4
80,80,1.55965363476e+18,52.33495414,4.868329223,5.061000824,0.0,316.7578125,10.0,10.0,4
81,81,1.55965363576e+18,52.33495414,4.868329223,4.797634125,0.0,316.7578125,10.0,10.0,4
82,82,1.55965363676e+18,52.33495414,4.868329223,4.826259613,0.0,316.7578125,10.0,10.0,4
83,83,1.55965363776e+18,52.33495414,4.868329223,4.984951019,0.0,316.7578125,10.0,10.0,4
84,84,1.55965363876e+18,52.33495414,4.868329223,5.268032074,0.0,316.7578125,10.0,10.0,4
85,85,1.55965363976e+18,52.33495414,4.868329223,5.210353851,0.0,316.7578125,10.0,10.0,4
86,86,1.55965364076e+18,52.33495414,4.868329223,5.210353851,0.0,316.7578125,10.0,10.0,4
87,87,1.55965364176e+18,52.33495414,4.868329223,5.24703598,0.0,316.7578125,10.0,10.0,4
88,88,1.55965364276e+18,52.33495414,4.868329223,5.374904633,0.0,316.7578125,10.0,10.0,4
89,89,1.55965364376e+18,52.33495414,4.868329223,5.384975433,0.0,316.7578125,10.0,10.0,4
90,90,1.55965364476e+18,52.33495414,4.868329223,5.385158539,0.0,316.7578125,10.0,10.0,4
91,91,1.55965364576e+18,52.33495414,4.868329223,5.344875336,0.0,316.7578125,10.0,10.0,4
92,92,1.55965364676e+18,52.33495414,4.868329223,5.187282562,0.0,316.7578125,10.0,10.0,4
93,93,1.55965364776e+18,52.33495414,4.868329223,5.187221527,0.0,316.7578125,10.0,10.0,4
94,94,1.55965364876e+18,52.33495414,4.868329223,5.365810394,0.0,316.7578125,10.0,10.0,4
95,95,1.55965364976e+18,52.33495414,4.868329223,5.365749359,0.0,316.7578125,10.0,10.0,4
96,96,1.55965365076e+18,52.33495414,4.868329223,4.12191391,0.0,316.7578125,10.0,10.0,4
97,97,1.55965365176e+18,52.33495414,4.868329223,4.12191391,0.0,316.7578125,10.0,10.0,4
98,98,1.55965365276e+18,52.33495414,4.868329223,3.91701889,0.0,316.7578125,10.0,10.0,4
99,99,1.55965365376e+18,52.33495414,4.868329223,3.893764496,0.0,345.9375,10.0,10.0,4
100,100,1.55965365476e+18,52.33495414,4.868329223,3.742946625,0.0,10.1953125,10.0,10.0,4
101,101,1.55965365576e+18,52.33495414,4.868329223,3.508876801,0.0,239.765625,10.0,10.0,4
102,102,1.55965365676e+18,52.33495414,4.868329223,3.508266449,0.0,239.765625,10.0,10.0,4
103,103,1.55965365776e+18,52.33495414,4.868329223,3.687587738,0.0,239.765625,10.0,10.0,4
104,104,1.55965365876e+18,52.33495414,4.868329223,3.729213715,0.0,239.765625,10.0,10.0,4
105,105,1.55965365976e+18,52.33495414,4.868329223,3.573085785,0.0,-1.0,10.0,10.0,4
106,106,1.55965366076e+18,52.33495414,4.868329223,3.324977875,0.0,-1.0,10.0,10.0,4
107,107,1.55965366176e+18,52.33495414,4.868329223,3.245571136,0.0,-1.0,10.0,10.0,4
108,108,1.55965366276e+18,52.33495414,4.868329223,3.177028656,0.0,-1.0,10.0,10.0,4
109,109,1.55965366376e+18,52.33495414,4.868329223,3.199428558,0.0,-1.0,10.0,10.0,4
110,110,1.55965366476e+18,52.33495414,4.868329223,3.199062347,0.0,-1.0,10.0,10.0,4
111,111,1.55965366576e+18,52.33494018,4.86832168,3.773097992,0.7599999905,350.15625,10.0,10.0,4
112,112,1.55965366676e+18,52.33495485,4.868320171,4.609584808,1.299999952,9.84375,10.0,10.0,4
113,113,1.55965366776e+18,52.334973,4.868327128,4.371120453,1.299999952,8.7890625,10.0,10.0,4
114,114,1.55965366876e+18,52.33498553,4.868327882,4.040981293,1.299999952,333.984375,10.0,10.0,4
115,115,1.55965366976e+18,52.33499345,4.868322937,3.154140472,1.539999962,338.90625,10.0,10.0,4
116,116,1.55965367076e+18,52.33500954,4.868320003,3.739345551,2.039999962,346.9921875,10.0,10.0,4
117,117,1.55965367176e+18,52.3350222,4.86832168,3.490322113,2.039999962,356.484375,10.0,10.0,4
118,118,1.55965367276e+18,52.33503222,4.868324948,3.297389984,1.039999962,4.5703125,10.0,10.0,4
119,119,1.55965367376e+18,52.33504022,4.868327295,2.760402679,0.8799999952,5.625,10.0,10.0,4
120,120,1.55965367476e+18,52.33504785,4.868330732,2.816432953,1.00999999,3.515625,10.0,10.0,4
121,121,1.55965367576e+18,52.33505765,4.868335258,3.126003265,1.080000043,2.109375,10.0,10.0,4
122,122,1.55965367676e+18,52.33506989,4.868339868,3.072353363,1.49000001,4.21875,10.0,10.0,4
123,123,1.55965367776e+18,52.33508381,4.868344814,3.022426605,1.480000019,6.6796875,10.0,10.0,4
124,124,1.55965367876e+18,52.33510078,4.868346658,3.236293793,1.49000001,3.8671875,10.0,10.0,4
125,125,1.55965367976e+18,52.33511721,4.868353028,3.811244965,1.659999967,4.21875,10.0,10.0,4
126,126,1.55965368076e+18,52.33513179,4.86835747,4.488185883,1.409999967,359.296875,10.0,10.0,4
127,127,1.55965368176e+18,52.33514545,4.868361829,4.534999847,1.409999967,7.734375,10.0,10.0,4
128,128,1.55965368276e+18,52.3351566,4.868368953,4.836940765,1.00999999,19.3359375,10.0,10.0,4
129,129,1.55965368376e+18,52.33516716,4.868373731,5.104763031,0.9100000262,350.5078125,10.0,10.0,4
130,130,1.55965368476e+18,52.33517781,4.868377754,5.199367523,0.7099999785,339.609375,10.0,10.0,4
131,131,1.55965368576e+18,52.33519172,4.868379347,5.428798676,1.049999952,13.7109375,10.0,10.0,4
132,132,1.55965368676e+18,52.33520643,4.868382281,5.58889389,1.049999952,8.7890625,10.0,10.0,4
133,133,1.55965368776e+18,52.33522039,4.868386304,5.631374359,1.00999999,5.2734375,10.0,10.0,4
134,134,1.55965368876e+18,52.33523439,4.868388902,5.995754242,1.00999999,2.8125,10.0,10.0,4
135,135,1.55965368976e+18,52.33524725,4.868392004,6.342556,1.149999976,15.46875,10.0,10.0,4
136,136,1.55965369076e+18,52.33525823,4.868395273,6.687038422,0.9300000072,5.9765625,10.0,10.0,4
137,137,1.55965369176e+18,52.33527164,4.868396781,7.097255707,1.309999943,358.59375,10.0,10.0,4
138,138,1.55965369276e+18,52.3352892,4.868396698,6.708095551,1.309999943,350.5078125,10.0,10.0,4
139,139,1.55965369376e+18,52.33530609,4.86839477,7.299770355,1.549999952,355.78125,10.0,10.0,4
140,140,1.55965369476e+18,52.33532256,4.868392088,7.41878891,1.559999943,346.9921875,10.0,10.0,4
141,141,1.55965369576e+18,52.3353379,4.868387477,7.610012054,1.25,341.3671875,10.0,10.0,4
142,142,1.55965369676e+18,52.33535219,4.868382029,7.513515472,1.450000048,343.4765625,10.0,10.0,4
143,143,1.55965369776e+18,52.33536619,4.868377754,7.306240082,1.25,357.5390625,10.0,10.0,4
144,144,1.55965369876e+18,52.33538019,4.868373983,7.233486176,1.450000048,347.6953125,10.0,10.0,4
145,145,1.55965369976e+18,52.33539695,4.868371217,7.010890961,1.519999981,354.375,10.0,10.0,4
146,146,1.55965370076e+18,52.3354128,4.868368283,6.840297699,1.559999943,352.6171875,10.0,10.0,4
147,147,1.55965370176e+18,52.33542466,4.868363254,6.642910004,1.559999943,339.609375,10.0,10.0,4
148,148,1.55965370276e+18,52.33543618,4.868357889,7.043422699,1.460000038,349.453125,10.0,10.0,4
149,149,1.55965370376e+18,52.33545165,4.868353112,6.852443695,1.460000038,351.9140625,10.0,10.0,4
150,150,1.55965370476e+18,52.33546724,4.868348753,6.647853851,1.580000043,351.5625,10.0,10.0,4
151,151,1.55965370576e+18,52.33548157,4.86834364,6.577358246,1.360000014,342.7734375,10.0,10.0,4
152,152,1.55965370676e+18,52.33549096,4.868339701,6.406398773,1.360000014,336.4453125,10.0,10.0,4
153,153,1.55965370776e+18,52.33549976,4.868333498,6.373500824,1.230000019,334.6875,10.0,10.0,4
154,154,1.55965370876e+18,52.33551309,4.868326709,6.414455414,1.230000019,350.859375,10.0,10.0,4
155,155,1.55965370976e+18,52.33552742,4.868320255,6.811672211,1.409999967,344.8828125,10.0,10.0,4
156,156,1.55965371076e+18,52.33554397,4.868316399,7.038478851,1.919999957,352.96875,10.0,10.0,4
157,157,1.55965371176e+18,52.33555994,4.86831313,7.207241058,1.919999957,346.9921875,10.0,10.0,4
158,158,1.55965371276e+18,52.33557419,4.868310364,7.500087738,1.620000005,350.859375,10.0,10.0,4
159,159,1.55965371376e+18,52.33558815,4.868307766,7.726039886,1.580000043,343.828125,10.0,10.0,4
160,160,1.55965371476e+18,52.33560177,4.868305,7.44625473,1.440000057,348.75,10.0,10.0,4
161,161,1.55965371576e+18,52.33561727,4.868300809,7.395046234,1.629999995,345.234375,10.0,10.0,4
162,162,1.55965371676e+18,52.33563098,4.868295277,7.402370453,1.629999995,340.6640625,10.0,10.0,4
163,163,1.55965371776e+18,52.33564418,4.868288487,7.43441391,1.580000043,338.90625,10.0,10.0,4
164,164,1.55965371876e+18,52.33565642,4.868280357,7.209011078,1.389999986,343.4765625,10.0,10.0,4
165,165,1.55965371976e+18,52.33566886,4.868273232,7.213954926,1.519999981,348.75,10.0,10.0,4
166,166,1.55965372076e+18,52.33568223,4.868266946,7.241970062,1.330000043,346.9921875,10.0,10.0,4
167,167,1.55965372176e+18,52.33569443,4.868263761,7.201137543,1.330000043,355.78125,10.0,10.0,4
168,168,1.55965372276e+18,52.33570725,4.86825957,7.117336273,1.330000043,348.75,10.0,10.0,4
169,169,1.55965372376e+18,52.33572108,4.868254205,7.244594574,1.399999976,350.859375,10.0,10.0,4
170,170,1.55965372476e+18,52.3357337,4.868248506,7.079494476,1.399999976,338.90625,10.0,10.0,4
171,171,1.55965372576e+18,52.33574577,4.868241297,7.000637054,1.129999995,341.015625,10.0,10.0,4
172,172,1.55965372676e+18,52.33575687,4.868235933,6.934719086,1.129999995,4.21875,10.0,10.0,4
173,173,1.55965372776e+18,52.33577007,4.868232831,6.916347504,1.129999995,10.546875,10.0,10.0,4
174,174,1.55965372876e+18,52.3357839,4.868233334,7.041225433,1.179999948,3.1640625,10.0,10.0,4
175,175,1.55965372976e+18,52.33579522,4.868234927,6.907314301,1.179999948,12.65625,10.0,10.0,4
176,176,1.55965373076e+18,52.33580842,4.868239537,6.757656097,1.429999948,12.3046875,10.0,10.0,4
177,177,1.55965373176e+18,52.33582351,4.868244147,6.622890472,1.429999948,13.0078125,10.0,10.0,4
178,178,1.55965373276e+18,52.3358396,4.868248757,6.643215179,1.429999948,5.9765625,10.0,10.0,4
179,179,1.55965373376e+18,52.33585427,4.868252026,6.395412445,1.419999957,2.8125,10.0,10.0,4
180,180,1.55965373476e+18,52.3358712,4.86825102,6.285366058,1.570000052,350.859375,10.0,10.0,4
181,181,1.55965373576e+18,52.33588981,4.868249176,6.564174652,1.580000043,2.109375,10.0,10.0,4
182,182,1.55965373676e+18,52.33590674,4.868246326,6.001918793,1.590000033,1.40625,10.0,10.0,4
183,183,1.55965373776e+18,52.33592237,4.868248589,5.964870453,1.580000043,6.328125,10.0,10.0,4
184,184,1.55965373876e+18,52.33593813,4.868253954,6.009609222,1.529999971,11.953125,10.0,10.0,4
185,185,1.55965373976e+18,52.3359536,4.868258731,6.034877777,1.5,13.0078125,10.0,10.0,4
186,186,1.55965374076e+18,52.33596831,4.868263006,6.356838226,1.559999943,5.9765625,10.0,10.0,4
187,187,1.55965374176e+18,52.33598184,4.868265856,6.312221527,1.559999943,6.328125,10.0,10.0,4
188,188,1.55965374276e+18,52.33599588,4.868264683,5.945156097,1.299999952,20.7421875,10.0,10.0,4
189,189,1.55965374376e+18,52.33601105,4.868262587,5.833034515,1.299999952,11.25,10.0,10.0,4
190,190,1.55965374476e+18,52.33603008,4.868260156,5.876796722,1.429999948,7.03125,10.0,10.0,4
191,191,1.55965374576e+18,52.33604819,4.86825496,5.795192719,1.559999943,1.40625,10.0,10.0,4
192,192,1.55965374676e+18,52.33606235,4.868249176,6.03811264,1.559999943,14.765625,10.0,10.0,4
193,193,1.55965374776e+18,52.33607325,4.868246578,6.12191391,1.169999957,24.9609375,10.0,10.0,4
194,194,1.55965374876e+18,52.33608758,4.86824465,6.195522308,1.169999957,12.65625,10.0,10.0,4
195,195,1.55965374976e+18,52.33609898,4.868241884,5.975734711,0.9399999976,26.015625,10.0,10.0,4
196,196,1.55965375076e+18,52.3361077,4.868236687,5.923366547,0.6399999857,22.5,10.0,10.0,4
197,197,1.55965375176e+18,52.33611692,4.868237777,5.798061371,1.090000033,36.9140625,10.0,10.0,4
198,198,1.55965375276e+18,52.3361289,4.868244482,5.721157074,1.090000033,39.0234375,10.0,10.0,4
199,199,1.55965375376e+18,52.33614022,4.868252026,5.775234222,1.360000014,41.8359375,10.0,10.0,4
200,200,1.55965375476e+18,52.33615011,4.86825739,5.871059418,1.360000014,39.7265625,10.0,10.0,4
201,201,1.55965375576e+18,52.33615623,4.868256804,5.901821136,0.4499999881,22.1484375,10.0,10.0,4
202,202,1.55965375676e+18,52.33616583,4.86825672,5.974391937,1.440000057,25.6640625,10.0,10.0,4
203,203,1.55965375776e+18,52.33618217,4.868256971,6.156703949,1.440000057,15.46875,10.0,10.0,4
204,204,1.55965375876e+18,52.33619768,4.868256636,6.135951996,1.529999971,1.0546875,10.0,10.0,4
205,205,1.55965375976e+18,52.33621159,4.868254876,6.295986176,1.529999971,0.703125,10.0,10.0,4
206,206,1.55965376076e+18,52.336225,4.868250182,6.460659027,1.419999957,351.5625,10.0,10.0,4
207,207,1.55965376176e+18,52.33623975,4.868248506,6.576931,1.649999976,6.6796875,10.0,10.0,4
208,208,1.55965376276e+18,52.33625388,4.868251942,6.500087738,1.419999957,33.75,10.0,10.0,4
209,209,1.55965376376e+18,52.33626528,4.868262252,6.554164886,1.519999981,32.34375,10.0,10.0,4
210,210,1.55965376476e+18,52.33627571,4.868271472,6.69234848,1.179999948,18.28125,10.0,10.0,4
211,211,1.55965376576e+18,52.33628531,4.868280524,6.680080414,1.24000001,27.7734375,10.0,10.0,4
212,212,1.55965376676e+18,52.33629692,4.868288152,6.544033051,1.299999952,13.359375,10.0,10.0,4
213,213,1.55965376776e+18,52.33631318,4.868296869,6.668849945,1.299999952,26.015625,10.0,10.0,4
214,214,1.55965376876e+18,52.33632881,4.868307095,6.65328598,1.539999962,20.0390625,10.0,10.0,4
215,215,1.55965376976e+18,52.33634365,4.868319668,6.489711761,1.539999962,23.203125,10.0,10.0,4
216,216,1.55965377076e+18,52.33635438,4.868326541,6.286342621,1.139999986,15.46875,10.0,10.0,4
217,217,1.55965377176e+18,52.33636913,4.868336683,5.927822113,1.549999952,23.90625,10.0,10.0,4
218,218,1.55965377276e+18,52.33638187,4.86835001,5.986415863,1.139999986,32.6953125,10.0,10.0,4
219,219,1.55965377376e+18,52.33639122,4.868359733,5.943325043,1.129999995,82.96875,10.0,10.0,4
220,220,1.55965377476e+18,52.33639813,4.868362919,6.059841156,0.6399999857,339.2578125,10.0,10.0,4
221,221,1.55965377576e+18,52.33639813,4.868362919,6.001186371,0.0,8.4375,10.0,10.0,4
222,222,1.55965377676e+18,52.33641615,4.86836778,5.730800629,1.169999957,18.28125,10.0,10.0,4
223,223,1.55965377776e+18,52.33643451,4.86837239,5.534145355,1.169999957,0.0,10.0,10.0,4
224,224,1.55965377876e+18,52.33645441,4.868376749,5.365200043,1.169999957,12.3046875,10.0,10.0,4
225,225,1.55965377976e+18,52.33647797,4.868383035,5.107570648,1.370000005,23.90625,10.0,10.0,4
226,226,1.55965378076e+18,52.33650525,4.868392842,4.825405121,1.99000001,20.390625,10.0,10.0,4
227,227,1.55965378176e+18,52.33653015,4.868401391,4.696071625,1.99000001,18.6328125,10.0,10.0,4
228,228,1.55965378276e+18,52.33654775,4.868404074,4.622524261,1.529999971,338.203125,10.0,10.0,4
229,229,1.55965378376e+18,52.33656049,4.868404074,4.622463226,0.4900000095,6.328125,10.0,10.0,4
230,230,1.55965378476e+18,52.33657646,4.868402649,4.613491058,0.4900000095,5.2734375,10.0,10.0,4
231,231,1.55965378576e+18,52.33659418,4.868400721,4.832424164,1.159999967,337.5,10.0,10.0,4
232,232,1.55965378676e+18,52.33660923,4.868397871,4.998683929,1.159999967,343.828125,10.0,10.0,4
233,233,1.55965378776e+18,52.33661795,4.868396949,5.10226059,0.9700000286,0.703125,10.0,10.0,4
234,234,1.55965378876e+18,52.33663018,4.868400553,5.061916351,0.9700000286,17.578125,10.0,10.0,4
235,235,1.55965378976e+18,52.3366428,4.868406588,5.089626312,0.6600000262,3.515625,10.0,10.0,4
236,236,1.55965379076e+18,52.3366552,4.868417149,5.233974457,0.7599999905,38.671875,10.0,10.0,4
237,237,1.55965379176e+18,52.33666631,4.868425615,5.218349457,0.7599999905,29.8828125,10.0,10.0,4
238,238,1.55965379276e+18,52.33667457,4.868433746,5.38741684,0.6600000262,54.140625,10.0,10.0,4
239,239,1.55965379376e+18,52.33668052,4.868437685,5.388027191,0.5099999905,286.875,10.0,10.0,4
240,240,1.55965379476e+18,52.33669372,4.868436931,5.74489975,0.5099999905,357.1875,10.0,10.0,4
241,241,1.55965379576e+18,52.33670922,4.868436176,5.81734848,1.340000033,357.5390625,10.0,10.0,4
242,242,1.55965379676e+18,52.33672029,4.868437182,5.563869476,1.340000033,0.0,10.0,10.0,4
243,243,1.55965379776e+18,52.33673269,4.868434165,5.734767914,1.25,352.96875,10.0,10.0,4
244,244,1.55965379876e+18,52.3367495,4.868430225,5.688564301,1.25,347.34375,10.0,10.0,4
245,245,1.55965379976e+18,52.33676693,4.868426956,5.806118011,1.539999962,352.6171875,10.0,10.0,4
246,246,1.55965380076e+18,52.33677674,4.868427543,5.343349457,0.6299999952,66.09375,10.0,10.0,4
247,247,1.55965380176e+18,52.3367803,4.868429303,5.223293304,0.6299999952,74.53125,10.0,10.0,4
248,248,1.55965380276e+18,52.33677699,4.868438942,5.312099457,0.6299999952,111.796875,10.0,10.0,4
249,249,1.55965380376e+18,52.33677041,4.868453778,5.274318695,1.139999986,123.046875,10.0,10.0,4
250,250,1.55965380476e+18,52.33677569,4.868470877,4.774562836,1.159999967,93.515625,10.0,10.0,4
251,251,1.55965380576e+18,52.33678877,4.86848521,4.802761078,1.330000043,46.7578125,10.0,10.0,4
252,252,1.55965380676e+18,52.33680562,4.868489234,4.81734848,1.330000043,22.8515625,10.0,10.0,4
253,253,1.55965380776e+18,52.33682334,4.868486719,4.786952972,1.330000043,13.0078125,10.0,10.0,4
254,254,1.55965380876e+18,52.33684275,4.868479678,4.741725922,1.49000001,359.296875,10.0,10.0,4
255,255,1.55965380976e+18,52.33686094,4.868471045,4.712978363,1.49000001,354.7265625,10.0,10.0,4
256,256,1.55965381076e+18,52.33687896,4.868461657,5.027065277,1.639999986,350.859375,10.0,10.0,4
257,257,1.55965381176e+18,52.33689593,4.868455287,5.331752777,1.639999986,357.5390625,10.0,10.0,4
258,258,1.55965381276e+18,52.33691194,4.868451096,5.495449066,1.539999962,0.3515625,10.0,10.0,4
259,259,1.55965381376e+18,52.33692577,4.868450258,5.461818695,1.529999971,6.6796875,10.0,10.0,4
260,260,1.55965381476e+18,52.33693897,4.86845227,5.464382172,1.389999986,27.7734375,10.0,10.0,4
261,261,1.55965381576e+18,52.3369518,4.868454365,5.582546234,1.429999948,5.2734375,10.0,10.0,4
262,262,1.55965381676e+18,52.33696458,4.868457718,5.616847992,1.440000057,10.1953125,10.0,10.0,4
263,263,1.55965381776e+18,52.33697812,4.868458724,5.820583344,1.440000057,6.328125,10.0,10.0,4
264,264,1.55965381876e+18,52.33698905,4.868459897,5.986354828,1.440000057,33.046875,10.0,10.0,4
265,265,1.55965381976e+18,52.33699874,4.868461825,5.867824554,1.230000019,6.328125,10.0,10.0,4
266,266,1.55965382076e+18,52.33701215,4.868463669,5.648708344,1.49000001,11.6015625,10.0,10.0,4
267,267,1.55965382176e+18,52.33702334,4.868464926,5.470607758,1.49000001,16.5234375,10.0,10.0,4
268,268,1.55965382276e+18,52.33703645,4.868463501,5.351406097,1.49000001,3.515625,10.0,10.0,4
269,269,1.55965382376e+18,52.33705217,4.868462663,5.280483246,1.519999981,2.8125,10.0,10.0,4
270,270,1.55965382476e+18,52.33706898,4.868458891,5.43050766,1.539999962,355.78125,10.0,10.0,4
271,271,1.55965382576e+18,52.33708503,4.868453862,5.645717621,1.549999952,355.4296875,10.0,10.0,4
272,272,1.55965382676e+18,52.33710058,4.868447827,5.705654144,1.620000005,352.265625,10.0,10.0,4
273,273,1.55965382776e+18,52.33711763,4.868441792,5.700466156,1.620000005,353.671875,10.0,10.0,4
274,274,1.55965382876e+18,52.33713427,4.86843735,5.683620453,1.620000005,352.6171875,10.0,10.0,4
275,275,1.55965382976e+18,52.33714722,4.868433746,5.478115082,1.5,352.265625,10.0,10.0,4
276,276,1.55965383076e+18,52.33715615,4.868432069,5.684597015,0.6100000143,358.2421875,10.0,10.0,4
277,277,1.55965383176e+18,52.33716667,4.868433746,5.847927094,1.330000043,3.1640625,10.0,10.0,4
278,278,1.55965383276e+18,52.33718142,4.868437517,5.698085785,1.330000043,9.84375,10.0,10.0,4
279,279,1.55965383376e+18,52.33719797,4.868438691,5.697048187,1.460000038,1.40625,10.0,10.0,4
280,280,1.55965383476e+18,52.33721461,4.868437685,5.662136078,1.460000038,0.3515625,10.0,10.0,4
281,281,1.55965383576e+18,52.33722924,4.868439026,5.812770844,1.539999962,2.109375,10.0,10.0,4
282,282,1.55965383676e+18,52.3372424,4.868441289,5.807704926,1.539999962,2.4609375,10.0,10.0,4
283,283,1.55965383776e+18,52.33725438,4.868442547,5.723781586,1.399999976,4.21875,10.0,10.0,4
284,284,1.55965383876e+18,52.33726712,4.86844481,5.458827972,1.399999976,1.7578125,10.0,10.0,4
285,285,1.55965383976e+18,52.33727936,4.868445983,5.235622406,1.269999981,1.7578125,10.0,10.0,4
286,286,1.55965384076e+18,52.33728871,4.868447995,5.237880707,0.8500000238,355.078125,10.0,10.0,4
287,287,1.55965384176e+18,52.33730053,4.868450677,5.019741058,1.330000043,354.375,30.0,30.0,4
288,288,1.55965384276e+18,52.33730765,4.868463501,4.778530121,0.8500000238,10.8984375,30.0,30.0,4
289,289,1.55965384376e+18,52.33731008,4.868474649,4.491542816,0.7900000215,19.3359375,10.0,10.0,4
290,290,1.55965384476e+18,52.33731482,4.868487725,4.187892914,0.7900000215,17.9296875,10.0,10.0,4
291,291,1.55965384576e+18,52.33732475,4.868499711,4.115261078,1.269999981,358.9453125,10.0,10.0,4
292,292,1.55965384676e+18,52.33733627,4.868506165,3.967494965,1.340000033,359.296875,10.0,10.0,4
293,293,1.55965384776e+18,52.33734705,4.8685122,3.855922699,1.269999981,356.484375,10.0,10.0,4
294,294,1.55965384876e+18,52.33736041,4.8685179,3.798305511,1.340000033,358.59375,30.0,30.0,4
295,295,1.55965384976e+18,52.3373745,4.86852075,3.859279633,1.179999948,352.265625,10.0,10.0,4
296,296,1.55965385076e+18,52.33738778,4.868522678,3.73507309,1.220000029,352.6171875,30.0,30.0,4
297,297,1.55965385176e+18,52.33740128,4.868526198,3.678249359,1.220000029,355.78125,10.0,10.0,4
298,298,1.55965385276e+18,52.33741511,4.868533658,3.632045746,1.210000038,10.8984375,30.0,30.0,4
299,299,1.55965385376e+18,52.33742621,4.868544973,3.600795746,1.029999971,21.796875,30.0,30.0,4
300,300,1.55965385476e+18,52.33743786,4.868553774,3.490749359,0.9900000095,16.875,30.0,30.0,4
301,301,1.55965385576e+18,52.33744566,4.868561737,3.496181488,0.4499999881,18.28125,30.0,30.0,4
302,302,1.55965385676e+18,52.33745169,4.8685697,3.484828949,0.6100000143,18.984375,30.0,30.0,4
303,303,1.55965385776e+18,52.33745907,4.868579172,3.438930511,0.6100000143,17.9296875,30.0,30.0,4
304,304,1.55965385876e+18,52.3374677,4.868593002,3.507717133,0.6700000167,358.2421875,30.0,30.0,4
305,305,1.55965385976e+18,52.33747969,4.868607335,3.554164886,1.070000052,353.671875,30.0,30.0,4
306,306,1.55965386076e+18,52.33749356,4.868622255,3.561183929,1.289999962,356.1328125,10.0,10.0,4
307,307,1.55965386176e+18,52.33750978,4.868634995,3.511501312,1.450000048,356.1328125,10.0,10.0,4
308,308,1.55965386276e+18,52.33752587,4.868648155,3.503993988,1.289999962,355.4296875,10.0,10.0,4
309,309,1.55965386376e+18,52.33754058,4.868660476,3.554164886,1.299999952,356.1328125,30.0,30.0,4
310,310,1.55965386476e+18,52.33755441,4.868673887,3.42281723,1.139999986,4.21875,30.0,30.0,4
311,311,1.55965386576e+18,52.33757202,4.868689561,3.362636566,1.519999981,7.734375,30.0,30.0,4
312,312,1.55965386676e+18,52.3375905,4.868711606,3.349819183,1.559999943,15.1171875,30.0,30.0,4
313,313,1.55965386776e+18,52.33761078,4.868721832,3.397060394,1.519999981,15.1171875,10.0,10.0,4
314,314,1.55965386876e+18,52.33762499,4.868725771,3.533779144,1.309999943,15.8203125,10.0,10.0,4
315,315,1.55965386976e+18,52.33763731,4.868727615,3.695034027,1.070000052,10.8984375,10.0,10.0,4
316,316,1.55965387076e+18,52.33764913,4.868710265,3.430690765,0.3799999952,2.8125,10.0,10.0,4
317,317,1.55965387176e+18,52.33766346,4.868691992,3.395168304,1.159999967,354.375,10.0,10.0,4
318,318,1.55965387276e+18,52.33768454,4.868674641,3.342006683,1.159999967,350.15625,10.0,10.0,4
319,319,1.55965387376e+18,52.33770323,4.868662069,3.50460434,1.169999957,10.1953125,10.0,10.0,4
320,320,1.55965387476e+18,52.33772272,4.868655866,3.713527679,1.450000048,357.5390625,10.0,10.0,4
321,321,1.55965387576e+18,52.33774234,4.868650753,3.704494476,1.370000005,0.0,10.0,10.0,4
322,322,1.55965387676e+18,52.33776212,4.868646227,3.668178558,1.549999952,351.2109375,10.0,10.0,4
323,323,1.55965387776e+18,52.33778056,4.868643042,3.689846039,1.370000005,343.4765625,10.0,10.0,4
324,324,1.55965387876e+18,52.33779057,4.868632732,3.718959808,1.059999943,31.2890625,10.0,10.0,4
325,325,1.55965387976e+18,52.3377972,4.86862259,3.703578949,0.5799999833,339.609375,10.0,10.0,4
326,326,1.55965388076e+18,52.33780344,4.868608592,3.741054535,0.6299999952,322.03125,10.0,10.0,4
327,327,1.55965388176e+18,52.33781065,4.868593505,3.670619965,0.6800000072,331.171875,10.0,10.0,4
328,328,1.55965388276e+18,52.33782096,4.868577663,3.684719086,0.6800000072,343.4765625,10.0,10.0,4
329,329,1.55965388376e+18,52.33783311,4.868564503,3.92257309,1.169999957,357.5390625,10.0,10.0,4
330,330,1.55965388476e+18,52.3378469,4.868553691,4.073818207,1.169999957,356.1328125,10.0,10.0,4
331,331,1.55965388576e+18,52.33785859,4.868546901,4.238918304,1.070000052,6.6796875,10.0,10.0,4
332,332,1.55965388676e+18,52.33786869,4.868538855,4.376918793,1.340000033,352.6171875,10.0,10.0,4
333,333,1.55965388776e+18,52.33788022,4.868532736,4.80160141,1.340000033,2.109375,10.0,10.0,4
334,334,1.55965388876e+18,52.33788915,4.868528629,4.723049164,1.340000033,17.578125,10.0,10.0,4
335,335,1.55965388976e+18,52.33789619,4.868527623,4.707057953,1.039999962,13.0078125,10.0,10.0,4
336,336,1.55965389076e+18,52.33790138,4.868528461,5.166286469,0.6200000048,17.2265625,10.0,10.0,4
337,337,1.55965389176e+18,52.33790733,4.868531059,5.182704926,0.9399999976,35.15625,10.0,10.0,4
338,338,1.55965389276e+18,52.3379171,4.868535837,5.593898773,0.9399999976,17.9296875,10.0,10.0,4
339,339,1.55965389376e+18,52.33792934,4.868542375,5.876918793,1.340000033,8.0859375,10.0,10.0,4
340,340,1.55965389476e+18,52.33794396,4.868548829,6.642421722,1.379999995,25.3125,10.0,10.0,4
341,341,1.55965389576e+18,52.33795934,4.868554277,6.808803558,1.220000029,26.3671875,10.0,10.0,4
342,342,1.55965389676e+18,52.33797443,4.868557714,6.839260101,1.220000029,357.890625,10.0,10.0,4
343,343,1.55965389776e+18,52.33799023,4.868562408,6.902736664,1.220000029,37.6171875,10.0,10.0,4
344,344,1.55965389876e+18,52.33800565,4.868571125,6.950649261,1.230000019,46.0546875,10.0,10.0,4
345,345,1.55965389976e+18,52.33802095,4.868581602,7.145839691,1.279999971,31.9921875,10.0,10.0,4
346,346,1.55965390076e+18,52.33803499,4.868593756,7.207363129,1.200000048,52.734375,10.0,10.0,4
347,347,1.55965390176e+18,52.33804597,4.868608173,7.117397308,1.360000014,66.4453125,10.0,10.0,4
348,348,1.55965390276e+18,52.33805519,4.868627116,7.221401215,1.360000014,61.171875,10.0,10.0,4
349,349,1.55965390376e+18,52.33806378,4.868646394,7.700832367,1.360000014,50.9765625,10.0,10.0,4
350,350,1.55965390476e+18,52.33807191,4.868664248,8.16097641,1.330000043,58.7109375,10.0,10.0,4
351,351,1.55965390576e+18,52.3380805,4.868682437,8.377101898,1.25999999,63.984375,10.0,10.0,4
352,352,1.55965390676e+18,52.33808826,4.868700542,8.217128754,1.309999943,62.578125,10.0,10.0,4
353,353,1.55965390776e+18,52.33809446,4.868721915,8.280239105,1.309999943,67.5,10.0,10.0,4
354,354,1.55965390876e+18,52.33810024,4.868744882,8.240383148,1.389999986,71.71875,10.0,10.0,4
355,355,1.55965390976e+18,52.3381036,4.868768519,8.654323578,1.419999957,77.6953125,10.0,10.0,4
356,356,1.55965391076e+18,52.33810611,4.86879115,8.759914398,1.409999967,81.5625,10.0,10.0,4
357,357,1.55965391176e+18,52.3381077,4.868813865,9.16097641,1.409999967,84.375,10.0,10.0,4
358,358,1.55965391276e+18,52.338109,4.868837167,9.265224457,1.409999967,83.671875,10.0,10.0,4
359,359,1.55965391376e+18,52.33811076,4.868860468,9.587490082,1.440000057,95.9765625,10.0,10.0,4
360,360,1.55965391476e+18,52.33811194,4.868881339,9.753993988,1.450000048,87.890625,10.0,10.0,4
361,361,1.55965391576e+18,52.33811395,4.868902294,10.12386703,1.379999995,76.2890625,10.0,10.0,4
362,362,1.55965391676e+18,52.33811617,4.868921824,10.43355942,1.419999957,86.8359375,10.0,10.0,4
363,363,1.55965391776e+18,52.33811868,4.868943281,10.47249985,1.419999957,82.6171875,10.0,10.0,4
364,364,1.55965391876e+18,52.3381207,4.868965074,10.82455063,1.419999957,83.3203125,10.0,10.0,4
365,365,1.55965391976e+18,52.3381243,4.868987454,11.06203842,1.460000038,59.4140625,10.0,10.0,4
366,366,1.55965392076e+18,52.33813096,4.869007822,11.06087875,1.470000029,58.359375,10.0,10.0,4
367,367,1.55965392176e+18,52.33814031,4.869026178,11.1114769,1.480000019,47.4609375,10.0,10.0,4
368,368,1.55965392276e+18,52.33815087,4.869040763,11.12911606,1.470000029,32.34375,10.0,10.0,4
369,369,1.55965392376e+18,52.33816478,4.869049899,11.14162827,1.480000019,17.578125,10.0,10.0,4
370,370,1.55965392476e+18,52.33817949,4.869057192,11.21169662,1.379999995,24.609375,10.0,10.0,4
371,371,1.55965392576e+18,52.33819508,4.869061718,11.21621323,1.460000038,15.1171875,10.0,10.0,4
372,372,1.55965392676e+18,52.3382108,4.869065909,10.8335228,1.460000038,23.90625,10.0,10.0,4
373,373,1.55965392776e+18,52.33822622,4.869069513,10.53591537,1.25999999,15.46875,10.0,10.0,4
374,374,1.55965392876e+18,52.33824123,4.869073788,10.23653793,1.24000001,29.53125,10.0,10.0,4
375,375,1.55965392976e+18,52.33825313,4.869077979,9.835781097,1.100000024,22.1484375,10.0,10.0,4
376,376,1.55965393076e+18,52.33826717,4.869083427,9.691371918,1.429999948,24.2578125,10.0,10.0,4
377,377,1.55965393176e+18,52.33828087,4.869089713,9.331264496,1.429999948,21.4453125,10.0,10.0,4
378,378,1.55965393276e+18,52.33829269,4.869092731,8.968898773,1.419999957,358.9453125,10.0,10.0,4
379,379,1.55965393376e+18,52.33829659,4.869092647,8.769618988,0.1700000018,108.28125,10.0,10.0,4
380,380,1.55965393476e+18,52.33829625,4.869089378,8.509120941,0.25,274.5703125,10.0,10.0,4
381,381,1.55965393576e+18,52.33829663,4.869084936,8.246364594,0.3600000143,338.203125,10.0,10.0,4
382,382,1.55965393676e+18,52.33829646,4.869080242,8.013698578,0.2399999946,316.7578125,10.0,10.0,4
383,383,1.55965393776e+18,52.33829366,4.869077057,7.681484222,0.1899999976,213.3984375,10.0,10.0,4
384,384,1.55965393876e+18,52.33828473,4.869075632,7.602199554,0.2399999946,174.375,30.0,30.0,4
385,385,1.55965393976e+18,52.33826893,4.869076386,7.483730316,0.6499999762,173.3203125,30.0,30.0,4
386,386,1.55965394076e+18,52.33824605,4.869069178,7.450588226,1.690000057,185.9765625,30.0,30.0,4
387,387,1.55965394176e+18,52.33824018,4.869059036,7.330348969,1.690000057,202.5,30.0,30.0,4
388,388,1.55965394276e+18,52.33824764,4.869041014,7.348232269,1.039999962,260.15625,30.0,30.0,4
389,389,1.55965394376e+18,52.33825946,4.869016958,7.483730316,0.7099999785,323.0859375,10.0,10.0,4
390,390,1.55965394476e+18,52.33828016,4.86899768,7.921901703,1.039999962,340.6640625,10.0,10.0,4
391,391,1.55965394576e+18,52.33830267,4.868987119,8.029384613,1.00999999,6.328125,30.0,30.0,4
392,392,1.55965394676e+18,52.33832111,4.868981922,8.165920258,1.00999999,34.8046875,10.0,10.0,4
393,393,1.55965394776e+18,52.33833552,4.868983431,8.206325531,0.6000000238,63.6328125,10.0,10.0,4
394,394,1.55965394876e+18,52.33834579,4.868985945,8.464992523,0.1800000072,86.8359375,10.0,10.0,4
395,395,1.55965394976e+18,52.33835447,4.868991813,8.628139496,0.6000000238,63.6328125,10.0,10.0,4
396,396,1.55965395076e+18,52.3383639,4.868998015,8.747341156,0.5299999714,38.3203125,10.0,10.0,4
397,397,1.55965395176e+18,52.33837228,4.869003296,8.890712738,0.2099999934,35.5078125,10.0,10.0,4
398,398,1.55965395276e+18,52.33837366,4.869011343,9.03597641,0.5299999714,117.0703125,10.0,10.0,4
399,399,1.55965395376e+18,52.33837387,4.869020563,9.366420746,0.4099999964,149.765625,10.0,10.0,4
400,400,1.55965395476e+18,52.33837844,4.869024334,9.662380219,0.5,149.4140625,10.0,10.0,4
401,401,1.55965395576e+18,52.33837844,4.869024334,9.87771225,0.0,48.1640625,10.0,10.0,4
402,402,1.55965395676e+18,52.3383968,4.869020982,9.87582016,0.1700000018,342.421875,10.0,10.0,4
403,403,1.55965395776e+18,52.3384053,4.869011845,9.812709808,0.2099999934,277.3828125,10.0,10.0,4
404,404,1.55965395876e+18,52.3384123,4.869002206,9.620571136,0.1700000018,275.625,10.0,10.0,4
405,405,1.55965395976e+18,52.33842462,4.868995082,9.643825531,0.2099999934,343.125,10.0,10.0,4
406,406,1.55965396076e+18,52.33843996,4.868992819,9.723171234,0.3600000143,25.3125,10.0,10.0,4
407,407,1.55965396176e+18,52.33845538,4.868992483,10.05379868,0.4099999964,29.53125,10.0,10.0,4
408,408,1.55965396276e+18,52.33846984,4.868992819,9.871364594,0.3600000143,32.34375,10.0,10.0,4
409,409,1.55965396376e+18,52.33848351,4.868993321,10.52712631,0.4099999964,30.234375,10.0,10.0,4
410,410,1.55965396476e+18,52.33849579,4.868992986,10.77236557,0.4099999964,28.4765625,10.0,10.0,4
411,411,1.55965396576e+18,52.33851083,4.868994495,10.84121323,0.8700000048,28.4765625,10.0,10.0,4
412,412,1.55965396676e+18,52.33852282,4.868999776,10.84347153,0.8700000048,53.4375,10.0,10.0,4
413,413,1.55965396776e+18,52.3385299,4.869010672,10.81881332,0.8700000048,85.4296875,10.0,10.0,4
414,414,1.55965396876e+18,52.33853187,4.869022239,11.29885483,0.8000000119,110.390625,10.0,10.0,4
415,415,1.55965396976e+18,52.33853451,4.869031627,11.63869858,0.8000000119,105.46875,10.0,10.0,4
416,416,1.55965397076e+18,52.33853581,4.869038416,11.8592186,0.3700000048,95.625,10.0,10.0,4
417,417,1.55965397176e+18,52.33853895,4.869045625,11.60952377,0.5400000215,80.15625,10.0,10.0,4
418,418,1.55965397276e+18,52.33854365,4.869047804,11.65999985,0.3700000048,79.1015625,10.0,10.0,4
419,419,1.55965397376e+18,52.3385452,4.869051827,11.45473862,0.5199999809,80.5078125,10.0,10.0,4
420,420,1.55965397476e+18,52.33854495,4.869059036,11.57967758,0.5199999809,89.6484375,10.0,10.0,4
421,421,1.55965397576e+18,52.33854453,4.869071525,11.60189438,0.9499999881,90.703125,10.0,10.0,4
422,422,1.55965397676e+18,52.33854365,4.869083762,12.10531235,0.9499999881,93.1640625,10.0,10.0,4
423,423,1.55965397776e+18,52.33854277,4.86908921,12.87313461,0.6600000262,84.7265625,10.0,10.0,4
424,424,1.55965397876e+18,52.33854423,4.869094072,12.25234604,0.3100000024,68.203125,10.0,10.0,4
425,425,1.55965397976e+18,52.33854503,4.86910346,11.78646469,0.3100000024,84.0234375,10.0,10.0,4
426,426,1.55965398076e+18,52.33854587,4.869115027,11.1406517,0.4499999881,98.7890625,10.0,10.0,4
427,427,1.55965398176e+18,52.33854549,4.869128522,10.4774437,0.6200000048,112.8515625,10.0,10.0,4
428,428,1.55965398276e+18,52.33854553,4.869139167,10.01766586,0.200000003,101.953125,10.0,10.0,4
429,429,1.55965398376e+18,52.33854809,4.869150147,9.789638519,0.5899999738,85.4296875,10.0,10.0,4
430,430,1.55965398476e+18,52.33855069,4.869166324,9.404079437,0.5899999738,79.8046875,10.0,10.0,4
431,431,1.55965398576e+18,52.33855282,4.869185267,9.660732269,0.9700000286,89.6484375,10.0,10.0,4
432,432,1.55965398676e+18,52.33855538,4.869202618,9.636745453,0.9700000286,81.9140625,10.0,10.0,4
433,433,1.55965398776e+18,52.33855735,4.869220722,9.72158432,0.9700000286,86.1328125,10.0,10.0,4
434,434,1.55965398876e+18,52.33856041,4.869239414,9.669643402,1.049999952,85.4296875,10.0,10.0,4
435,435,1.55965398976e+18,52.33856334,4.869264727,9.593471527,1.070000052,82.96875,10.0,10.0,4
436,436,1.55965399076e+18,52.33857122,4.869291466,9.454982758,1.629999995,69.609375,10.0,10.0,4
437,437,1.55965399176e+18,52.33858254,4.869323736,9.367458344,2.380000114,60.8203125,10.0,10.0,4
438,438,1.55965399276e+18,52.33859075,4.869353827,9.293117523,1.629999995,65.7421875,10.0,10.0,4
439,439,1.55965399376e+18,52.33859364,4.869378721,9.508571625,1.549999952,76.640625,10.0,10.0,4
440,440,1.55965399476e+18,52.3385936,4.869405963,9.414943695,1.450000048,91.40625,10.0,10.0,4
441,441,1.55965399576e+18,52.33859314,4.869434545,9.741909027,1.450000048,84.7265625,10.0,10.0,4
442,442,1.55965399676e+18,52.33859524,4.869458433,9.672023773,1.370000005,75.5859375,10.0,10.0,4
443,443,1.55965399776e+18,52.33859758,4.86948316,9.808742523,1.370000005,75.5859375,10.0,10.0,4
444,444,1.55965399876e+18,52.33859989,4.869508389,9.621181488,1.389999986,86.8359375,10.0,10.0,4
445,445,1.55965399976e+18,52.33860073,4.869534038,9.642238617,1.399999976,84.0234375,10.0,10.0,4
446,446,1.55965400076e+18,52.33860094,4.869559854,9.639858246,1.389999986,88.9453125,10.0,10.0,4
447,447,1.55965400176e+18,52.3386011,4.869583324,9.532009125,1.379999995,82.265625,10.0,10.0,4
448,448,1.55965400276e+18,52.33860152,4.869600004,9.503322601,0.6700000167,70.6640625,10.0,10.0,4
449,449,1.55965400376e+18,52.33860094,4.869616348,9.352748871,1.139999986,96.6796875,10.0,10.0,4
450,450,1.55965400476e+18,52.33859846,4.869635878,9.298549652,1.139999986,98.7890625,10.0,10.0,4
451,451,1.55965400576e+18,52.33859494,4.869658593,9.576137543,1.179999948,87.1875,10.0,10.0,4
452,452,1.55965400676e+18,52.33859197,4.869682062,9.712245941,1.409999967,81.2109375,10.0,10.0,4
453,453,1.55965400776e+18,52.33858996,4.869704358,9.756252289,1.470000029,86.484375,10.0,10.0,4
454,454,1.55965400876e+18,52.33858991,4.869728498,10.09920883,1.470000029,82.96875,10.0,10.0,4
455,455,1.55965400976e+18,52.33858732,4.869750878,10.4685936,1.470000029,85.78125,10.0,10.0,4
456,456,1.55965401076e+18,52.3385853,4.869772587,10.68770981,1.470000029,92.4609375,10.0,10.0,4
457,457,1.55965401176e+18,52.33858296,4.869795302,10.74117661,1.470000029,92.109375,10.0,10.0,4
458,458,1.55965401276e+18,52.33858153,4.869818101,10.98427963,1.470000029,86.484375,10.0,10.0,4
459,459,1.55965401376e+18,52.33858053,4.869840145,11.13772202,1.450000048,89.6484375,10.0,10.0,4
460,460,1.55965401476e+18,52.3385809,4.869861687,11.27083969,1.289999962,75.234375,10.0,10.0,4
461,461,1.55965401576e+18,52.33858166,4.869884653,11.3993187,1.460000038,79.1015625,10.0,10.0,4
462,462,1.55965401676e+18,52.338583,4.86990938,11.68001938,1.429999948,79.1015625,10.0,10.0,4
463,463,1.55965401776e+18,52.33858329,4.869935783,11.82656479,1.460000038,82.96875,10.0,10.0,4
464,464,1.55965401876e+18,52.3385848,4.869962437,11.81393051,1.460000038,82.6171875,10.0,10.0,4
465,465,1.55965401976e+18,52.33858635,4.869988253,11.91488266,1.460000038,84.375,10.0,10.0,4
466,466,1.55965402076e+18,52.3385887,4.870012729,11.88125229,1.460000038,76.2890625,10.0,10.0,4
467,467,1.55965402176e+18,52.33859105,4.870038377,11.73818588,1.49000001,87.1875,10.0,10.0,4
468,468,1.55965402276e+18,52.33859419,4.870063523,12.19320297,1.450000048,79.453125,10.0,10.0,4
469,469,1.55965402376e+18,52.33859628,4.870087914,12.14577866,1.49000001,86.8359375,10.0,10.0,4
470,470,1.55965402476e+18,52.33859607,4.870108534,11.95803452,1.450000048,93.1640625,10.0,10.0,4
471,471,1.55965402576e+18,52.33859457,4.87013041,12.23000717,1.49000001,91.7578125,10.0,10.0,4
472,472,1.55965402676e+18,52.33859616,4.870152874,11.89553452,1.340000033,86.1328125,10.0,10.0,4
473,473,1.55965402776e+18,52.33859825,4.870177014,11.55654526,1.629999995,85.4296875,10.0,10.0,4
474,474,1.55965402876e+18,52.33860106,4.870201992,11.62240219,1.549999952,82.96875,10.0,10.0,4
475,475,1.55965402976e+18,52.33860471,4.870224455,11.87734604,1.549999952,81.2109375,10.0,10.0,4
476,476,1.55965403076e+18,52.33860827,4.870245159,12.00252914,1.50999999,83.3203125,10.0,10.0,4
477,477,1.55965403176e+18,52.33860861,4.870265611,12.28524399,1.450000048,104.765625,10.0,10.0,4
478,478,1.55965403276e+18,52.33860714,4.870284554,12.17983627,1.450000048,99.84375,10.0,10.0,4
479,479,1.55965403376e+18,52.33860735,4.870304251,12.13204575,1.450000048,77.34375,10.0,10.0,4
480,480,1.55965403476e+18,52.33860898,4.870323865,11.92257309,1.309999943,76.640625,10.0,10.0,4
481,481,1.55965403576e+18,52.33861267,4.870340545,11.84615707,1.25,74.1796875,10.0,10.0,4
482,482,1.55965403676e+18,52.33861808,4.870359823,11.83480453,1.519999981,76.9921875,10.0,10.0,4
483,483,1.55965403776e+18,52.33862256,4.870381784,11.92696762,1.519999981,91.7578125,10.0,10.0,4
484,484,1.55965403876e+18,52.33862508,4.870405756,12.10702133,1.519999981,94.921875,10.0,10.0,4
485,485,1.55965403976e+18,52.33862621,4.870428387,12.06527328,1.429999948,87.5390625,10.0,10.0,4
486,486,1.55965404076e+18,52.33862717,4.870456969,11.69808578,1.549999952,91.0546875,10.0,10.0,4
487,487,1.55965404176e+18,52.33862893,4.870485133,11.30050278,1.519999981,88.2421875,10.0,10.0,4
488,488,1.55965404276e+18,52.33863006,4.870509859,11.14907455,1.659999967,78.3984375,10.0,10.0,4
489,489,1.55965404376e+18,52.33863375,4.87053467,11.44674301,1.570000052,81.9140625,10.0,10.0,4
490,490,1.55965404476e+18,52.33863618,4.870555792,11.60372543,1.570000052,76.640625,10.0,10.0,4
491,491,1.55965404576e+18,52.33863807,4.870576914,11.76168442,1.529999971,90.703125,10.0,10.0,4
492,492,1.55965404676e+18,52.33864008,4.870601222,11.84731674,1.600000024,85.078125,10.0,10.0,4
493,493,1.55965404776e+18,52.3386413,4.870626619,11.83468246,1.600000024,87.890625,10.0,10.0,4
494,494,1.55965404876e+18,52.33863811,4.87065101,11.53499985,1.600000024,89.6484375,10.0,10.0,4
495,495,1.55965404976e+18,52.3386356,4.870674396,11.49825668,1.570000052,91.0546875,10.0,10.0,4
496,496,1.55965405076e+18,52.33863174,4.870696189,11.5870018,1.340000033,95.625,10.0,10.0,4
497,497,1.55965405176e+18,52.3386257,4.870717898,11.47756577,1.549999952,99.140625,10.0,10.0,4
498,498,1.55965405276e+18,52.33862286,4.870740613,11.33401108,1.549999952,98.0859375,10.0,10.0,4
499,499,1.55965405376e+18,52.33862101,4.870763412,11.40822983,1.549999952,84.375,10.0,10.0,4
500,500,1.55965405476e+18,52.33862097,4.870786797,11.4451561,1.50999999,90.3515625,10.0,10.0,4
501,501,1.55965405576e+18,52.33862348,4.870807501,11.65096664,1.460000038,69.609375,10.0,10.0,4
502,502,1.55965405676e+18,52.33862621,4.870831054,11.41103745,1.559999943,83.3203125,10.0,10.0,4
503,503,1.55965405776e+18,52.33862755,4.87085687,11.54488754,1.559999943,96.328125,10.0,10.0,4
504,504,1.55965405876e+18,52.33863057,4.870882351,11.67037582,1.399999976,86.484375,10.0,10.0,4
505,505,1.55965405976e+18,52.33863337,4.870908502,11.71902084,1.399999976,85.78125,10.0,10.0,4
506,506,1.55965406076e+18,52.33863459,4.870933983,11.76888657,1.570000052,87.890625,10.0,10.0,4
507,507,1.55965406176e+18,52.33863342,4.87095871,12.05691147,1.559999943,97.03125,10.0,10.0,4
508,508,1.55965406276e+18,52.33862633,4.870978072,12.15902328,1.639999986,123.046875,10.0,10.0,4
509,509,1.55965406376e+18,52.33861619,4.870994333,11.81496811,1.570000052,138.1640625,10.0,10.0,4
510,510,1.55965406476e+18,52.33860676,4.871011181,11.61886215,1.639999986,138.515625,10.0,10.0,4
511,511,1.55965406576e+18,52.33860165,4.871028783,11.54836655,1.570000052,97.3828125,10.0,10.0,4
512,512,1.55965406676e+18,52.33859704,4.87104957,11.38338852,1.539999962,126.5625,10.0,10.0,4
513,513,1.55965406776e+18,52.33859356,4.871071195,11.56533432,1.539999962,103.0078125,10.0,10.0,4
514,514,1.55965406876e+18,52.33859394,4.87109567,11.37026596,1.539999962,82.6171875,10.0,10.0,4
515,515,1.55965406976e+18,52.33859771,4.871120229,11.64797592,1.460000038,91.40625,10.0,10.0,4
516,516,1.55965407076e+18,52.33860316,4.871144118,11.3995018,1.5,89.6484375,10.0,10.0,4
517,517,1.55965407176e+18,52.33860756,4.871167419,11.4942894,1.549999952,90.3515625,10.0,10.0,4
518,518,1.55965407276e+18,52.33861146,4.871190889,11.77596664,1.549999952,89.6484375,10.0,10.0,4
519,519,1.55965407376e+18,52.33861548,4.871213771,12.02358627,1.49000001,87.890625,10.0,10.0,4
520,520,1.55965407476e+18,52.33861816,4.871236403,12.26076889,1.49000001,85.4296875,10.0,10.0,4
521,521,1.55965407576e+18,52.33862038,4.871258279,12.30306625,1.49000001,83.3203125,10.0,10.0,4
522,522,1.55965407676e+18,52.33862231,4.8712763,12.33651352,1.179999948,80.15625,10.0,10.0,4
523,523,1.55965407776e+18,52.33862382,4.871296752,12.30605698,1.539999962,80.859375,10.0,10.0,4
524,524,1.55965407876e+18,52.3386265,4.871320976,13.07314682,1.450000048,80.859375,10.0,10.0,4
525,525,1.55965407976e+18,52.33862868,4.871345283,13.09817123,1.539999962,80.859375,10.0,10.0,4
526,526,1.55965408076e+18,52.33863015,4.87136825,12.89730453,1.450000048,89.296875,10.0,10.0,4
527,527,1.55965408176e+18,52.33863107,4.871388115,12.61263657,1.279999971,84.0234375,10.0,10.0,4
528,528,1.55965408276e+18,52.33863208,4.871409237,12.82546616,1.379999995,83.671875,10.0,10.0,4
529,529,1.55965408376e+18,52.33863052,4.871430108,12.90353012,1.379999995,83.3203125,10.0,10.0,4
530,530,1.55965408476e+18,52.33862952,4.87145517,12.96792221,1.529999971,85.78125,10.0,10.0,4
531,531,1.55965408576e+18,52.33862747,4.871476125,12.69033432,1.529999971,89.6484375,10.0,10.0,4
532,532,1.55965408676e+18,52.33862646,4.871495571,13.07155991,1.370000005,85.78125,10.0,10.0,4
533,533,1.55965408776e+18,52.33862491,4.871515855,13.20016098,1.559999943,97.3828125,10.0,10.0,4
534,534,1.55965408876e+18,52.33862529,4.8715322,13.43624496,1.370000005,88.9453125,10.0,10.0,4
535,535,1.55965408976e+18,52.33862872,4.87154251,13.27614975,1.129999995,69.609375,10.0,10.0,4
536,536,1.55965409076e+18,52.33863337,4.871551227,13.3069725,0.8000000119,70.6640625,10.0,10.0,4
537,537,1.55965409176e+18,52.33863865,4.871563884,13.30971909,1.149999976,88.2421875,10.0,10.0,4
