,Time (s),X (rad/s),Y (rad/s),Z (rad/s),label
0,1.5596532e+18,0.06019255519,-0.6750823855,-0.02314029634,climbing_stairs
1,1.55965320025e+18,-0.01644519903,0.5471279621,0.1698817909,climbing_stairs
2,1.5596532005e+18,-0.2091252655,-1.28480494,-0.02134413645,climbing_stairs
3,1.55965320075e+18,0.9100478888,-1.037905931,0.5817776322,climbing_stairs
4,1.559653201e+18,-0.5942972302,-1.806921124,2.866942406,climbing_stairs
5,1.55965320125e+18,-1.618969083,-0.8915865421,2.411531448,climbing_stairs
6,1.5596532015e+18,-0.8465381265,-0.5067592263,1.337262869,climbing_stairs
7,1.55965320175e+18,0.09482891113,-0.6806434989,-0.6952536106,climbing_stairs
8,1.559653202e+18,0.6305081248,-1.362200141,-2.626004934,climbing_stairs
9,1.55965320225e+18,-0.5884888768,-0.2913250923,-0.8877919912,climbing_stairs
10,1.5596532025e+18,1.564776897,-0.09991567582,3.286397457,climbing_stairs
11,1.55965320275e+18,-0.8092544079,1.87878263,0.7646979094,climbing_stairs
12,1.55965320299e+18,1.454864264,-2.6559062,-1.12552762,climbing_stairs
13,1.55965320324e+18,0.3212725222,-0.9001421928,-1.940639973,climbing_stairs
14,1.55965320349e+18,-1.98678875,-0.3256769478,3.78918767,climbing_stairs
15,1.55965320374e+18,0.2692324817,0.6218109727,2.578462124,climbing_stairs
16,1.55965320399e+18,0.7840881944,-0.0967181921,-0.288379848,climbing_stairs
17,1.55965320424e+18,-0.5687424541,0.1989198625,-3.61184454,climbing_stairs
18,1.55965320449e+18,-0.3596797585,-0.5571497083,-0.6813420653,climbing_stairs
19,1.55965320474e+18,0.02868688852,1.514886856,3.866050959,climbing_stairs
20,1.55965320499e+18,-1.033880115,2.106552362,-0.2300869077,climbing_stairs
21,1.55965320524e+18,0.7403322458,-2.719718218,-2.392597914,climbing_stairs
22,1.55965320549e+18,1.192699075,-1.306390047,-1.524463058,climbing_stairs
23,1.55965320574e+18,-1.097905278,-0.1572318077,1.42146492,climbing_stairs
24,1.55965320599e+18,-0.9298458695,3.142415524,0.3266433477,climbing_stairs
25,1.55965320624e+18,-1.674842477,3.29674983,0.8145828247,climbing_stairs
26,1.55965320649e+18,0.1149164811,0.7086732984,1.229108214,climbing_stairs
27,1.55965320674e+18,-1.103707075,-1.202805281,-3.755250692,climbing_stairs
28,1.55965320699e+18,-0.067668356,-0.4449673295,-0.3626671731,climbing_stairs
29,1.55965320724e+18,-0.5452222824,0.7084512115,1.684744954,climbing_stairs
30,1.55965320749e+18,-2.287812233,2.588374853,0.7065730095,climbing_stairs
31,1.55965320774e+18,-1.467213631,2.747873306,0.1293719262,climbing_stairs
32,1.55965320799e+18,1.059412241,-1.092573166,-2.716133118,climbing_stairs
33,1.55965320824e+18,-1.601395607,0.5031926036,-0.5424404144,climbing_stairs
34,1.55965320849e+18,-0.2180503607,1.705228925,2.548752546,climbing_stairs
35,1.55965320874e+18,-1.194773197,1.319441915,0.07185663283,climbing_stairs
36,1.55965320898e+18,1.065932631,-2.515735388,-1.880678177,climbing_stairs
37,1.55965320923e+18,-0.6551879644,-0.3254476488,-1.687934875,climbing_stairs
38,1.55965320948e+18,0.5008323789,-0.1894631982,3.554328918,climbing_stairs
39,1.55965320973e+18,-1.364579201,2.098760366,1.216965199,climbing_stairs
40,1.55965320998e+18,1.161203027,-2.015057564,-1.845458865,climbing_stairs
41,1.55965321023e+18,0.5080243945,-0.8920204639,-2.203404903,climbing_stairs
42,1.55965321048e+18,-0.07873106003,-0.7880755663,1.941075206,climbing_stairs
43,1.55965321073e+18,-0.4958904684,1.011142969,2.806048393,climbing_stairs
44,1.55965321098e+18,1.706761599,-3.314145803,-0.2617110312,climbing_stairs
45,1.55965321123e+18,-0.3085698485,-1.088869333,-2.828154564,climbing_stairs
46,1.55965321148e+18,-1.580711603,0.02442726493,1.483144522,climbing_stairs
47,1.55965321173e+18,-0.4114903212,1.35867703,3.599545479,climbing_stairs
48,1.55965321198e+18,1.89664948,-0.9818575382,-0.3001578152,climbing_stairs
49,1.55965321223e+18,-0.443300873,-0.4474250078,-3.540016651,climbing_stairs
50,1.55965321248e+18,-0.1881853491,0.4957829118,0.1060429811,climbing_stairs
51,1.55965321273e+18,-0.6947456598,1.131813288,3.390558004,climbing_stairs
52,1.55965321298e+18,-1.199254751,2.156733274,-0.3822439909,climbing_stairs
53,1.55965321323e+18,0.2515907586,-1.482949615,-2.75144124,climbing_stairs
54,1.55965321348e+18,0.268704474,-0.778244555,-1.649544597,climbing_stairs
55,1.55965321373e+18,-0.8006725311,0.1535713524,1.463113904,climbing_stairs
56,1.55965321398e+18,-1.207549453,2.105955362,-0.3449921608,climbing_stairs
57,1.55965321423e+18,-1.766384125,2.80335331,0.7791095972,climbing_stairs
58,1.55965321448e+18,0.2188763916,0.7833075523,0.6088138223,climbing_stairs
59,1.55965321473e+18,-0.795696497,0.1286028624,-2.866076231,climbing_stairs
60,1.55965321498e+18,-1.360842228,0.2030543983,-0.1463086903,climbing_stairs
61,1.55965321522e+18,-0.963542223,1.420893669,1.357337117,climbing_stairs
62,1.55965321547e+18,-1.6546067,1.95371139,1.54782784,climbing_stairs
63,1.55965321572e+18,1.16643846,-0.2100908756,0.4363854825,climbing_stairs
64,1.55965321597e+18,-0.1713679284,0.3473258615,-2.267191887,climbing_stairs
65,1.55965321622e+18,-0.6975901723,1.204917431,0.6517124772,climbing_stairs
66,1.55965321647e+18,-0.4015833139,1.230656505,2.8133564,climbing_stairs
67,1.55965321672e+18,0.9213339686,0.1009729654,0.6416936517,climbing_stairs
68,1.55965321697e+18,0.2264644802,-1.678723931,-2.326483011,climbing_stairs
69,1.55965321722e+18,-1.866039753,1.068212271,-1.034459949,climbing_stairs
70,1.55965321747e+18,0.1312708408,1.466791749,3.168314695,climbing_stairs
71,1.55965321772e+18,-0.3132486641,0.728140831,-0.2499358803,climbing_stairs
72,1.55965321797e+18,0.4879440367,-2.567033529,-2.350392103,climbing_stairs
73,1.55965321822e+18,-0.2211969495,-0.9328716993,-1.598839283,climbing_stairs
74,1.55965321847e+18,-0.6112650037,2.873650789,2.539927483,climbing_stairs
75,1.55965321872e+18,-0.3836694658,0.9820673466,0.303307265,climbing_stairs
76,1.55965321897e+18,0.403144747,-2.228363514,-1.941663265,climbing_stairs
77,1.55965321922e+18,-0.9075645804,-0.3270412087,-1.956389308,climbing_stairs
78,1.55965321947e+18,-0.4406768382,0.5699843764,1.249383807,climbing_stairs
79,1.55965321972e+18,-0.1548135579,0.6011872292,2.611349583,climbing_stairs
80,1.55965321997e+18,0.8761238456,-1.537196398,-0.8043687344,climbing_stairs
81,1.55965322022e+18,-0.8320986629,-0.6574416161,-2.838316679,climbing_stairs
82,1.55965322047e+18,-0.3167578578,0.1222343966,0.01142746396,climbing_stairs
83,1.55965322072e+18,-0.1122261658,1.053668022,0.4579240382,climbing_stairs
84,1.55965322097e+18,-2.269783497,2.660531759,1.63540113,climbing_stairs
85,1.55965322121e+18,-0.8175947666,1.97529614,0.6057867408,climbing_stairs
86,1.55965322146e+18,0.2965601683,-0.8158347607,-2.075215816,climbing_stairs
87,1.55965322171e+18,-0.1177345738,-0.6366984248,-1.041476369,climbing_stairs
88,1.55965322196e+18,-0.8888102174,0.5496593714,1.049577355,climbing_stairs
89,1.55965322221e+18,-0.3088057935,1.055881381,0.7342669964,climbing_stairs
90,1.55965322246e+18,-1.761352539,2.385373831,0.3417696953,climbing_stairs
91,1.55965322271e+18,-1.318166971,2.034576178,-1.265914798,climbing_stairs
92,1.55965322296e+18,1.407363892,-1.809311271,-0.8139488101,climbing_stairs
93,1.55965322321e+18,-2.257067204,2.14262867,0.2103305757,climbing_stairs
94,1.55965322346e+18,-0.9040270448,2.361319304,2.029641867,climbing_stairs
95,1.55965322371e+18,1.198696256,-0.3772664368,0.2909322679,climbing_stairs
96,1.55965322396e+18,-0.4914418757,-1.898039699,-1.54061079,climbing_stairs
97,1.55965322421e+18,-0.05295105651,-0.9194524884,-1.805203557,climbing_stairs
98,1.55965322446e+18,-0.7657994032,0.9184012413,1.661655784,climbing_stairs
99,1.55965322471e+18,-0.4721503556,1.180856228,2.139096975,climbing_stairs
100,1.55965322496e+18,1.118843794,-2.681555748,-0.9234325886,climbing_stairs
101,1.55965322521e+18,-0.1608070135,-1.050954223,-2.274110317,climbing_stairs
102,1.55965322546e+18,-0.6423956752,-0.294334352,0.8317003846,climbing_stairs
103,1.55965322571e+18,-0.3202160001,0.6415007114,3.122213125,climbing_stairs
104,1.55965322596e+18,1.255652189,-0.9815545082,0.2126845568,climbing_stairs
105,1.55965322621e+18,-1.30192399,-0.8800571561,-3.805321455,climbing_stairs
106,1.55965322646e+18,-0.4981352687,0.6681277752,0.3527247906,climbing_stairs
107,1.55965322671e+18,-0.401070416,1.591593862,1.936635494,climbing_stairs
108,1.55965322696e+18,-0.1011148915,0.4225074351,0.2712294161,climbing_stairs
109,1.5596532272e+18,0.8312301636,-2.793716669,-0.8660206199,climbing_stairs
110,1.55965322745e+18,-0.6769164801,-0.5702222586,-2.304817438,climbing_stairs
111,1.5596532277e+18,-0.6470654011,0.1682992876,1.024237394,climbing_stairs
112,1.55965322795e+18,0.01242957823,1.203164935,2.786589384,climbing_stairs
113,1.5596532282e+18,-0.1640730351,2.276652098,-0.4909221232,climbing_stairs
114,1.55965322845e+18,-0.02747300081,-0.2420566082,-2.857108116,climbing_stairs
115,1.5596532287e+18,0.1890794635,-0.6283438802,-0.3087612092,climbing_stairs
116,1.55965322895e+18,-1.4221977,0.7649216056,1.21927774,climbing_stairs
117,1.5596532292e+18,-1.645547867,2.333391666,-0.1694574803,climbing_stairs
118,1.55965322945e+18,0.2360442281,1.425371528,1.122916579,climbing_stairs
119,1.5596532297e+18,0.1755343825,0.7010654807,0.01376451179,climbing_stairs
120,1.55965322995e+18,-0.5973601341,-0.4913163185,-1.78728497,climbing_stairs
121,1.5596532302e+18,-1.509384871,1.337768197,1.448077202,climbing_stairs
122,1.55965323045e+18,0.3991173804,1.956928611,0.1114567071,climbing_stairs
123,1.5596532307e+18,-0.8013295531,2.310384274,1.105140924,climbing_stairs
124,1.55965323095e+18,1.606605887,-0.7175476551,0.3502857983,climbing_stairs
125,1.5596532312e+18,-0.00743336184,0.2471056581,-1.976048589,climbing_stairs
126,1.55965323145e+18,-1.869943976,1.121552944,-0.5609253049,climbing_stairs
127,1.5596532317e+18,-1.641439199,2.519534826,2.844623804,climbing_stairs
128,1.55965323195e+18,-0.7233788371,1.413673401,-0.3590680361,climbing_stairs
129,1.5596532322e+18,0.239767313,-1.16401732,-2.482999563,climbing_stairs
130,1.55965323245e+18,-0.6776136756,-0.3025259674,-2.304696083,climbing_stairs
131,1.5596532327e+18,0.2656261921,1.182769299,2.366785288,climbing_stairs
132,1.55965323295e+18,-0.1824252307,2.087179899,2.265175104,climbing_stairs
133,1.55965323319e+18,-0.1481158137,0.1345912665,-0.6644454002,climbing_stairs
134,1.55965323344e+18,0.9115581512,-2.035143852,-2.062211275,climbing_stairs
135,1.55965323369e+18,-1.173866153,0.09477777034,-1.100408554,climbing_stairs
136,1.55965323394e+18,0.4425666928,0.1553903371,2.944491625,climbing_stairs
137,1.55965323419e+18,-0.8379069567,0.7162226439,1.380306959,climbing_stairs
138,1.55965323444e+18,0.8277435303,-3.721802473,-0.8797195554,climbing_stairs
139,1.55965323469e+18,0.2482478917,-2.443332911,-2.586574793,climbing_stairs
140,1.55965323494e+18,-0.5850749016,0.08397532254,1.728143215,climbing_stairs
141,1.55965323519e+18,-1.872353792,2.771445751,4.048210144,climbing_stairs
142,1.55965323544e+18,2.140874147,-1.943850398,0.1240180731,climbing_stairs
143,1.55965323569e+18,-1.486317158,0.7534087896,-3.490500689,climbing_stairs
144,1.55965323594e+18,-0.7430318594,0.7288631201,-0.191266641,climbing_stairs
145,1.55965323619e+18,-0.1958013326,1.181488395,1.02381587,climbing_stairs
146,1.55965323644e+18,-1.383672118,2.532753944,0.7220910192,climbing_stairs
147,1.55965323669e+18,-0.07322439551,1.301411629,0.8992878795,climbing_stairs
148,1.55965323694e+18,-0.8366041183,-1.275238752,-2.760416269,climbing_stairs
149,1.55965323719e+18,-0.3366571665,-0.8418515325,-0.941970408,climbing_stairs
150,1.55965323744e+18,-1.603618622,1.143848658,2.183237553,climbing_stairs
151,1.55965323769e+18,-1.415945053,2.683929682,1.067945719,climbing_stairs
152,1.55965323794e+18,0.8268774748,1.536280632,0.5562067032,climbing_stairs
153,1.55965323819e+18,-0.6073647738,-1.203678846,-3.103512526,climbing_stairs
154,1.55965323844e+18,0.1785862595,-1.106169939,-0.2111622542,climbing_stairs
155,1.55965323869e+18,-0.7835210562,0.8809572458,1.565270066,climbing_stairs
156,1.55965323894e+18,-0.1943750679,1.649242163,2.507584095,climbing_stairs
157,1.55965323918e+18,0.2359766215,-0.09209220111,-0.8057341576,climbing_stairs
158,1.55965323943e+18,-0.2484083623,-3.761100292,-2.880780697,climbing_stairs
159,1.55965323968e+18,0.6508828998,-1.596175551,-1.457814336,climbing_stairs
160,1.55965323993e+18,-1.729873776,2.355362415,3.217545033,climbing_stairs
161,1.55965324018e+18,-0.8616005182,0.5809959173,-0.1358706951,climbing_stairs
162,1.55965324043e+18,1.737510681,-4.443554878,-1.378322482,climbing_stairs
163,1.55965324068e+18,-0.4835838079,-1.748297572,-2.455649614,climbing_stairs
164,1.55965324093e+18,0.2422408015,0.9841147661,2.223505974,climbing_stairs
165,1.55965324118e+18,0.4912677109,0.6159312129,3.19285202,climbing_stairs
166,1.55965324143e+18,1.008560061,-1.994049549,-0.9569015503,climbing_stairs
167,1.55965324168e+18,-0.9520233274,-0.8471371531,-2.636007309,climbing_stairs
168,1.55965324193e+18,-0.2249413282,0.6281083822,1.91070962,climbing_stairs
169,1.55965324218e+18,0.6341958046,1.041747451,2.926372766,climbing_stairs
170,1.55965324243e+18,-0.0007211514749,-1.680431724,-1.476859331,climbing_stairs
171,1.55965324268e+18,-1.318171978,-0.8675562143,-2.229669571,climbing_stairs
172,1.55965324293e+18,0.4650303125,0.7186027765,1.357295156,climbing_stairs
173,1.55965324318e+18,-0.05657637119,1.896756411,2.538010836,climbing_stairs
174,1.55965324343e+18,-0.1498948783,1.157016158,0.2870110869,climbing_stairs
175,1.55965324368e+18,-0.9490727186,-0.4258244932,-4.99143219,climbing_stairs
176,1.55965324393e+18,-0.02081724815,-0.5398895144,-1.144254446,climbing_stairs
177,1.55965324418e+18,-0.7543824315,0.316808939,0.6292224526,climbing_stairs
178,1.55965324443e+18,1.898083687,-1.314115763,3.00541234,climbing_stairs
179,1.55965324468e+18,-2.939251661,2.763026237,0.4352920651,climbing_stairs
180,1.55965324493e+18,0.6386769414,1.066782594,1.034455538,climbing_stairs
181,1.55965324517e+18,0.5467047095,-1.647330165,-2.941459179,climbing_stairs
182,1.55965324542e+18,-0.685513258,-0.4575004578,-2.539311886,climbing_stairs
183,1.55965324567e+18,-0.8735100627,-0.3701532483,0.8985610008,climbing_stairs
184,1.55965324592e+18,0.6729800105,0.1580404937,3.167115927,climbing_stairs
185,1.55965324617e+18,-1.030956864,3.48210144,1.430885434,climbing_stairs
186,1.55965324642e+18,0.6969994903,-0.402736336,-0.1133589,climbing_stairs
187,1.55965324667e+18,-0.2773887813,-0.8403570056,-1.965581417,climbing_stairs
188,1.55965324692e+18,-1.839549899,1.268292665,-0.9475927949,climbing_stairs
189,1.55965324717e+18,-0.638263166,2.068632603,2.017225266,climbing_stairs
190,1.55965324742e+18,-0.375968039,-0.3752997816,-0.2707378566,climbing_stairs
191,1.55965324767e+18,0.5268462896,-2.223670959,-3.461197615,climbing_stairs
192,1.55965324792e+18,-1.49061203,1.382999778,-1.006602049,climbing_stairs
193,1.55965324817e+18,0.4032151699,1.913985372,3.881356716,climbing_stairs
194,1.55965324842e+18,-0.1884221137,1.359804988,-0.2307210714,climbing_stairs
195,1.55965324867e+18,-0.9811165929,-2.124184847,-3.344315052,climbing_stairs
196,1.55965324892e+18,-1.807286382,1.424769998,-1.995425105,climbing_stairs
197,1.55965324917e+18,0.05193729326,1.516024113,3.167858362,climbing_stairs
198,1.55965324942e+18,0.062859945,1.018518448,0.6235457659,climbing_stairs
199,1.55965324967e+18,-0.1978951842,-2.793785095,-2.429238796,climbing_stairs
200,1.55965324992e+18,-0.9653581381,-0.4295507967,-2.462852001,climbing_stairs
201,1.55965325017e+18,0.2241798192,1.601683021,1.80264461,climbing_stairs
202,1.55965325042e+18,0.3614305556,1.09912765,2.838166714,climbing_stairs
203,1.55965325067e+18,0.5209525228,-0.7429046631,-1.54529047,climbing_stairs
204,1.55965325092e+18,0.138596788,-1.295851588,-2.954948425,climbing_stairs
205,1.55965325116e+18,-0.4613537788,-0.08497063816,0.1473143846,climbing_stairs
206,1.55965325141e+18,0.5274244547,0.7097252607,2.077751398,climbing_stairs
207,1.55965325166e+18,-3.213251829,4.261395931,0.6347233653,climbing_stairs
208,1.55965325191e+18,0.2744602263,0.3077956736,0.9676994085,climbing_stairs
209,1.55965325216e+18,-0.2036858797,-0.0251230374,-2.254331112,climbing_stairs
210,1.55965325241e+18,-0.8571857214,0.4826859832,0.3970588744,climbing_stairs
211,1.55965325266e+18,0.4525231719,0.1196966022,1.029423475,climbing_stairs
212,1.55965325291e+18,-0.02490704879,1.261472464,1.375939131,climbing_stairs
213,1.55965325316e+18,0.9685347676,-0.8853178024,0.1116673201,climbing_stairs
214,1.55965325341e+18,-0.3430550694,0.2083814442,-1.859292388,climbing_stairs
215,1.55965325366e+18,-0.2761420906,0.6503287554,1.873369694,climbing_stairs
216,1.55965325391e+18,-0.8217808604,1.950448036,1.634836555,climbing_stairs
217,1.55965325416e+18,0.7313874364,-0.253652513,-1.21944499,climbing_stairs
218,1.55965325441e+18,-0.4930725992,-0.01094279438,-2.502554417,climbing_stairs
219,1.55965325466e+18,-1.881099939,2.699934959,0.6184071898,climbing_stairs
220,1.55965325491e+18,-0.3008669913,1.692600489,3.328813314,climbing_stairs
221,1.55965325516e+18,0.3807528019,0.2967711985,-0.8459427357,climbing_stairs
222,1.55965325541e+18,-0.6191281676,-2.376355886,-3.16141367,climbing_stairs
223,1.55965325566e+18,-0.1350701302,-0.2577669621,-0.5428396463,climbing_stairs
224,1.55965325591e+18,-0.02880700678,1.85250926,4.233888626,climbing_stairs
225,1.55965325616e+18,1.160201669,-0.07049930841,0.1120976061,climbing_stairs
226,1.55965325641e+18,-0.8588958383,-3.304518461,-3.03930378,climbing_stairs
227,1.55965325666e+18,-0.7333474159,-0.6284023523,-1.08962667,climbing_stairs
228,1.55965325691e+18,0.4848347604,1.033197761,3.111426353,climbing_stairs
229,1.55965325715e+18,-0.3103993535,2.126012325,0.3786126375,climbing_stairs
230,1.5596532574e+18,0.6476045251,-2.259152889,-1.628748417,climbing_stairs
231,1.55965325765e+18,-0.361420691,-0.6128541231,-2.52815485,climbing_stairs
232,1.5596532579e+18,-0.4371209145,0.01015260629,0.4186942577,climbing_stairs
233,1.55965325815e+18,0.0134159727,0.4582818747,0.9027189016,climbing_stairs
234,1.5596532584e+18,-1.33563292,1.687867761,0.5499846935,climbing_stairs
235,1.55965325865e+18,0.001322273165,1.985678911,1.178778052,climbing_stairs
236,1.5596532589e+18,-0.4727015495,-0.8751259446,-3.253498793,climbing_stairs
237,1.55965325915e+18,-0.5096996427,-0.4376992881,-1.376642704,climbing_stairs
238,1.5596532594e+18,-1.431713939,0.4550735354,1.398655415,climbing_stairs
239,1.55965325965e+18,-1.541683078,3.024558067,1.200105906,climbing_stairs
240,1.5596532599e+18,-0.8375662565,1.807812452,0.5165900588,climbing_stairs
241,1.55965326015e+18,1.244329214,-1.602667212,-1.238644838,climbing_stairs
242,1.5596532604e+18,-0.1629193425,-1.129902601,-1.63539803,climbing_stairs
243,1.55965326065e+18,-1.701843977,2.180228472,2.229838133,climbing_stairs
244,1.5596532609e+18,-0.7000840902,2.039283991,3.362471342,climbing_stairs
245,1.55965326115e+18,1.034028053,-1.926490307,0.5480051637,climbing_stairs
246,1.5596532614e+18,-0.5722606182,1.796052814,-4.169938564,climbing_stairs
247,1.55965326165e+18,-2.3042171,2.468316555,1.252160549,climbing_stairs
248,1.5596532619e+18,-0.5402233005,2.774672031,3.560203314,climbing_stairs
249,1.55965326215e+18,-0.1864295751,0.7529171705,-0.9000236392,climbing_stairs
250,1.5596532624e+18,-1.219789982,-0.8448640704,-2.66826272,climbing_stairs
251,1.55965326265e+18,-2.664428234,1.816323996,-1.758991957,climbing_stairs
252,1.5596532629e+18,0.8186166286,1.390048504,3.912267923,climbing_stairs
253,1.55965326315e+18,-0.4625502825,0.7221200466,-0.5485208631,climbing_stairs
254,1.55965326339e+18,-1.042048335,-3.508056641,-2.681566954,climbing_stairs
255,1.55965326364e+18,-1.670801401,0.8246555924,-2.259043932,climbing_stairs
256,1.55965326389e+18,-1.20476532,1.21641171,2.172792435,climbing_stairs
257,1.55965326414e+18,-0.6301801801,1.646772265,1.814696193,climbing_stairs
258,1.55965326439e+18,-0.354919672,-2.297155857,-1.833554149,climbing_stairs
259,1.55965326464e+18,-0.8657224178,-1.02175951,-2.568605423,climbing_stairs
260,1.55965326489e+18,0.3512084782,0.23084867,2.055135489,climbing_stairs
261,1.55965326514e+18,-1.315387726,2.843649864,1.737704158,climbing_stairs
262,1.55965326539e+18,0.5921930075,0.5021902919,0.7737553716,climbing_stairs
263,1.55965326564e+18,-1.374215722,-0.9509570003,-4.205768108,climbing_stairs
264,1.55965326589e+18,-0.5722346306,0.4887858033,-0.231689617,climbing_stairs
265,1.55965326614e+18,0.3061033189,0.6656340957,4.174312592,climbing_stairs
266,1.55965326639e+18,-2.548633337,2.817991734,0.1708644927,climbing_stairs
267,1.55965326664e+18,-0.4960653782,0.6334832311,-0.8112989664,climbing_stairs
268,1.55965326689e+18,0.1919582486,-0.4584617317,-2.025410652,climbing_stairs
269,1.55965326714e+18,-0.3395460844,-0.05963858217,0.3459937871,climbing_stairs
270,1.55965326739e+18,-1.315777421,1.356393456,1.351278901,climbing_stairs
271,1.55965326764e+18,-1.258000135,1.91184926,1.003957987,climbing_stairs
272,1.55965326789e+18,1.371127725,-1.517810702,-1.022138238,climbing_stairs
273,1.55965326814e+18,-0.1566674113,-1.307030439,-2.167051315,climbing_stairs
274,1.55965326839e+18,0.005338412244,1.714378238,1.313476324,climbing_stairs
275,1.55965326864e+18,-0.7061867118,3.109991789,2.808775663,climbing_stairs
276,1.55965326889e+18,-0.3642337918,0.8552788496,-1.14171946,climbing_stairs
277,1.55965326914e+18,1.323305726,-3.887579203,-1.703030586,climbing_stairs
278,1.55965326938e+18,-0.6076693535,-0.5164075494,-1.347260833,climbing_stairs
279,1.55965326963e+18,0.2866541147,0.8518105149,2.48592639,climbing_stairs
280,1.55965326988e+18,0.9744027853,-0.5855421424,1.792861819,climbing_stairs
281,1.55965327013e+18,1.183526397,-1.425329447,-0.9276860356,climbing_stairs
282,1.55965327038e+18,0.1614318341,-1.22862792,-1.662528515,climbing_stairs
283,1.55965327063e+18,-0.08292164654,0.2019288391,-0.360669136,climbing_stairs
284,1.55965327088e+18,-0.5007438064,2.048660755,2.27802372,climbing_stairs
285,1.55965327113e+18,0.09239175916,0.9605363011,0.07085800171,climbing_stairs
286,1.55965327138e+18,-0.8052901626,-1.509313822,-2.04622674,climbing_stairs
287,1.55965327163e+18,-0.9421542287,1.08313334,-1.047046304,climbing_stairs
288,1.55965327188e+18,0.5387579203,0.6626355052,2.307665586,climbing_stairs
289,1.55965327213e+18,-0.07981444895,0.2387297004,1.040633559,climbing_stairs
290,1.55965327238e+18,-0.7079322338,-0.8844292164,-2.583579063,climbing_stairs
291,1.55965327263e+18,-0.927947402,0.3524992168,-1.097757816,climbing_stairs
292,1.55965327288e+18,-0.6849098206,0.9671944976,2.421046257,climbing_stairs
293,1.55965327313e+18,-2.22034359,2.934421539,-0.6460177898,climbing_stairs
294,1.55965327338e+18,-1.588109851,2.833952904,1.5851897,climbing_stairs
295,1.55965327363e+18,1.822713852,-1.712124109,-0.6094204783,climbing_stairs
296,1.55965327388e+18,-0.601239562,-0.1197620183,-2.027083635,climbing_stairs
297,1.55965327413e+18,-1.185626268,-0.1511217803,0.7333697081,climbing_stairs
298,1.55965327438e+18,-1.592333794,1.813763738,0.5183740258,climbing_stairs
299,1.55965327463e+18,-1.774092555,1.953089356,2.118698597,climbing_stairs
300,1.55965327488e+18,2.104317188,-2.651446342,-0.324401468,climbing_stairs
301,1.55965327513e+18,-0.3250862956,-0.6137139201,-2.734554768,climbing_stairs
302,1.55965327538e+18,-1.843654394,1.017274618,1.288493633,climbing_stairs
303,1.55965327562e+18,-1.425138593,1.71670258,3.116105795,climbing_stairs
304,1.55965327587e+18,1.286299944,-0.1601952463,-0.7422784567,climbing_stairs
305,1.55965327612e+18,-0.3071066439,-0.7254894972,-3.288077354,climbing_stairs
306,1.55965327637e+18,-1.67332375,2.479405403,-0.794901371,climbing_stairs
307,1.55965327662e+18,-0.6484564543,1.804550409,2.950146675,climbing_stairs
308,1.55965327687e+18,0.426358372,0.9086880684,-0.315880239,climbing_stairs
309,1.55965327712e+18,0.5192462802,-3.005917788,-2.323236465,climbing_stairs
310,1.55965327737e+18,-0.4203814268,-0.8906227946,-1.189682484,climbing_stairs
311,1.55965327762e+18,0.176846683,0.8778721094,2.37161994,climbing_stairs
312,1.55965327787e+18,-0.04146345705,0.6902065873,1.827006936,climbing_stairs
313,1.55965327812e+18,1.046395779,-3.231149435,-1.289686084,climbing_stairs
314,1.55965327837e+18,-0.1153379157,-1.276733518,-1.59801054,climbing_stairs
315,1.55965327862e+18,0.4644201994,0.5605835915,1.601353645,climbing_stairs
316,1.55965327887e+18,0.3661633134,1.671663046,2.662218571,climbing_stairs
317,1.55965327912e+18,1.021972537,-0.5165611506,-0.671119988,climbing_stairs
318,1.55965327937e+18,-0.3569321036,-1.434035182,-1.908231735,climbing_stairs
319,1.55965327962e+18,-0.1371256858,-0.1880879104,0.08797827363,climbing_stairs
320,1.55965327987e+18,-0.2822752595,1.389561415,0.6809093356,climbing_stairs
321,1.55965328012e+18,-0.3185989857,2.309862375,1.262443304,climbing_stairs
322,1.55965328037e+18,0.02515194938,1.644160509,0.5079692602,climbing_stairs
323,1.55965328062e+18,-0.3844154775,-2.045987368,-2.946981907,climbing_stairs
324,1.55965328087e+18,-0.2687361836,-0.1572890282,-0.4638927579,climbing_stairs
325,1.55965328112e+18,-0.6081287861,0.728859961,2.849014282,climbing_stairs
326,1.55965328137e+18,-2.492359161,3.554996252,0.4525532424,climbing_stairs
327,1.55965328162e+18,0.4832080305,1.165421367,0.9849597216,climbing_stairs
328,1.55965328186e+18,0.3277359605,-1.827790618,-2.602765083,climbing_stairs
329,1.55965328211e+18,-0.1199958473,-0.5399364829,-0.8857297301,climbing_stairs
330,1.55965328236e+18,-1.105702877,0.5846633315,2.605494022,climbing_stairs
331,1.55965328261e+18,-1.368479729,1.240728974,3.108271599,climbing_stairs
332,1.55965328286e+18,1.313199401,-2.065144777,-0.5504781008,climbing_stairs
333,1.55965328311e+18,0.2364179343,-1.330246925,-2.700805426,climbing_stairs
334,1.55965328336e+18,-0.3910562992,0.824321568,1.805939078,climbing_stairs
335,1.55965328361e+18,-1.099541783,2.89575696,3.497557163,climbing_stairs
336,1.55965328386e+18,0.3876255751,-0.3881700635,-0.1934753656,climbing_stairs
337,1.55965328411e+18,-0.7614969611,-2.076199293,-3.748057365,climbing_stairs
338,1.55965328436e+18,0.04477821663,-1.028404117,-1.40293014,climbing_stairs
339,1.55965328461e+18,-0.003482842352,1.035581589,2.977694035,climbing_stairs
340,1.55965328486e+18,1.465283751,-1.801424384,2.118644238,climbing_stairs
341,1.55965328511e+18,-0.159599483,-4.316329002,-1.574531794,climbing_stairs
342,1.55965328536e+18,-0.7614301443,-2.370981932,-3.06009078,climbing_stairs
343,1.55965328561e+18,-0.01106767636,3.06491518,2.323202372,climbing_stairs
344,1.55965328586e+18,-0.3933812082,1.50989151,2.124642849,climbing_stairs
345,1.55965328611e+18,0.9631866813,-3.202533007,-0.7814511657,climbing_stairs
346,1.55965328636e+18,-1.342506766,-0.72218889,-2.390437126,climbing_stairs
347,1.55965328661e+18,0.4665001333,0.9151893258,2.005479574,climbing_stairs
348,1.55965328686e+18,0.2272289395,1.690429211,2.171694517,climbing_stairs
349,1.55965328711e+18,1.725862384,-1.105726242,-0.1795895249,climbing_stairs
350,1.55965328736e+18,-0.3044705689,0.8584166169,-3.494166613,climbing_stairs
351,1.55965328761e+18,-0.1481577307,-0.7708303332,-0.4505582154,climbing_stairs
352,1.55965328785e+18,-0.9684983492,1.81955564,2.756055117,climbing_stairs
353,1.5596532881e+18,-2.917697906,1.538526416,0.5522110462,climbing_stairs
354,1.55965328835e+18,-0.9111070633,0.7030355334,0.9671798348,climbing_stairs
355,1.5596532886e+18,0.5704345703,-0.7706121206,-2.155439854,climbing_stairs
356,1.55965328885e+18,-0.6528141499,-0.2533354461,-0.8108024001,climbing_stairs
357,1.5596532891e+18,0.05026859045,0.400533855,2.110258341,climbing_stairs
358,1.55965328935e+18,-1.863716245,2.576789856,1.931372643,climbing_stairs
359,1.5596532896e+18,1.81001699,-0.7267382741,1.040479422,climbing_stairs
360,1.55965328985e+18,-0.2908710539,-0.04102777317,-2.637773991,climbing_stairs
361,1.5596532901e+18,-1.59297812,2.044789791,0.3373787999,climbing_stairs
362,1.55965329035e+18,-2.63482213,3.69000411,2.019897938,climbing_stairs
363,1.5596532906e+18,0.6553465128,-0.1712651998,0.4247822165,climbing_stairs
364,1.55965329085e+18,0.3140355647,-2.671590805,-2.848059893,climbing_stairs
365,1.5596532911e+18,-0.5672861338,-0.6210033298,-2.098833084,climbing_stairs
366,1.55965329135e+18,-0.05418662727,0.4968267977,3.656802893,climbing_stairs
367,1.5596532916e+18,0.01870785654,1.439485788,1.073729277,climbing_stairs
368,1.55965329185e+18,1.729165554,-4.245449543,-2.006779909,climbing_stairs
369,1.5596532921e+18,0.7916064858,-2.047525883,-2.19183588,climbing_stairs
370,1.55965329235e+18,0.08316506445,0.03992658854,2.452939034,climbing_stairs
371,1.5596532926e+18,0.05811090767,0.5722818971,3.60294795,climbing_stairs
372,1.55965329285e+18,1.236104727,-1.501389384,-0.8395492435,climbing_stairs
373,1.5596532931e+18,-0.4875512719,-0.7765321732,-3.039224625,climbing_stairs
374,1.55965329335e+18,-1.372965693,1.9579494,-0.88385427,climbing_stairs
375,1.5596532936e+18,-1.74022305,2.67794013,3.438047171,climbing_stairs
376,1.55965329384e+18,-0.06684723496,1.360753655,0.8552944064,climbing_stairs
377,1.55965329409e+18,1.652834773,-1.193546176,-3.340255022,climbing_stairs
378,1.55965329434e+18,0.1160893068,-0.4415532649,-1.668809295,climbing_stairs
379,1.55965329459e+18,0.8446941972,-0.5812631249,3.513810396,climbing_stairs
380,1.55965329484e+18,-1.09896481,1.885645986,0.8595125675,climbing_stairs
381,1.55965329509e+18,-1.676814556,2.677631617,0.05140383914,climbing_stairs
382,1.55965329534e+18,0.7583156228,-1.558685422,-1.275893211,climbing_stairs
383,1.55965329559e+18,0.2333341837,-0.1521027386,-1.754905462,climbing_stairs
384,1.55965329584e+18,-1.306844234,0.6877402663,1.097038865,climbing_stairs
385,1.55965329609e+18,-1.981857538,4.213120461,0.1529777348,climbing_stairs
386,1.55965329634e+18,-0.2297266126,2.500201702,1.184527636,climbing_stairs
387,1.55965329659e+18,0.3138969541,-1.365889549,-1.824077368,climbing_stairs
388,1.55965329684e+18,0.2292476594,-0.7283760905,-1.008851528,climbing_stairs
389,1.55965329709e+18,-0.4720035195,1.082342267,2.253054142,climbing_stairs
390,1.55965329734e+18,-1.170594931,2.134006977,1.953667879,climbing_stairs
391,1.55965329759e+18,1.995003104,-2.496777296,-0.1560122073,climbing_stairs
392,1.55965329784e+18,-0.5541577935,0.5197196007,-3.728117466,climbing_stairs
393,1.55965329809e+18,0.009746213444,1.451078653,2.991025686,climbing_stairs
394,1.55965329834e+18,-0.6176797748,2.224095345,2.768963575,climbing_stairs
395,1.55965329859e+18,0.5487661362,0.005222979933,-1.00191474,climbing_stairs
396,1.55965329884e+18,-1.480746508,-0.8093006015,-3.278506279,climbing_stairs
397,1.55965329909e+18,-0.5546168685,0.05767372623,-0.4434219301,climbing_stairs
398,1.55965329934e+18,-0.5788453817,2.299035311,3.248747826,climbing_stairs
399,1.55965329959e+18,-0.7748161554,0.6107774377,-0.6523284912,climbing_stairs
400,1.55965329984e+18,-0.828825295,-1.751481295,-2.875289917,climbing_stairs
401,1.55965330008e+18,-0.9651901722,0.0827126503,-1.499076962,climbing_stairs
402,1.55965330033e+18,0.6300466657,0.5212056041,2.802579403,climbing_stairs
403,1.55965330058e+18,-1.288430095,1.47327292,1.666249037,climbing_stairs
404,1.55965330083e+18,0.3391824663,-1.843968034,-2.14006114,climbing_stairs
405,1.55965330108e+18,-0.1030615941,-0.4605618715,-2.437797308,climbing_stairs
406,1.55965330133e+18,0.07086289674,0.5342652798,2.390636444,climbing_stairs
407,1.55965330158e+18,-0.215044409,1.345375299,3.221858978,climbing_stairs
408,1.55965330183e+18,0.176941976,0.4416251481,-0.216827333,climbing_stairs
409,1.55965330208e+18,-1.744836569,-1.992475867,-4.936066628,climbing_stairs
410,1.55965330233e+18,0.1846111119,-0.2751230299,-0.710819304,climbing_stairs
411,1.55965330258e+18,-0.9574932456,0.1743170768,2.121083021,climbing_stairs
412,1.55965330283e+18,-3.220907927,4.875317574,-0.7742989659,climbing_stairs
413,1.55965330308e+18,-1.823830843,1.985532403,1.519819975,climbing_stairs
414,1.55965330333e+18,0.3553231657,-0.4726945758,-1.897501469,climbing_stairs
415,1.55965330358e+18,0.7002924681,-0.9115331173,-0.995192647,climbing_stairs
416,1.55965330383e+18,-2.194181442,0.963436842,2.049252033,climbing_stairs
417,1.55965330408e+18,-1.466501713,1.993625879,0.906607151,climbing_stairs
418,1.55965330433e+18,0.4386475384,-0.2080787718,0.4900068641,climbing_stairs
419,1.55965330458e+18,-1.627573371,-1.289269686,-3.561836481,climbing_stairs
420,1.55965330483e+18,-1.455742121,1.637638092,0.01592846774,climbing_stairs
421,1.55965330508e+18,0.4195097685,2.243180275,3.657408476,climbing_stairs
422,1.55965330533e+18,-0.2131125778,0.7157108784,-0.7299496531,climbing_stairs
423,1.55965330558e+18,-0.227963686,-1.995613694,-3.174999952,climbing_stairs
424,1.55965330583e+18,-0.1555675417,-0.8070856333,-1.202565074,climbing_stairs
425,1.55965330607e+18,0.4750423133,-0.1727927476,2.914277077,climbing_stairs
426,1.55965330632e+18,-0.484652698,1.533744454,1.826094508,climbing_stairs
427,1.55965330657e+18,1.35614562,-3.652342319,-1.435807943,climbing_stairs
428,1.55965330682e+18,-0.1091471314,-1.159284592,-2.547249794,climbing_stairs
429,1.55965330707e+18,-0.1586609185,0.1528383642,3.006364822,climbing_stairs
430,1.55965330732e+18,-0.07988303155,1.138451815,3.513458729,climbing_stairs
431,1.55965330757e+18,2.07005477,-2.367535591,-0.3856082261,climbing_stairs
432,1.55965330782e+18,-0.4784317911,-0.03757382184,-3.028711557,climbing_stairs
433,1.55965330807e+18,-1.609766006,1.992056131,1.160394311,climbing_stairs
434,1.55965330832e+18,-0.6175781488,1.9347893,3.168333769,climbing_stairs
435,1.55965330857e+18,0.2070362419,1.055568933,0.09602349997,climbing_stairs
436,1.55965330882e+18,-1.176583648,-1.672390699,-3.846336603,climbing_stairs
437,1.55965330907e+18,-0.6358929873,-0.5270242691,-1.175965071,climbing_stairs
438,1.55965330932e+18,0.7382228971,0.1703294814,1.229257703,climbing_stairs
439,1.55965330957e+18,-2.062125444,2.556828976,1.562016606,climbing_stairs
440,1.55965330982e+18,-0.08083816618,1.90160203,1.032263994,climbing_stairs
441,1.55965331007e+18,0.3438927531,-2.054298878,-3.461505651,climbing_stairs
442,1.55965331032e+18,0.9307119846,-0.5301901698,-0.5952575207,climbing_stairs
443,1.55965331057e+18,-0.6907764077,0.6933579445,1.457173944,climbing_stairs
444,1.55965331082e+18,-2.667811394,3.704566479,-0.2137705535,climbing_stairs
445,1.55965331107e+18,0.3713265657,1.778046489,1.722190022,climbing_stairs
446,1.55965331132e+18,0.6009770632,0.9116250277,-1.797698855,climbing_stairs
447,1.55965331157e+18,0.8109152317,-1.123759031,-1.537865162,climbing_stairs
448,1.55965331182e+18,-1.994961023,0.2863135934,0.7472441196,climbing_stairs
449,1.55965331206e+18,0.214391768,2.656296968,3.198949099,climbing_stairs
450,1.55965331231e+18,0.1151423603,1.099767089,-0.8293527961,climbing_stairs
451,1.55965331256e+18,-0.3346063793,-1.796164393,-3.705518246,climbing_stairs
452,1.55965331281e+18,0.1681396067,-0.3536922932,-0.2181898057,climbing_stairs
453,1.55965331306e+18,1.461005092,0.6329837441,3.769809484,climbing_stairs
454,1.55965331331e+18,-0.5747874975,1.441086292,1.859827042,climbing_stairs
455,1.55965331356e+18,1.316598177,-1.959506392,-1.388571024,climbing_stairs
456,1.55965331381e+18,-0.8683297038,-0.1031730622,-2.891322613,climbing_stairs
457,1.55965331406e+18,-0.4412807524,1.970368028,1.956532359,climbing_stairs
458,1.55965331431e+18,-1.582829952,2.275172949,1.772180438,climbing_stairs
459,1.55965331456e+18,-0.4683282077,0.4954675734,-0.9875446558,climbing_stairs
460,1.55965331481e+18,1.431685209,-4.60000658,-1.970098495,climbing_stairs
461,1.55965331506e+18,-0.4465292394,-0.6337468624,-1.168684006,climbing_stairs
462,1.55965331531e+18,-0.2051985264,1.1846807,2.634747267,climbing_stairs
463,1.55965331556e+18,-0.3447607756,0.9170414805,1.647651315,climbing_stairs
464,1.55965331581e+18,1.489571452,-2.057150126,-0.8253421187,climbing_stairs
465,1.55965331606e+18,-0.813811779,0.7375622988,-3.315502167,climbing_stairs
466,1.55965331631e+18,0.3239428103,0.7439824939,1.403952241,climbing_stairs
467,1.55965331656e+18,-0.5847374201,1.143284678,0.3934026361,climbing_stairs
468,1.55965331681e+18,-0.271622777,1.192577481,1.93260169,climbing_stairs
469,1.55965331706e+18,-0.6033209562,-0.6148631573,-2.808122158,climbing_stairs
470,1.55965331731e+18,-0.4678578973,0.05386055633,-2.866023779,climbing_stairs
471,1.55965331756e+18,-0.3082811534,-0.3120050728,0.5341371894,climbing_stairs
472,1.55965331781e+18,1.183447123,0.1057842895,1.633836627,climbing_stairs
473,1.55965331806e+18,-1.403829813,2.490418196,1.395061255,climbing_stairs
474,1.5596533183e+18,-0.8646242619,1.353547454,1.381952167,climbing_stairs
475,1.55965331855e+18,-0.3131961524,-2.351853609,-2.789166689,climbing_stairs
476,1.5596533188e+18,-0.8542124033,-0.4689036012,-0.3095134199,climbing_stairs
477,1.55965331905e+18,-1.748192072,0.8670448661,2.328796148,climbing_stairs
478,1.5596533193e+18,-2.071546793,2.729346752,0.7736156583,climbing_stairs
479,1.55965331955e+18,-1.423501372,2.101308823,0.5960669518,climbing_stairs
480,1.5596533198e+18,0.9766996503,-2.03694129,-1.641712785,climbing_stairs
481,1.55965332005e+18,0.564956367,-1.63279736,-1.733546853,climbing_stairs
482,1.5596533203e+18,-1.074797392,0.3712868392,2.874621391,climbing_stairs
483,1.55965332055e+18,-0.2062229216,0.2801588774,2.809394121,climbing_stairs
484,1.5596533208e+18,1.492336392,-0.6708573103,-1.026771069,climbing_stairs
485,1.55965332105e+18,-0.003354456276,-1.013022423,-2.184556723,climbing_stairs
486,1.5596533213e+18,0.8148941994,-0.5186442137,0.4108088911,climbing_stairs
487,1.55965332155e+18,-0.4873092473,3.087785006,1.972449899,climbing_stairs
488,1.5596533218e+18,-0.6307873726,1.476687431,0.9018979669,climbing_stairs
489,1.55965332205e+18,0.9074416757,-1.58991003,-1.286491036,climbing_stairs
490,1.5596533223e+18,0.5296897888,-0.4166689217,-2.388212442,climbing_stairs
491,1.55965332255e+18,-1.041453958,2.079030752,-0.06153947115,climbing_stairs
492,1.5596533228e+18,-1.230330586,0.9374619722,2.674068213,climbing_stairs
493,1.55965332305e+18,0.1009233817,0.3597797155,0.1337593645,climbing_stairs
494,1.5596533233e+18,0.7449325919,-3.039116859,-1.697143316,climbing_stairs
495,1.55965332355e+18,-1.121321917,-0.5505139232,-1.573027015,climbing_stairs
496,1.5596533238e+18,1.314587951,-0.8341732621,2.203553915,climbing_stairs
497,1.55965332405e+18,0.3469504118,0.06217597052,2.384442091,climbing_stairs
498,1.5596533243e+18,-0.08593612909,0.1675522625,-1.852954984,climbing_stairs
499,1.55965332454e+18,1.233223438,-1.493515372,-0.721152544,climbing_stairs
500,1.55965332479e+18,-0.7066585422,0.1639383584,-0.4322589934,climbing_stairs
501,1.55965332504e+18,-0.2102729231,0.2180632055,1.292665958,climbing_stairs
502,1.55965332529e+18,-0.3891409934,2.448527813,0.6457514763,climbing_stairs
503,1.55965332554e+18,-0.1162431464,1.391737103,0.5677681565,climbing_stairs
504,1.55965332579e+18,-0.2730587423,-1.182539463,-2.91736412,climbing_stairs
505,1.55965332604e+18,0.1834171414,-0.3385031223,-0.6259020567,climbing_stairs
506,1.55965332629e+18,-1.034219503,0.2338065356,2.281457663,climbing_stairs
507,1.55965332654e+18,-1.514449716,2.51245904,1.163827419,climbing_stairs
508,1.55965332679e+18,0.08363096416,1.713682294,0.1151984781,climbing_stairs
509,1.55965332704e+18,0.2312156409,-1.451485038,-3.059362888,climbing_stairs
510,1.55965332729e+18,-0.04083733261,-0.3882359266,-0.3021381199,climbing_stairs
511,1.55965332754e+18,0.002379088663,1.257462382,2.081953526,climbing_stairs
512,1.55965332779e+18,-1.57659173,2.263082981,1.769444108,climbing_stairs
513,1.55965332804e+18,2.758262873,-2.476081371,0.2385724187,climbing_stairs
514,1.55965332829e+18,-2.281574249,1.454345345,-3.978966236,climbing_stairs
515,1.55965332854e+18,-1.252414584,2.343966961,0.9197032452,climbing_stairs
516,1.55965332879e+18,-0.9398016334,2.746491671,3.24010849,climbing_stairs
517,1.55965332904e+18,-0.01677052118,0.7867168784,-0.9339469075,climbing_stairs
518,1.55965332929e+18,0.5389114618,-3.819925308,-2.129732609,climbing_stairs
519,1.55965332954e+18,0.01672259718,-0.8647244573,-1.676522136,climbing_stairs
520,1.55965332979e+18,-0.1905289143,0.4610464573,3.575586081,climbing_stairs
521,1.55965333004e+18,-0.000495698303,1.320504189,0.7632118464,climbing_stairs
522,1.55965333029e+18,1.514589429,-2.933064699,-0.7177624106,climbing_stairs
523,1.55965333053e+18,-0.6331968307,0.05301386118,-2.418903112,climbing_stairs
524,1.55965333078e+18,-0.6652947068,2.613756418,1.405965328,climbing_stairs
525,1.55965333103e+18,0.458550632,2.346840382,3.532402039,climbing_stairs
526,1.55965333128e+18,0.7901734114,0.3633676171,-0.4532880783,climbing_stairs
527,1.55965333153e+18,-1.943775058,-0.4639047384,-3.002974033,climbing_stairs
528,1.55965333178e+18,-0.1260176599,0.1815444529,-1.246972561,climbing_stairs
529,1.55965333203e+18,0.4114933908,1.555937648,2.609267712,climbing_stairs
530,1.55965333228e+18,-0.1875626594,2.519420385,0.1659074277,climbing_stairs
531,1.55965333253e+18,0.4631380141,-1.106475592,-2.074676037,climbing_stairs
532,1.55965333278e+18,-0.3585005105,-0.6778770089,-2.318880796,climbing_stairs
533,1.55965333303e+18,0.2465708852,0.3085552752,0.588252902,climbing_stairs
534,1.55965333328e+18,0.1134449169,1.145259976,1.613693595,climbing_stairs
535,1.55965333353e+18,-2.612420082,2.698060513,1.322791696,climbing_stairs
536,1.55965333378e+18,-0.3381073475,1.507190108,0.7946335673,climbing_stairs
537,1.55965333403e+18,-0.2471823841,-0.8852291107,-2.783354998,climbing_stairs
538,1.55965333428e+18,-0.9461942911,0.1977209151,-0.8638561964,climbing_stairs
539,1.55965333453e+18,-1.775771141,0.9529430866,2.667549133,climbing_stairs
540,1.55965333478e+18,-2.049800873,2.451869965,0.8877152205,climbing_stairs
541,1.55965333503e+18,-0.1036763489,0.09347610921,0.4708384573,climbing_stairs
542,1.55965333528e+18,0.004007077776,-1.927399874,-4.028089523,climbing_stairs
543,1.55965333553e+18,-1.190877557,0.2975268662,-1.198300242,climbing_stairs
544,1.55965333578e+18,-2.390921116,1.965960145,3.397190571,climbing_stairs
545,1.55965333603e+18,-1.033290982,0.6391674876,0.4228260517,climbing_stairs
546,1.55965333628e+18,2.271399736,-3.813821316,-2.057497025,climbing_stairs
547,1.55965333653e+18,0.912114501,-1.203943133,-2.123940945,climbing_stairs
548,1.55965333677e+18,0.2433396429,0.7338849306,3.496474266,climbing_stairs
549,1.55965333702e+18,0.3175003529,1.294896722,1.706821918,climbing_stairs
550,1.55965333727e+18,1.940030575,-1.097372055,-0.02983956784,climbing_stairs
551,1.55965333752e+18,-0.9608624578,0.7065591812,-3.308665514,climbing_stairs
552,1.55965333777e+18,0.1240096837,1.281575322,-0.2594946921,climbing_stairs
553,1.55965333802e+18,-1.494669914,1.749458671,3.551943541,climbing_stairs
554,1.55965333827e+18,0.2963908911,0.9096320271,0.4943180382,climbing_stairs
555,1.55965333852e+18,-0.5629342794,-2.292913437,-2.151774168,climbing_stairs
556,1.55965333877e+18,-0.1050541773,-1.240208745,-1.278696179,climbing_stairs
557,1.55965333902e+18,-0.3583999574,0.5935165882,1.872439504,climbing_stairs
558,1.55965333927e+18,0.4339134693,0.3980380893,2.167263985,climbing_stairs
559,1.55965333952e+18,1.602469206,-2.766747236,-1.138592601,climbing_stairs
560,1.55965333977e+18,-0.1572468132,0.06666631997,-2.792654753,climbing_stairs
561,1.55965334002e+18,-1.169219494,0.1904803216,0.8017537594,climbing_stairs
562,1.55965334027e+18,-0.877705574,1.709354043,0.4678240716,climbing_stairs
563,1.55965334052e+18,-1.705791831,2.173513889,1.089344978,climbing_stairs
564,1.55965334077e+18,-0.2819634676,0.8418678641,0.3672080338,climbing_stairs
565,1.55965334102e+18,-0.4802594185,-0.0211600475,-2.951655149,climbing_stairs
566,1.55965334127e+18,-0.7165202498,-0.4236957133,-0.3366653323,climbing_stairs
567,1.55965334152e+18,-0.2609622777,0.4616109431,2.205254555,climbing_stairs
568,1.55965334177e+18,-1.341063619,2.969923019,1.845162153,climbing_stairs
569,1.55965334202e+18,0.1668191999,0.8187329769,0.03385046124,climbing_stairs
570,1.55965334227e+18,0.6202673316,-1.051873565,-3.204690456,climbing_stairs
571,1.55965334252e+18,-1.421267033,0.6661208272,-0.420185715,climbing_stairs
572,1.55965334276e+18,-1.266085625,2.276892424,2.435606718,climbing_stairs
573,1.55965334301e+18,-0.6896330118,1.142348528,0.4549080133,climbing_stairs
574,1.55965334326e+18,2.656355143,-5.083584785,-2.300010443,climbing_stairs
575,1.55965334351e+18,0.3442617059,-1.385559797,-2.09633255,climbing_stairs
576,1.55965334376e+18,-0.4092529118,0.5336865187,2.675046682,climbing_stairs
577,1.55965334401e+18,-1.383900881,2.464762449,2.57751298,climbing_stairs
578,1.55965334426e+18,-0.00695994636,0.1907908618,-0.2030669749,climbing_stairs
579,1.55965334451e+18,1.237007499,-3.665313244,-2.663973093,climbing_stairs
580,1.55965334476e+18,-0.8617144823,-1.077057362,-1.501907706,climbing_stairs
581,1.55965334501e+18,-0.6487948895,0.6524703503,2.867097139,climbing_stairs
582,1.55965334526e+18,-1.69703722,1.52235961,1.490018845,climbing_stairs
583,1.55965334551e+18,1.978564501,-3.422125816,-1.458762646,climbing_stairs
584,1.55965334576e+18,-1.06670475,-0.1177422479,-3.0044415,climbing_stairs
585,1.55965334601e+18,0.1429082453,0.624273181,1.414352417,climbing_stairs
586,1.55965334626e+18,-0.1733424366,1.289731383,3.095131159,climbing_stairs
587,1.55965334651e+18,-0.04281221703,0.9810576439,-0.3566986322,climbing_stairs
588,1.55965334676e+18,-0.2799467444,-2.914693356,-2.409296036,climbing_stairs
589,1.55965334701e+18,0.252679199,-0.7577321529,-1.19306314,climbing_stairs
590,1.55965334726e+18,-0.8573383093,1.09562695,1.645997763,climbing_stairs
591,1.55965334751e+18,0.1584962606,0.7746033669,2.067593098,climbing_stairs
592,1.55965334776e+18,0.9299528003,-0.1143792048,0.1922114193,climbing_stairs
593,1.55965334801e+18,0.029775545,-0.3688702881,-2.564306021,climbing_stairs
594,1.55965334826e+18,-0.3392993808,-0.7611634135,0.2615993917,climbing_stairs
595,1.55965334851e+18,0.3945242465,0.4413176775,2.027084112,climbing_stairs
596,1.55965334876e+18,-3.298467636,3.103078365,-0.4300429821,climbing_stairs
597,1.559653349e+18,-0.7200039029,1.005482674,1.744125843,climbing_stairs
598,1.55965334925e+18,0.080415003,0.3400286436,-2.631393909,climbing_stairs
599,1.5596533495e+18,-0.6723191142,-0.01126208249,-1.168671131,climbing_stairs
600,1.55965334975e+18,-1.913904548,0.4415342808,0.4988852739,climbing_stairs
601,1.55965335e+18,-1.889886379,0.7322254181,2.506808758,climbing_stairs
602,1.55965335025e+18,1.45686698,-0.8476654887,-1.009431481,climbing_stairs
603,1.5596533505e+18,0.5362560749,-0.920871377,-2.510206461,climbing_stairs
604,1.55965335075e+18,-0.7052449584,0.1319335401,2.976818323,climbing_stairs
605,1.559653351e+18,-2.272732496,1.909219861,2.275354147,climbing_stairs
606,1.55965335125e+18,1.633989811,-2.665409565,-1.466617227,climbing_stairs
607,1.5596533515e+18,0.4131559134,-0.9203009009,-2.995167494,climbing_stairs
608,1.55965335175e+18,-2.014186382,1.125120997,2.607978344,climbing_stairs
609,1.559653352e+18,-1.138097286,0.7317638993,2.983626842,climbing_stairs
610,1.55965335225e+18,2.943003416,-2.854280472,-0.09438169003,climbing_stairs
611,1.5596533525e+18,-0.8706394434,-0.5897550583,-2.959806919,climbing_stairs
612,1.55965335275e+18,-1.187574744,0.988750875,0.03734672442,climbing_stairs
613,1.559653353e+18,-0.6493520737,1.121889591,4.22938633,climbing_stairs
614,1.55965335325e+18,1.616462827,-1.399928689,-0.08637070656,climbing_stairs
615,1.5596533535e+18,-1.203212619,-0.6981570721,-2.579235554,climbing_stairs
616,1.55965335375e+18,-0.8295990229,2.676752329,-0.2132187784,climbing_stairs
617,1.559653354e+18,0.03518593311,1.631969571,4.236329556,climbing_stairs
618,1.55965335425e+18,1.380933642,-0.667247951,-0.1873517483,climbing_stairs
619,1.5596533545e+18,-0.9533299804,-0.2957670391,-3.356798887,climbing_stairs
620,1.55965335475e+18,0.297285974,-1.995022893,0.1963579655,climbing_stairs
621,1.55965335499e+18,-0.3943275809,1.46490562,-0.06017421931,climbing_stairs
622,1.55965335524e+18,-1.785498977,2.452820301,0.8981533051,climbing_stairs
623,1.55965335549e+18,-0.6905466914,0.9595170617,0.06111948192,climbing_stairs
624,1.55965335574e+18,0.0314996466,-1.24490726,-2.027369499,climbing_stairs
625,1.55965335599e+18,0.2758677602,-0.4832977653,-0.7549237609,climbing_stairs
626,1.55965335624e+18,-2.053040743,0.636515677,1.742134571,climbing_stairs
627,1.55965335649e+18,-1.76607883,2.498799801,0.7600524426,climbing_stairs
628,1.55965335674e+18,0.3033978045,0.9473403692,0.7671151161,climbing_stairs
629,1.55965335699e+18,-0.07632042468,-1.98197639,-2.959355593,climbing_stairs
630,1.55965335724e+18,0.5143768787,-0.5013511777,-0.1663264483,climbing_stairs
631,1.55965335749e+18,0.3685366809,0.0002133147791,4.081784248,climbing_stairs
632,1.55965335774e+18,-2.909220695,4.291168213,-0.5238763094,climbing_stairs
633,1.55965335799e+18,0.1629875153,-0.104684867,0.3777902722,climbing_stairs
634,1.55965335824e+18,-0.3739766777,-2.131999016,-2.476170301,climbing_stairs
635,1.55965335849e+18,-0.1540707648,-1.079237461,-1.585609198,climbing_stairs
636,1.55965335874e+18,-1.076998591,1.603657007,2.011753559,climbing_stairs
637,1.55965335899e+18,-0.8942316771,1.05862093,1.467094183,climbing_stairs
638,1.55965335924e+18,1.991510153,-2.543618441,-0.7389158607,climbing_stairs
639,1.55965335949e+18,-1.205124497,-0.8290799856,-2.733407021,climbing_stairs
640,1.55965335974e+18,-0.5167601109,2.080833673,1.824962735,climbing_stairs
641,1.55965335999e+18,-0.507651329,1.821914673,3.662893057,climbing_stairs
642,1.55965336024e+18,-0.1891634315,0.9535050392,-1.143393993,climbing_stairs
643,1.55965336049e+18,-1.410024762,-1.771947861,-2.676157236,climbing_stairs
644,1.55965336074e+18,-0.1971764863,-0.7818264961,-0.8904595971,climbing_stairs
645,1.55965336098e+18,-0.2421013713,1.637204647,3.408515692,climbing_stairs
646,1.55965336123e+18,-0.4242480397,0.9492435455,-0.3159201741,climbing_stairs
647,1.55965336148e+18,-0.4488374293,-4.400809288,-1.409503579,climbing_stairs
648,1.55965336173e+18,0.3406630456,-1.862020612,-1.258083701,climbing_stairs
649,1.55965336198e+18,1.48913312,-1.481192827,3.456130505,climbing_stairs
650,1.55965336223e+18,-0.3548479378,1.967192769,1.560909867,climbing_stairs
651,1.55965336248e+18,0.3559384942,0.3107289374,-0.5109345913,climbing_stairs
652,1.55965336273e+18,0.4731014073,-0.35105744,-2.704282045,climbing_stairs
653,1.55965336298e+18,0.5887476802,-0.5308728814,-0.5099660158,climbing_stairs
654,1.55965336323e+18,-2.150869608,0.3456659615,1.050670147,climbing_stairs
655,1.55965336348e+18,-1.187315583,2.246955156,0.868068099,climbing_stairs
656,1.55965336373e+18,-1.76619184,3.033350706,2.06060648,climbing_stairs
657,1.55965336398e+18,2.036222696,-1.926007509,-1.626456618,climbing_stairs
658,1.55965336423e+18,0.08615981042,0.08890022337,-2.068909168,climbing_stairs
659,1.55965336448e+18,-1.522984624,-0.5165293813,1.110438347,climbing_stairs
660,1.55965336473e+18,-1.620318413,2.082803965,0.9856490493,climbing_stairs
661,1.55965336498e+18,-1.646245837,3.141458511,0.6693993211,climbing_stairs
662,1.55965336523e+18,2.784225941,-3.833067894,-0.7773878574,climbing_stairs
663,1.55965336548e+18,0.2632205188,-0.2647103071,-2.158531189,climbing_stairs
664,1.55965336573e+18,-0.9767729044,1.664020777,2.054927111,climbing_stairs
665,1.55965336598e+18,-2.156805038,3.14864707,1.945284247,climbing_stairs
666,1.55965336623e+18,-0.63102597,1.294553876,-1.478327155,climbing_stairs
667,1.55965336648e+18,2.660091162,-4.82145977,-1.117833138,climbing_stairs
668,1.55965336673e+18,-0.03171916306,-0.4994427264,-2.341603518,climbing_stairs
669,1.55965336697e+18,-2.395483017,1.386178136,2.160438538,climbing_stairs
670,1.55965336722e+18,-0.548812151,1.829333544,-1.595325351,climbing_stairs
671,1.55965336747e+18,4.546748161,-3.050116777,2.379579782,climbing_stairs
672,1.55965336772e+18,-1.194801092,0.3260894716,-2.834438324,climbing_stairs
673,1.55965336797e+18,-0.05245830119,2.703551054,0.05977550894,climbing_stairs
674,1.55965336822e+18,-0.6380394101,0.9843398333,2.128403664,climbing_stairs
675,1.55965336847e+18,0.5310914516,0.1608856171,-1.072937369,climbing_stairs
676,1.55965336872e+18,0.6456736922,-3.487971544,0.2155849636,climbing_stairs
677,1.55965336897e+18,-1.483855247,0.8797745109,-2.492780447,climbing_stairs
678,1.55965336922e+18,-1.700767756,1.222711325,0.3315971792,climbing_stairs
679,1.55965336947e+18,0.3671034575,0.2997047305,3.143247128,climbing_stairs
680,1.55965336972e+18,0.5862805843,-1.932590485,-1.559859276,climbing_stairs
681,1.55965336997e+18,-0.9116584659,0.03111004457,-2.366436958,climbing_stairs
682,1.55965337022e+18,-0.5686739683,0.5166406035,-0.4232612252,climbing_stairs
683,1.55965337047e+18,-0.8673443198,1.046367049,0.6776240468,climbing_stairs
684,1.55965337072e+18,-1.879290938,2.948333025,1.519462466,climbing_stairs
685,1.55965337097e+18,0.02524067834,0.9168266654,0.6161996722,climbing_stairs
686,1.55965337122e+18,0.224960655,-1.292761683,-3.010358095,climbing_stairs
687,1.55965337147e+18,0.3305214942,-1.063752174,-0.8375829458,climbing_stairs
688,1.55965337172e+18,-1.06259203,0.2780757248,1.710781336,climbing_stairs
689,1.55965337197e+18,-2.182667971,2.822421551,-0.4744023085,climbing_stairs
690,1.55965337222e+18,0.4604784548,2.602659225,1.471461296,climbing_stairs
691,1.55965337247e+18,1.233464241,-1.165495157,-1.603815436,climbing_stairs
692,1.55965337272e+18,-0.6130096912,-0.1420262605,-2.286832094,climbing_stairs
693,1.55965337296e+18,-2.006738901,1.278760791,0.505771637,climbing_stairs
694,1.55965337321e+18,-1.111430764,1.601023316,2.28140974,climbing_stairs
695,1.55965337346e+18,0.5273791552,0.1731983274,0.3187871873,climbing_stairs
696,1.55965337371e+18,0.8749398589,-1.745221853,-2.252463579,climbing_stairs
697,1.55965337396e+18,-0.9593747258,0.5474854112,-2.17761755,climbing_stairs
698,1.55965337421e+18,0.06349141151,-0.7974526286,2.061313152,climbing_stairs
699,1.55965337446e+18,-1.226231694,1.629223704,2.037544489,climbing_stairs
700,1.55965337471e+18,0.007066182327,0.1822390556,-1.281126857,climbing_stairs
701,1.55965337496e+18,0.3236911297,-5.244547844,-0.9331240654,climbing_stairs
702,1.55965337521e+18,-0.3541949987,-0.6127191186,-1.530311108,climbing_stairs
703,1.55965337546e+18,1.897989035,-1.787957668,2.700061083,climbing_stairs
704,1.55965337571e+18,0.7494007349,1.082137227,1.075393915,climbing_stairs
705,1.55965337596e+18,1.914369702,-3.60327363,-0.7575268745,climbing_stairs
706,1.55965337621e+18,-0.8015694618,-0.1233403087,-2.287896395,climbing_stairs
707,1.55965337646e+18,0.2007872164,-0.3405126035,1.981072426,climbing_stairs
708,1.55965337671e+18,0.6569434404,0.7113500237,1.974314809,climbing_stairs
709,1.55965337696e+18,0.6637703776,0.5777558088,-0.5358840227,climbing_stairs
710,1.55965337721e+18,-0.6773802042,-1.818697333,-1.717704296,climbing_stairs
711,1.55965337746e+18,0.3751924038,-1.332780719,-1.301930904,climbing_stairs
712,1.55965337771e+18,1.38995707,-0.2022875994,2.084250212,climbing_stairs
713,1.55965337796e+18,-0.4870330095,1.706647038,0.8150443435,climbing_stairs
714,1.55965337821e+18,0.6671510935,-0.5865880847,-1.391442299,climbing_stairs
715,1.55965337846e+18,-0.2039987743,-0.6918963194,-2.391637802,climbing_stairs
716,1.55965337871e+18,0.439345032,0.3457298279,1.239241838,climbing_stairs
717,1.55965337895e+18,-0.6396682858,3.139450312,1.926531553,climbing_stairs
718,1.5596533792e+18,-2.720498323,2.519396544,-0.6608852744,climbing_stairs
719,1.55965337945e+18,0.5276566744,0.1395524442,2.449141502,climbing_stairs
720,1.5596533797e+18,-0.1289152205,-0.6469386816,-2.439324141,climbing_stairs
721,1.55965337995e+18,-0.3978600204,-0.1248905212,-0.5189827681,climbing_stairs
722,1.5596533802e+18,-0.8934277892,0.921726644,2.519725323,climbing_stairs
723,1.55965338045e+18,-1.325469375,1.707117438,0.6586068869,climbing_stairs
724,1.5596533807e+18,-0.7178592086,0.9795389175,0.440500319,climbing_stairs
725,1.55965338095e+18,1.0647223,-3.770916224,-0.7816835642,climbing_stairs
726,1.5596533812e+18,-0.3055870235,-1.099433661,-1.456316829,climbing_stairs
727,1.55965338145e+18,-1.447323084,1.187847614,2.01539588,climbing_stairs
728,1.5596533817e+18,-0.901391089,1.300058007,2.678169489,climbing_stairs
729,1.55965338195e+18,0.3697913289,0.439160496,-0.5417928696,climbing_stairs
730,1.5596533822e+18,-0.2827526629,-2.277706146,-2.012562275,climbing_stairs
731,1.55965338245e+18,0.3357698321,-1.171657324,-0.8047175407,climbing_stairs
732,1.5596533827e+18,-0.1981939971,-0.2953181863,2.165642262,climbing_stairs
733,1.55965338295e+18,0.3977203667,0.9032800198,1.80924511,climbing_stairs
734,1.5596533832e+18,1.920678258,-1.125384092,-0.661991179,climbing_stairs
735,1.55965338345e+18,-0.6525695324,-1.322931528,-2.338336945,climbing_stairs
736,1.5596533837e+18,-1.326473713,2.390500784,0.3850941956,climbing_stairs
737,1.55965338395e+18,-0.1014852971,2.532468081,4.102303028,climbing_stairs
738,1.5596533842e+18,-1.228596091,0.6006463766,-1.163976908,climbing_stairs
739,1.55965338445e+18,-1.12730813,-3.06332016,-2.710883617,climbing_stairs
740,1.5596533847e+18,-0.8212237954,-0.7469493151,-1.721869349,climbing_stairs
741,1.55965338494e+18,-1.084382772,1.976454616,1.879346728,climbing_stairs
742,1.55965338519e+18,-1.158411026,2.21551013,0.01972393319,climbing_stairs
743,1.55965338544e+18,0.6029244065,-2.15963316,-1.192972541,climbing_stairs
744,1.55965338569e+18,0.1623310298,-0.6384484768,-1.618816614,climbing_stairs
745,1.55965338594e+18,-0.8371683359,0.4336976111,1.10847652,climbing_stairs
746,1.55965338619e+18,-1.608340383,1.75785327,0.3481273353,climbing_stairs
747,1.55965338644e+18,-0.009325563908,1.265497446,0.692066431,climbing_stairs
748,1.55965338669e+18,-0.6972745061,1.166404009,-0.940767169,climbing_stairs
749,1.55965338694e+18,-0.2428050786,0.3729197383,-2.192024469,climbing_stairs
750,1.55965338719e+18,-1.353101969,0.9631800652,1.135873437,climbing_stairs
751,1.55965338744e+18,-0.07527977228,1.795583725,-0.1786403507,climbing_stairs
752,1.55965338769e+18,0.2048739195,1.220527768,1.429998875,climbing_stairs
753,1.55965338794e+18,-0.7501294613,0.006106870249,-0.5048248172,climbing_stairs
754,1.55965338819e+18,-1.272434831,0.7347506285,-2.949872255,climbing_stairs
755,1.55965338844e+18,-0.927718997,0.7868638039,-0.7623492479,climbing_stairs
756,1.55965338869e+18,-1.800175428,2.131785631,0.9598715901,climbing_stairs
757,1.55965338894e+18,-2.202486515,2.977996349,0.5305752158,climbing_stairs
758,1.55965338919e+18,0.1779593527,-0.3515829444,0.9675638676,climbing_stairs
759,1.55965338944e+18,-0.614563942,-0.6215296984,-2.959724188,climbing_stairs
760,1.55965338969e+18,0.3395128846,-0.3332890272,-2.069883585,climbing_stairs
761,1.55965338994e+18,-0.6875531077,1.670568466,1.709058404,climbing_stairs
762,1.55965339019e+18,1.560057044,0.5856779814,2.001106977,climbing_stairs
763,1.55965339044e+18,-2.053134918,-0.4477942884,-1.625688076,climbing_stairs
764,1.55965339069e+18,-0.600249052,2.467623234,-3.559812784,climbing_stairs
765,1.55965339093e+18,1.402301311,3.029360771,-1.546616793,climbing_stairs
766,1.55965339118e+18,0.8473222852,0.5155720115,-0.09989441931,climbing_stairs
767,1.55965339143e+18,0.2289921343,-0.2514230907,-0.521407783,climbing_stairs
768,1.55965339168e+18,-0.3695808947,0.0504860431,0.2657509148,climbing_stairs
769,1.55965339193e+18,0.0009134616703,0.04441259801,0.1369953305,climbing_stairs
770,1.55965339218e+18,-0.4152599275,-0.5082660317,-0.1373624057,climbing_stairs
771,1.55965339243e+18,0.2042945027,0.4748747349,-0.1790610552,climbing_stairs
772,1.55965339268e+18,-0.437425971,-0.3975614309,-0.2103507519,climbing_stairs
773,1.55965339293e+18,0.7581468821,-3.998481989,2.213732719,climbing_stairs
774,1.55965339318e+18,1.268644571,-1.200310469,3.225619555,climbing_stairs
775,1.55965339343e+18,0.9564369321,-0.6368304491,2.53055501,climbing_stairs
776,1.55965339368e+18,-2.453815222,3.826857328,-0.4038430452,climbing_stairs
777,1.55965339393e+18,0.1952685267,-2.403396845,1.514832616,climbing_stairs
778,1.55965339418e+18,-1.615441084,0.377889663,-4.269013405,climbing_stairs
779,1.55965339443e+18,0.2025558054,0.1648510098,-0.3467593193,climbing_stairs
780,1.55965339468e+18,-0.04721963033,-0.1175697222,1.931946278,climbing_stairs
781,1.55965339493e+18,-3.75667119,3.798043489,-0.6335513592,climbing_stairs
782,1.55965339518e+18,-1.58549571,3.878778934,0.5170533061,climbing_stairs
783,1.55965339543e+18,1.743258953,-0.3426866531,-0.2689659595,climbing_stairs
784,1.55965339568e+18,-0.2399436533,-0.2141462266,-2.378498077,climbing_stairs
785,1.55965339593e+18,-1.472828031,0.2814549208,0.6892495155,climbing_stairs
786,1.55965339618e+18,-1.026431561,1.622149348,-0.1286304891,climbing_stairs
787,1.55965339643e+18,-0.2952663302,1.435638189,1.876309156,climbing_stairs
788,1.55965339668e+18,1.438705564,-0.851395905,0.4872298539,climbing_stairs
789,1.55965339692e+18,-0.1600669771,-0.3813892305,-2.594556093,climbing_stairs
790,1.55965339717e+18,-0.1377814859,2.192843676,0.870633781,climbing_stairs
791,1.55965339742e+18,-0.8703613877,3.421247244,1.843970418,climbing_stairs
792,1.55965339767e+18,0.1937192678,1.024826765,-0.3406220376,climbing_stairs
793,1.55965339792e+18,1.062074184,-2.569981098,-1.645037532,climbing_stairs
794,1.55965339817e+18,-0.8134922385,-0.9829233289,-0.9454149604,climbing_stairs
795,1.55965339842e+18,1.61809814,-1.415035963,2.466498137,climbing_stairs
796,1.55965339867e+18,-0.8425787687,0.9181008935,1.18987596,climbing_stairs
797,1.55965339892e+18,1.683101177,-1.139761209,-0.7553461194,climbing_stairs
798,1.55965339917e+18,-0.5277449489,-1.372614264,-1.222004533,climbing_stairs
799,1.55965339942e+18,-0.03665104881,0.5778653622,-0.442047596,climbing_stairs
800,1.55965339967e+18,0.1174556911,1.805345297,2.624658585,climbing_stairs
801,1.55965339992e+18,-1.500189066,0.7365971208,-0.9880016446,climbing_stairs
802,1.55965340017e+18,-0.08162042499,-3.575013638,-1.260327339,climbing_stairs
803,1.55965340042e+18,-0.8171852231,-0.7083778381,-1.545392394,climbing_stairs
804,1.55965340067e+18,0.8760659099,-0.1800888628,2.446673155,climbing_stairs
805,1.55965340092e+18,1.53581059,0.3994268775,2.654769659,climbing_stairs
806,1.55965340117e+18,0.7288312316,-0.8465473056,-1.629432082,climbing_stairs
807,1.55965340142e+18,-0.7939254045,-0.9421144724,-2.177912712,climbing_stairs
808,1.55965340167e+18,-0.6297903061,0.1137007177,-0.6509581804,climbing_stairs
809,1.55965340192e+18,1.748605371,-0.7047765851,3.088821888,climbing_stairs
810,1.55965340217e+18,-0.1922592521,0.7978048325,0.9317339659,climbing_stairs
811,1.55965340242e+18,0.05362455547,2.034383774,0.5442292094,climbing_stairs
812,1.55965340267e+18,-0.7545295358,0.5022525787,0.3833634853,climbing_stairs
813,1.55965340291e+18,-1.304368734,-0.3011541367,-3.671717167,climbing_stairs
814,1.55965340316e+18,0.5342589021,-0.4265927672,0.1030385867,climbing_stairs
815,1.55965340341e+18,-1.461967707,0.6128312349,1.311567903,climbing_stairs
816,1.55965340366e+18,-2.406936646,0.8277372122,0.6335014105,climbing_stairs
817,1.55965340391e+18,0.3930411935,1.816264153,1.828713894,climbing_stairs
818,1.55965340416e+18,-0.64408499,-0.9030117393,-3.252749681,climbing_stairs
819,1.55965340441e+18,0.1300264746,-1.163021445,-1.615388036,climbing_stairs
820,1.55965340466e+18,-1.464185357,-0.6102421284,2.510748148,climbing_stairs
821,1.55965340491e+18,-2.235275745,4.255196571,1.605135322,climbing_stairs
822,1.55965340516e+18,-0.9778606296,0.6742148995,0.04168699309,climbing_stairs
823,1.55965340541e+18,2.262170553,-4.565169811,-1.936669111,climbing_stairs
824,1.55965340566e+18,-0.700987637,-0.3940630555,-2.189525366,climbing_stairs
825,1.55965340591e+18,-0.03359577432,0.2155833542,3.454044104,climbing_stairs
826,1.55965340616e+18,0.07666520774,1.410593629,2.221458912,climbing_stairs
827,1.55965340641e+18,1.53917563,-1.129169464,-1.338049173,climbing_stairs
828,1.55965340666e+18,-0.237902388,-1.011450171,-2.268823624,climbing_stairs
829,1.55965340691e+18,-0.9270798564,1.428882122,0.3671592772,climbing_stairs
830,1.55965340716e+18,-0.4234005809,2.4354496,2.639910221,climbing_stairs
831,1.55965340741e+18,0.4779815674,0.2097964436,-0.1076557934,climbing_stairs
832,1.55965340766e+18,-0.1333608478,-3.058263302,-2.163117647,climbing_stairs
833,1.55965340791e+18,-0.6866585612,-0.4562623501,-1.891372442,climbing_stairs
834,1.55965340816e+18,1.541012287,0.02724614553,2.869527817,climbing_stairs
835,1.55965340841e+18,0.5317286849,1.678224087,1.837452412,climbing_stairs
836,1.55965340866e+18,1.624930739,-1.794761539,-0.85131675,climbing_stairs
837,1.5596534089e+18,-2.309829712,0.06860262156,-2.282881498,climbing_stairs
838,1.55965340915e+18,0.01883115806,1.337523937,0.2487962395,climbing_stairs
839,1.5596534094e+18,-0.06779772043,1.699205637,2.328161716,climbing_stairs
840,1.55965340965e+18,1.096279621,1.048301458,0.1407963634,climbing_stairs
841,1.5596534099e+18,-1.181883574,-1.160735846,-3.197582483,climbing_stairs
842,1.55965341015e+18,0.3254851699,-0.9412992001,-0.7311537862,climbing_stairs
843,1.5596534104e+18,-0.5232162476,0.2131867707,0.9380365014,climbing_stairs
844,1.55965341065e+18,-2.184944153,2.575021505,-0.784422338,climbing_stairs
845,1.5596534109e+18,0.4827723801,1.143198729,2.200497389,climbing_stairs
846,1.55965341115e+18,-0.6132495999,1.105130315,-0.7807263136,climbing_stairs
847,1.5596534114e+18,-0.682015717,-0.9448868632,-2.311442375,climbing_stairs
848,1.55965341165e+18,-1.094961643,0.6053262353,-0.6058962941,climbing_stairs
849,1.5596534119e+18,-3.035555363,1.253812551,0.9975060225,climbing_stairs
850,1.55965341215e+18,-2.199882746,2.478328943,-0.09579721838,climbing_stairs
851,1.5596534124e+18,-0.1164741069,0.2562221587,1.111376286,climbing_stairs
852,1.55965341265e+18,1.049345613,-2.215430975,-0.7852975726,climbing_stairs
853,1.5596534129e+18,-0.498814702,-0.119210422,-1.734933138,climbing_stairs
854,1.55965341315e+18,-0.1979214251,0.04627076909,1.867679477,climbing_stairs
855,1.5596534134e+18,0.8813045025,0.6923948526,3.13113451,climbing_stairs
856,1.55965341365e+18,1.262439013,-1.068794131,-1.125869393,climbing_stairs
857,1.5596534139e+18,-0.6353726983,-0.4344540536,-2.468162775,climbing_stairs
858,1.55965341415e+18,-0.3664192855,0.4788184762,-0.6836197972,climbing_stairs
859,1.5596534144e+18,0.07084906101,2.408682823,1.929798841,climbing_stairs
860,1.55965341464e+18,0.2341770381,0.7577599287,1.049883366,climbing_stairs
861,1.55965341489e+18,1.075235128,-2.455771923,-1.927391171,climbing_stairs
862,1.55965341514e+18,-1.379548907,0.3094270825,-1.632384181,climbing_stairs
863,1.55965341539e+18,0.5236616731,0.5649706125,2.069463015,climbing_stairs
864,1.55965341564e+18,0.7676355839,0.8792683482,2.478577852,climbing_stairs
865,1.55965341589e+18,1.519444108,-0.7924114466,-0.1949834526,climbing_stairs
866,1.55965341614e+18,-1.327396035,-0.5958624482,-1.999330521,climbing_stairs
867,1.55965341639e+18,-1.785196304,1.952582359,-1.33673811,climbing_stairs
868,1.55965341664e+18,0.4199531376,2.006011248,1.715193987,climbing_stairs
869,1.55965341689e+18,-1.231137991,1.861474276,-1.491605282,climbing_stairs
870,1.55965341714e+18,-1.546414614,-2.964764833,-2.360931158,climbing_stairs
871,1.55965341739e+18,0.7902179956,0.2313552797,-1.107379556,climbing_stairs
872,1.55965341764e+18,0.4417676628,-0.7524948716,2.944734097,climbing_stairs
873,1.55965341789e+18,-1.902116895,2.301390171,0.5469912887,climbing_stairs
874,1.55965341814e+18,-1.455734253,2.890927076,-0.1899117082,climbing_stairs
875,1.55965341839e+18,0.714137733,-1.113140583,-0.8859447241,climbing_stairs
876,1.55965341864e+18,-0.643897593,-0.3996731341,-1.636694193,climbing_stairs
877,1.55965341889e+18,-1.681658268,1.284243822,1.083340406,climbing_stairs
878,1.55965341914e+18,-1.478552938,2.438993692,0.372667104,climbing_stairs
879,1.55965341939e+18,0.648651123,0.9361818433,1.648202896,climbing_stairs
880,1.55965341964e+18,-0.08155043423,-0.9252014756,-2.4087286,climbing_stairs
881,1.55965341989e+18,0.07992961258,-0.3462985158,-1.33042264,climbing_stairs
882,1.55965342014e+18,-1.296029449,2.271096468,3.422118664,climbing_stairs
883,1.55965342039e+18,-1.161060929,1.770713091,0.3212429583,climbing_stairs
884,1.55965342063e+18,1.738737702,0.01844893396,1.109268546,climbing_stairs
885,1.55965342088e+18,1.240999103,-1.523155689,-1.994320631,climbing_stairs
886,1.55965342113e+18,0.03382446244,-0.5196828842,-0.2347288728,climbing_stairs
887,1.55965342138e+18,-0.07578131557,-0.05169150233,2.491731644,climbing_stairs
888,1.55965342163e+18,-1.092053294,1.893124104,1.335546255,climbing_stairs
889,1.55965342188e+18,1.281444192,-0.2320439517,-1.117743254,climbing_stairs
890,1.55965342213e+18,0.2173566669,-2.061490536,-1.616911411,climbing_stairs
891,1.55965342238e+18,0.1521077305,-1.335292697,-0.2471147031,climbing_stairs
892,1.55965342263e+18,-0.1812089533,1.330359697,2.912187338,climbing_stairs
893,1.55965342288e+18,-1.076187134,1.179394245,-0.0123056611,climbing_stairs
894,1.55965342313e+18,0.5415866375,-4.895424843,-1.080482125,climbing_stairs
895,1.55965342338e+18,-0.03446701169,-0.7542040944,-1.907922387,climbing_stairs
896,1.55965342363e+18,0.473087728,0.7348076105,1.759346843,climbing_stairs
897,1.55965342388e+18,-0.5190971494,1.208316565,3.058814526,climbing_stairs
898,1.55965342413e+18,-0.05969111621,1.767337799,-1.482908487,climbing_stairs
899,1.55965342438e+18,1.023062944,1.488722682,-3.871183872,climbing_stairs
900,1.55965342463e+18,0.7218635082,2.552814484,-2.147691727,climbing_stairs
901,1.55965342488e+18,0.2634529471,-1.45460701,-1.01109302,climbing_stairs
902,1.55965342513e+18,0.5411600471,2.84842515,1.780880213,climbing_stairs
903,1.55965342538e+18,0.0596823357,-0.2993111014,-0.3506307602,climbing_stairs
904,1.55965342563e+18,-0.01829049364,0.2540668845,0.242756933,climbing_stairs
905,1.55965342588e+18,0.004934215453,-0.08317407221,0.03967483342,climbing_stairs
906,1.55965342613e+18,0.5298887491,-0.7606847882,0.1756976247,climbing_stairs
907,1.55965342638e+18,0.1618003398,-0.3363132775,-0.2077682167,climbing_stairs
908,1.55965342662e+18,-0.03740316629,0.316473335,-0.07013105601,climbing_stairs
909,1.55965342687e+18,-0.2399967164,-0.3819097281,-0.3709983528,climbing_stairs
910,1.55965342712e+18,0.2022183686,-0.4979252815,-0.06585887074,climbing_stairs
