,Unnamed: 0,Time (s),X (hPa),label
0,0,1.5596568e+18,1009.459381,walking
1,1,1.55965680104e+18,1009.481201,walking
2,2,1.55965680208e+18,1009.487228,walking
3,3,1.55965680312e+18,1009.487228,walking
4,4,1.55965680416e+18,1009.48616,walking
5,5,1.5596568052e+18,1009.477463,walking
6,6,1.55965680623e+18,1009.470444,walking
7,7,1.55965680727e+18,1009.470444,walking
8,8,1.55965680736e+18,1009.489441,walking
9,9,1.5596568084e+18,1009.490433,walking
10,10,1.55965680944e+18,1009.492874,walking
11,11,1.55965681048e+18,1009.508514,walking
12,12,1.55965681152e+18,1009.522629,walking
13,13,1.55965681255e+18,1009.52713,walking
14,14,1.55965681359e+18,1009.532013,walking
15,15,1.55965681463e+18,1009.536438,walking
16,16,1.55965681567e+18,1009.538727,walking
17,17,1.55965681671e+18,1009.539108,walking
18,18,1.55965681775e+18,1009.543381,walking
19,19,1.55965681879e+18,1009.548645,walking
20,20,1.55965681983e+18,1009.550323,walking
21,21,1.55965682087e+18,1009.560242,walking
22,22,1.5596568219e+18,1009.566269,walking
23,23,1.55965682294e+18,1009.567413,walking
24,24,1.55965682398e+18,1009.567642,walking
25,25,1.55965682502e+18,1009.567642,walking
26,26,1.55965682606e+18,1009.559784,walking
27,27,1.5596568271e+18,1009.553909,walking
28,28,1.55965682814e+18,1009.551697,walking
29,29,1.55965682918e+18,1009.550171,walking
30,30,1.55965683022e+18,1009.550171,walking
31,31,1.55965683126e+18,1009.553833,walking
32,32,1.5596568323e+18,1009.559708,walking
33,33,1.55965683334e+18,1009.566269,walking
34,34,1.55965683438e+18,1009.568481,walking
35,35,1.55965683542e+18,1009.571228,walking
36,36,1.55965683645e+18,1009.574051,walking
37,37,1.55965683749e+18,1009.575882,walking
38,38,1.55965683853e+18,1009.577408,walking
39,39,1.55965683957e+18,1009.57901,walking
40,40,1.55965684061e+18,1009.582291,walking
41,41,1.55965684165e+18,1009.583359,walking
42,42,1.55965684269e+18,1009.583359,walking
43,43,1.55965684373e+18,1009.57962,walking
44,44,1.55965684476e+18,1009.5784,walking
45,45,1.5596568458e+18,1009.573441,walking
46,46,1.55965684684e+18,1009.572296,walking
47,47,1.55965684789e+18,1009.572296,walking
48,48,1.55965684893e+18,1009.572906,walking
49,49,1.55965684996e+18,1009.572906,walking
50,50,1.559656851e+18,1009.573669,walking
51,51,1.55965685204e+18,1009.572449,walking
52,52,1.55965685308e+18,1009.571075,walking
53,53,1.55965685412e+18,1009.568939,walking
54,54,1.55965685516e+18,1009.568939,walking
55,55,1.5596568562e+18,1009.571609,walking
56,56,1.55965685724e+18,1009.571762,walking
57,57,1.55965685827e+18,1009.575043,walking
58,58,1.55965685931e+18,1009.577789,walking
59,59,1.55965686035e+18,1009.58046,walking
60,60,1.55965686139e+18,1009.583817,walking
61,61,1.55965686243e+18,1009.583817,walking
62,62,1.55965686347e+18,1009.58374,walking
63,63,1.55965686451e+18,1009.582977,walking
64,64,1.55965686555e+18,1009.581757,walking
65,65,1.55965686659e+18,1009.575729,walking
66,66,1.55965686763e+18,1009.5755,walking
67,67,1.55965686866e+18,1009.5755,walking
68,68,1.5596568697e+18,1009.578247,walking
69,69,1.55965687074e+18,1009.580154,walking
70,70,1.55965687178e+18,1009.584427,walking
71,71,1.55965687282e+18,1009.591751,walking
72,72,1.55965687386e+18,1009.592133,walking
73,73,1.5596568749e+18,1009.592514,walking
74,74,1.55965687593e+18,1009.593735,walking
75,75,1.55965687697e+18,1009.597931,walking
76,76,1.55965687801e+18,1009.600067,walking
77,77,1.55965687905e+18,1009.602585,walking
78,78,1.55965688009e+18,1009.604874,walking
79,79,1.55965688113e+18,1009.606018,walking
80,80,1.55965688217e+18,1009.606018,walking
81,81,1.55965688321e+18,1009.602585,walking
82,82,1.55965688424e+18,1009.599686,walking
83,83,1.55965688528e+18,1009.597015,walking
84,84,1.55965688632e+18,1009.597015,walking
85,85,1.55965688736e+18,1009.597015,walking
86,86,1.5596568884e+18,1009.597168,walking
87,87,1.55965688944e+18,1009.599991,walking
88,88,1.55965689048e+18,1009.603577,walking
89,89,1.55965689152e+18,1009.603653,walking
90,90,1.55965689256e+18,1009.604568,walking
91,91,1.5596568936e+18,1009.604874,walking
92,92,1.55965689464e+18,1009.604874,walking
93,93,1.55965689568e+18,1009.604568,walking
94,94,1.55965689671e+18,1009.60083,walking
95,95,1.55965689775e+18,1009.595261,walking
96,96,1.55965689879e+18,1009.589005,walking
97,97,1.55965689983e+18,1009.584198,walking
98,98,1.55965690087e+18,1009.580383,walking
99,99,1.55965690191e+18,1009.580383,walking
100,100,1.55965690295e+18,1009.582977,walking
101,101,1.55965690399e+18,1009.588165,walking
102,102,1.55965690503e+18,1009.592972,walking
103,103,1.55965690606e+18,1009.59938,walking
104,104,1.5596569071e+18,1009.59938,walking
105,105,1.55965690814e+18,1009.599915,walking
106,106,1.55965690918e+18,1009.601746,walking
107,107,1.55965691022e+18,1009.604187,walking
108,108,1.55965691126e+18,1009.604568,walking
109,109,1.5596569123e+18,1009.604797,walking
110,110,1.55965691334e+18,1009.607239,walking
111,111,1.55965691437e+18,1009.607315,walking
112,112,1.55965691542e+18,1009.607315,walking
113,113,1.55965691646e+18,1009.603119,walking
114,114,1.55965691749e+18,1009.597931,walking
115,115,1.55965691853e+18,1009.596939,walking
116,116,1.55965691957e+18,1009.596939,walking
117,117,1.55965692061e+18,1009.596939,walking
118,118,1.55965692165e+18,1009.600525,walking
119,119,1.55965692269e+18,1009.612885,walking
120,120,1.55965692373e+18,1009.618378,walking
121,121,1.55965692477e+18,1009.621658,walking
122,122,1.55965692581e+18,1009.625473,walking
123,123,1.55965692685e+18,1009.625702,walking
124,124,1.55965692788e+18,1009.625473,walking
125,125,1.55965692892e+18,1009.622498,walking
126,126,1.55965692996e+18,1009.618835,walking
127,127,1.559656931e+18,1009.614944,walking
128,128,1.55965693204e+18,1009.612961,walking
129,129,1.55965693308e+18,1009.607239,walking
130,130,1.55965693411e+18,1009.600754,walking
131,131,1.55965693515e+18,1009.596634,walking
132,132,1.55965693619e+18,1009.589462,walking
133,133,1.55965693723e+18,1009.582977,walking
134,134,1.55965693827e+18,1009.579468,walking
135,135,1.55965693931e+18,1009.579468,walking
136,136,1.55965694035e+18,1009.580383,walking
137,137,1.55965694139e+18,1009.582901,walking
138,138,1.55965694243e+18,1009.587708,walking
139,139,1.55965694347e+18,1009.590607,walking
140,140,1.55965694451e+18,1009.590607,walking
141,141,1.55965694555e+18,1009.587555,walking
142,142,1.55965694659e+18,1009.586411,walking
143,143,1.55965694763e+18,1009.585876,walking
144,144,1.55965694867e+18,1009.58374,walking
145,145,1.55965694971e+18,1009.58107,walking
146,146,1.55965695075e+18,1009.58046,walking
147,147,1.55965695179e+18,1009.578857,walking
148,148,1.55965695283e+18,1009.576874,walking
149,149,1.55965695387e+18,1009.574509,walking
150,150,1.55965695491e+18,1009.574509,walking
151,151,1.55965695594e+18,1009.576187,walking
152,152,1.55965695698e+18,1009.576187,walking
153,153,1.55965695802e+18,1009.575806,walking
154,154,1.55965695906e+18,1009.575806,walking
155,155,1.5596569601e+18,1009.574432,walking
156,156,1.55965696114e+18,1009.570847,walking
157,157,1.55965696218e+18,1009.570618,walking
158,158,1.55965696322e+18,1009.570618,walking
159,159,1.55965696426e+18,1009.570694,walking
160,160,1.55965696529e+18,1009.570999,walking
161,161,1.55965696633e+18,1009.570999,walking
162,162,1.55965696737e+18,1009.571457,walking
163,163,1.55965696841e+18,1009.57222,walking
164,164,1.55965696945e+18,1009.574051,walking
165,165,1.55965697049e+18,1009.574051,walking
166,166,1.55965697153e+18,1009.570999,walking
167,167,1.55965697257e+18,1009.568863,walking
168,168,1.55965697361e+18,1009.563675,walking
169,169,1.55965697465e+18,1009.559097,walking
170,170,1.55965697568e+18,1009.559097,walking
171,171,1.55965697672e+18,1009.559326,walking
172,172,1.55965697776e+18,1009.559326,walking
173,173,1.5596569788e+18,1009.55925,walking
174,174,1.55965697984e+18,1009.558487,walking
175,175,1.55965698088e+18,1009.558334,walking
176,176,1.55965698192e+18,1009.554749,walking
177,177,1.55965698296e+18,1009.552917,walking
178,178,1.559656984e+18,1009.552612,walking
179,179,1.55965698504e+18,1009.552612,walking
180,180,1.55965698608e+18,1009.552765,walking
181,181,1.55965698712e+18,1009.553146,walking
182,182,1.55965698816e+18,1009.556885,walking
183,183,1.5596569892e+18,1009.561005,walking
184,184,1.55965699024e+18,1009.56192,walking
185,185,1.55965699128e+18,1009.564743,walking
186,186,1.55965699232e+18,1009.568329,walking
187,187,1.55965699336e+18,1009.571838,walking
188,188,1.5596569944e+18,1009.573669,walking
189,189,1.55965699544e+18,1009.577408,walking
190,190,1.55965699648e+18,1009.580078,walking
191,191,1.55965699752e+18,1009.583817,walking
192,192,1.55965699856e+18,1009.585648,walking
193,193,1.5596569996e+18,1009.585648,walking
194,194,1.55965700064e+18,1009.584885,walking
195,195,1.55965700168e+18,1009.582596,walking
196,196,1.55965700271e+18,1009.57489,walking
197,197,1.55965700376e+18,1009.569321,walking
198,198,1.5596570048e+18,1009.563751,walking
199,199,1.55965700583e+18,1009.559402,walking
200,200,1.55965700687e+18,1009.556351,walking
201,201,1.55965700791e+18,1009.555435,walking
202,202,1.55965700895e+18,1009.552994,walking
203,203,1.55965700999e+18,1009.551926,walking
204,204,1.55965701103e+18,1009.550552,walking
205,205,1.55965701207e+18,1009.550247,walking
206,206,1.55965701311e+18,1009.550247,walking
207,207,1.55965701415e+18,1009.551544,walking
208,208,1.5596570152e+18,1009.552612,walking
209,209,1.55965701623e+18,1009.55452,walking
210,210,1.55965701727e+18,1009.557037,walking
211,211,1.55965701831e+18,1009.559402,walking
212,212,1.55965701935e+18,1009.561386,walking
213,213,1.55965702039e+18,1009.561386,walking
214,214,1.55965702143e+18,1009.560852,walking
215,215,1.55965702247e+18,1009.558258,walking
216,216,1.55965702351e+18,1009.553909,walking
217,217,1.55965702455e+18,1009.550323,walking
218,218,1.55965702559e+18,1009.54895,walking
219,219,1.55965702663e+18,1009.547424,walking
220,220,1.55965702767e+18,1009.54689,walking
221,221,1.55965702871e+18,1009.546661,walking
222,222,1.55965702975e+18,1009.544983,walking
223,223,1.55965703079e+18,1009.543457,walking
224,224,1.55965703183e+18,1009.541168,walking
225,225,1.55965703286e+18,1009.537125,walking
226,226,1.5596570339e+18,1009.537125,walking
227,227,1.55965703494e+18,1009.537506,walking
228,228,1.55965703598e+18,1009.538345,walking
229,229,1.55965703702e+18,1009.542694,walking
230,230,1.55965703806e+18,1009.547348,walking
231,231,1.5596570391e+18,1009.549942,walking
232,232,1.55965704014e+18,1009.556885,walking
233,233,1.55965704118e+18,1009.564896,walking
234,234,1.55965704222e+18,1009.571304,walking
235,235,1.55965704326e+18,1009.5784,walking
236,236,1.55965704429e+18,1009.581757,walking
237,237,1.55965704533e+18,1009.581757,walking
238,238,1.55965704637e+18,1009.580841,walking
239,239,1.55965704741e+18,1009.576874,walking
240,240,1.55965704845e+18,1009.572449,walking
241,241,1.55965704949e+18,1009.572067,walking
242,242,1.55965705053e+18,1009.569473,walking
243,243,1.55965705157e+18,1009.5681,walking
244,244,1.55965705261e+18,1009.566116,walking
245,245,1.55965705365e+18,1009.561691,walking
246,246,1.55965705469e+18,1009.557114,walking
247,247,1.55965705573e+18,1009.549408,walking
248,248,1.55965705676e+18,1009.540024,walking
249,249,1.5596570578e+18,1009.532776,walking
250,250,1.55965705884e+18,1009.526443,walking
251,251,1.55965705988e+18,1009.520798,walking
252,252,1.55965706092e+18,1009.520798,walking
253,253,1.55965706196e+18,1009.521408,walking
254,254,1.559657063e+18,1009.52179,walking
255,255,1.55965706404e+18,1009.522324,walking
256,256,1.55965706508e+18,1009.52179,walking
257,257,1.55965706612e+18,1009.520645,walking
258,258,1.55965706716e+18,1009.519424,walking
259,259,1.5596570682e+18,1009.517288,walking
260,260,1.55965706924e+18,1009.517288,walking
261,261,1.55965707028e+18,1009.51767,walking
262,262,1.55965707132e+18,1009.51767,walking
263,263,1.55965707236e+18,1009.517136,walking
264,264,1.5596570734e+18,1009.517136,walking
265,265,1.55965707444e+18,1009.519424,walking
266,266,1.55965707548e+18,1009.522705,walking
267,267,1.55965707651e+18,1009.523468,walking
268,268,1.55965707755e+18,1009.523926,walking
269,269,1.55965707859e+18,1009.523926,walking
270,270,1.55965707963e+18,1009.523926,walking
271,271,1.55965708067e+18,1009.52179,walking
272,272,1.55965708171e+18,1009.521408,walking
273,273,1.55965708275e+18,1009.52179,walking
274,274,1.55965708379e+18,1009.525146,walking
275,275,1.55965708483e+18,1009.526291,walking
276,276,1.55965708587e+18,1009.533997,walking
277,277,1.55965708691e+18,1009.53537,walking
278,278,1.55965708795e+18,1009.536591,walking
279,279,1.55965708899e+18,1009.53949,walking
280,280,1.55965709003e+18,1009.53949,walking
281,281,1.55965709107e+18,1009.53476,walking
282,282,1.55965709211e+18,1009.534683,walking
283,283,1.55965709315e+18,1009.533844,walking
284,284,1.55965709419e+18,1009.530563,walking
285,285,1.55965709523e+18,1009.522781,walking
286,286,1.55965709627e+18,1009.52179,walking
287,287,1.55965709731e+18,1009.51561,walking
288,288,1.55965709835e+18,1009.509125,walking
289,289,1.55965709939e+18,1009.501648,walking
290,290,1.55965710043e+18,1009.498749,walking
291,291,1.55965710147e+18,1009.493637,walking
292,292,1.55965710251e+18,1009.489517,walking
293,293,1.55965710355e+18,1009.483566,walking
294,294,1.55965710459e+18,1009.47876,walking
295,295,1.55965710563e+18,1009.474792,walking
296,296,1.55965710667e+18,1009.472733,walking
297,297,1.55965710771e+18,1009.472046,walking
298,298,1.55965710875e+18,1009.470215,walking
299,299,1.55965710979e+18,1009.470215,walking
300,300,1.55965711083e+18,1009.473343,walking
301,301,1.55965711187e+18,1009.474335,walking
302,302,1.55965711291e+18,1009.477997,walking
303,303,1.55965711395e+18,1009.4841,walking
304,304,1.55965711499e+18,1009.4841,walking
305,305,1.55965711603e+18,1009.47937,walking
306,306,1.55965711707e+18,1009.474564,walking
307,307,1.55965711811e+18,1009.470825,walking
308,308,1.55965711915e+18,1009.460449,walking
309,309,1.55965712019e+18,1009.456253,walking
310,310,1.55965712123e+18,1009.452133,walking
311,311,1.55965712227e+18,1009.450989,walking
312,312,1.55965712331e+18,1009.446259,walking
313,313,1.55965712435e+18,1009.443817,walking
314,314,1.55965712539e+18,1009.437256,walking
315,315,1.55965712643e+18,1009.433365,walking
316,316,1.55965712747e+18,1009.431839,walking
317,317,1.55965712851e+18,1009.431839,walking
318,318,1.55965712955e+18,1009.431839,walking
319,319,1.55965713059e+18,1009.433899,walking
320,320,1.55965713163e+18,1009.434204,walking
321,321,1.55965713267e+18,1009.43634,walking
322,322,1.55965713371e+18,1009.436951,walking
323,323,1.55965713475e+18,1009.436951,walking
324,324,1.55965713578e+18,1009.438858,walking
325,325,1.55965713682e+18,1009.439926,walking
326,326,1.55965713786e+18,1009.44046,walking
327,327,1.5596571389e+18,1009.439926,walking
328,328,1.55965713994e+18,1009.43779,walking
329,329,1.55965714098e+18,1009.437485,walking
330,330,1.55965714202e+18,1009.435425,walking
331,331,1.55965714306e+18,1009.431915,walking
332,332,1.5596571441e+18,1009.428482,walking
333,333,1.55965714514e+18,1009.424362,walking
334,334,1.55965714618e+18,1009.422684,walking
335,335,1.55965714722e+18,1009.42215,walking
336,336,1.55965714826e+18,1009.421539,walking
337,337,1.5596571493e+18,1009.421387,walking
338,338,1.55965715034e+18,1009.420242,walking
339,339,1.55965715138e+18,1009.420242,walking
340,340,1.55965715242e+18,1009.419098,walking
341,341,1.55965715346e+18,1009.418411,walking
342,342,1.5596571545e+18,1009.419098,walking
343,343,1.55965715554e+18,1009.420013,walking
344,344,1.55965715658e+18,1009.42131,walking
345,345,1.55965715762e+18,1009.42215,walking
346,346,1.55965715866e+18,1009.425583,walking
347,347,1.5596571597e+18,1009.426956,walking
348,348,1.55965716074e+18,1009.426956,walking
349,349,1.55965716178e+18,1009.425125,walking
350,350,1.55965716282e+18,1009.424896,walking
351,351,1.55965716386e+18,1009.42131,walking
352,352,1.55965716489e+18,1009.41658,walking
353,353,1.55965716593e+18,1009.414368,walking
354,354,1.55965716698e+18,1009.412308,walking
355,355,1.55965716802e+18,1009.406738,walking
356,356,1.55965716905e+18,1009.403992,walking
357,357,1.55965717009e+18,1009.400787,walking
358,358,1.55965717113e+18,1009.39743,walking
359,359,1.55965717217e+18,1009.397202,walking
360,360,1.55965717321e+18,1009.396973,walking
361,361,1.55965717425e+18,1009.391174,walking
362,362,1.55965717529e+18,1009.390793,walking
363,363,1.55965717633e+18,1009.387665,walking
364,364,1.55965717737e+18,1009.381256,walking
365,365,1.5596571784e+18,1009.381256,walking
366,366,1.55965717944e+18,1009.377289,walking
367,367,1.55965718048e+18,1009.376678,walking
368,368,1.55965718152e+18,1009.37439,walking
369,369,1.55965718256e+18,1009.373474,walking
370,370,1.55965718359e+18,1009.373245,walking
371,371,1.55965718463e+18,1009.366913,walking
372,372,1.55965718567e+18,1009.363327,walking
373,373,1.55965718671e+18,1009.356842,walking
374,374,1.55965718775e+18,1009.353256,walking
375,375,1.55965718879e+18,1009.345856,walking
376,376,1.55965718983e+18,1009.341278,walking
377,377,1.55965719087e+18,1009.341278,walking
378,378,1.55965719191e+18,1009.34288,walking
379,379,1.55965719295e+18,1009.343567,walking
380,380,1.55965719399e+18,1009.344482,walking
381,381,1.55965719503e+18,1009.34639,walking
382,382,1.55965719606e+18,1009.347763,walking
383,383,1.5596571971e+18,1009.347763,walking
384,384,1.55965719814e+18,1009.340668,walking
385,385,1.55965719918e+18,1009.325714,walking
386,386,1.55965720022e+18,1009.305878,walking
387,387,1.55965720126e+18,1009.278564,walking
388,388,1.5596572023e+18,1009.243317,walking
389,389,1.55965720334e+18,1009.208527,walking
390,390,1.55965720438e+18,1009.173508,walking
391,391,1.55965720542e+18,1009.141464,walking
392,392,1.55965720646e+18,1009.11438,walking
393,393,1.5596572075e+18,1009.095154,walking
394,394,1.55965720854e+18,1009.083481,walking
395,395,1.55965720958e+18,1009.076614,walking
396,396,1.55965721061e+18,1009.065552,walking
397,397,1.55965721166e+18,1009.052277,walking
398,398,1.5596572127e+18,1009.034271,walking
399,399,1.55965721374e+18,1009.009094,walking
400,400,1.55965721477e+18,1008.974915,walking
401,401,1.55965721581e+18,1008.943558,walking
402,402,1.55965721685e+18,1008.909836,walking
403,403,1.55965721789e+18,1008.876419,walking
404,404,1.55965721893e+18,1008.839722,walking
405,405,1.55965721997e+18,1008.80455,walking
406,406,1.55965722101e+18,1008.768921,walking
407,407,1.55965722205e+18,1008.73642,walking
408,408,1.55965722309e+18,1008.701324,walking
409,409,1.55965722413e+18,1008.668747,walking
410,410,1.55965722517e+18,1008.635864,walking
411,411,1.55965722621e+18,1008.602524,walking
412,412,1.55965722725e+18,1008.57132,walking
413,413,1.55965722829e+18,1008.544769,walking
414,414,1.55965722933e+18,1008.521652,walking
415,415,1.55965723037e+18,1008.504791,walking
416,416,1.5596572314e+18,1008.494339,walking
417,417,1.55965723244e+18,1008.491592,walking
418,418,1.55965723348e+18,1008.489761,walking
419,419,1.55965723452e+18,1008.488998,walking
420,420,1.55965723556e+18,1008.488998,walking
421,421,1.5596572366e+18,1008.490829,walking
422,422,1.55965723764e+18,1008.490829,walking
423,423,1.55965723868e+18,1008.490448,walking
424,424,1.55965723972e+18,1008.487625,walking
425,425,1.55965724076e+18,1008.486938,walking
426,426,1.5596572418e+18,1008.487625,walking
427,427,1.55965724284e+18,1008.487701,walking
428,428,1.55965724388e+18,1008.487778,walking
429,429,1.55965724492e+18,1008.491974,walking
430,430,1.55965724596e+18,1008.493576,walking
431,431,1.559657247e+18,1008.497314,walking
432,432,1.55965724804e+18,1008.501205,walking
433,433,1.55965724908e+18,1008.504105,walking
434,434,1.55965725012e+18,1008.508911,walking
435,435,1.55965725115e+18,1008.514633,walking
436,436,1.55965725219e+18,1008.517838,walking
437,437,1.55965725323e+18,1008.518677,walking
438,438,1.55965725427e+18,1008.520355,walking
439,439,1.55965725531e+18,1008.520355,walking
440,440,1.55965725635e+18,1008.520126,walking
441,441,1.55965725739e+18,1008.517914,walking
442,442,1.55965725843e+18,1008.514938,walking
443,443,1.55965725947e+18,1008.513107,walking
444,444,1.55965726051e+18,1008.509521,walking
445,445,1.55965726155e+18,1008.502579,walking
446,446,1.55965726259e+18,1008.500595,walking
447,447,1.55965726362e+18,1008.498001,walking
448,448,1.55965726466e+18,1008.493347,walking
449,449,1.5596572657e+18,1008.488083,walking
450,450,1.55965726674e+18,1008.485565,walking
451,451,1.55965726778e+18,1008.481369,walking
452,452,1.55965726882e+18,1008.474579,walking
453,453,1.55965726986e+18,1008.468857,walking
454,454,1.5596572709e+18,1008.466492,walking
455,455,1.55965727194e+18,1008.46405,walking
456,456,1.55965727298e+18,1008.46405,walking
457,457,1.55965727402e+18,1008.46405,walking
458,458,1.55965727506e+18,1008.465805,walking
459,459,1.5596572761e+18,1008.466415,walking
460,460,1.55965727714e+18,1008.465805,walking
461,461,1.55965727817e+18,1008.464966,walking
462,462,1.55965727922e+18,1008.46405,walking
463,463,1.55965728026e+18,1008.461838,walking
464,464,1.5596572813e+18,1008.460083,walking
465,465,1.55965728233e+18,1008.459854,walking
466,466,1.55965728337e+18,1008.459854,walking
467,467,1.55965728441e+18,1008.460617,walking
468,468,1.55965728545e+18,1008.464661,walking
469,469,1.55965728649e+18,1008.464661,walking
470,470,1.55965728753e+18,1008.46344,walking
471,471,1.55965728857e+18,1008.461838,walking
472,472,1.55965728961e+18,1008.460922,walking
473,473,1.55965729065e+18,1008.460922,walking
474,474,1.55965729169e+18,1008.462296,walking
475,475,1.55965729273e+18,1008.464584,walking
476,476,1.55965729377e+18,1008.465881,walking
477,477,1.55965729481e+18,1008.465881,walking
478,478,1.55965729585e+18,1008.464813,walking
479,479,1.55965729689e+18,1008.46344,walking
480,480,1.55965729793e+18,1008.46344,walking
481,481,1.55965729897e+18,1008.463287,walking
482,482,1.55965730002e+18,1008.463669,walking
483,483,1.55965730106e+18,1008.463669,walking
484,484,1.5596573021e+18,1008.463669,walking
485,485,1.55965730314e+18,1008.461838,walking
486,486,1.55965730418e+18,1008.458939,walking
487,487,1.55965730522e+18,1008.458862,walking
488,488,1.55965730626e+18,1008.458023,walking
489,489,1.5596573073e+18,1008.457794,walking
490,490,1.55965730834e+18,1008.456726,walking
491,491,1.55965730938e+18,1008.456268,walking
492,492,1.55965731042e+18,1008.456268,walking
493,493,1.55965731146e+18,1008.456268,walking
494,494,1.5596573125e+18,1008.454437,walking
495,495,1.55965731354e+18,1008.454437,walking
496,496,1.55965731458e+18,1008.454742,walking
497,497,1.55965731563e+18,1008.454742,walking
498,498,1.55965731667e+18,1008.454742,walking
499,499,1.5596573177e+18,1008.454895,walking
500,500,1.55965731874e+18,1008.455353,walking
501,501,1.55965731978e+18,1008.45665,walking
502,502,1.55965732082e+18,1008.459091,walking
503,503,1.55965732186e+18,1008.461761,walking
504,504,1.5596573229e+18,1008.464279,walking
505,505,1.55965732394e+18,1008.464279,walking
506,506,1.55965732498e+18,1008.462143,walking
507,507,1.55965732602e+18,1008.459854,walking
508,508,1.55965732707e+18,1008.454208,walking
509,509,1.55965732811e+18,1008.45108,walking
510,510,1.55965732915e+18,1008.45108,walking
511,511,1.55965733019e+18,1008.45108,walking
512,512,1.55965733123e+18,1008.451385,walking
513,513,1.55965733227e+18,1008.452301,walking
514,514,1.5596573333e+18,1008.45459,walking
0,0,1.5596676e+18,1008.552094,train
1,1,1.55966760104e+18,1008.55072,train
2,2,1.55966760208e+18,1008.551712,train
3,3,1.55966760312e+18,1008.549271,train
4,4,1.55966760416e+18,1008.548737,train
5,5,1.5596676052e+18,1008.54538,train
6,6,1.55966760624e+18,1008.54538,train
7,7,1.55966760729e+18,1008.545532,train
8,8,1.55966760737e+18,1008.554382,train
9,9,1.55966760841e+18,1008.555908,train
10,10,1.55966760945e+18,1008.557053,train
11,11,1.55966761049e+18,1008.557053,train
12,12,1.55966761153e+18,1008.554153,train
13,13,1.55966761257e+18,1008.546295,train
14,14,1.55966761361e+18,1008.537979,train
15,15,1.55966761465e+18,1008.524399,train
16,16,1.55966761569e+18,1008.511276,train
17,17,1.55966761673e+18,1008.490143,train
18,18,1.55966761778e+18,1008.46405,train
19,19,1.55966761882e+18,1008.438339,train
20,20,1.55966761986e+18,1008.419952,train
21,21,1.5596676209e+18,1008.410339,train
22,22,1.55966762194e+18,1008.410339,train
23,23,1.55966762298e+18,1008.421631,train
24,24,1.55966762402e+18,1008.438873,train
25,25,1.55966762506e+18,1008.452225,train
26,26,1.5596676261e+18,1008.464432,train
27,27,1.55966762714e+18,1008.485565,train
28,28,1.55966762819e+18,1008.505859,train
29,29,1.55966762923e+18,1008.52356,train
30,30,1.55966763027e+18,1008.542633,train
31,31,1.55966763131e+18,1008.56308,train
32,32,1.55966763235e+18,1008.573761,train
33,33,1.55966763339e+18,1008.5849,train
34,34,1.55966763443e+18,1008.605347,train
35,35,1.55966763547e+18,1008.625565,train
36,36,1.55966763651e+18,1008.655472,train
37,37,1.55966763755e+18,1008.692474,train
38,38,1.5596676386e+18,1008.726654,train
39,39,1.55966763964e+18,1008.752899,train
40,40,1.55966764068e+18,1008.777466,train
41,41,1.55966764172e+18,1008.798523,train
42,42,1.55966764276e+18,1008.813171,train
43,43,1.5596676438e+18,1008.827667,train
44,44,1.55966764484e+18,1008.848267,train
45,45,1.55966764588e+18,1008.869629,train
46,46,1.55966764692e+18,1008.891525,train
47,47,1.55966764796e+18,1008.894272,train
48,48,1.559667649e+18,1008.894272,train
49,49,1.55966765004e+18,1008.885651,train
50,50,1.55966765109e+18,1008.877258,train
51,51,1.55966765213e+18,1008.877258,train
52,52,1.55966765317e+18,1008.882141,train
53,53,1.55966765421e+18,1008.925476,train
54,54,1.55966765525e+18,1008.992386,train
55,55,1.55966765629e+18,1009.076462,train
56,56,1.55966765733e+18,1009.173431,train
57,57,1.55966765837e+18,1009.278336,train
58,58,1.55966765941e+18,1009.391403,train
59,59,1.55966766045e+18,1009.513931,train
60,60,1.55966766149e+18,1009.637833,train
61,61,1.55966766253e+18,1009.748688,train
62,62,1.55966766357e+18,1009.834518,train
63,63,1.55966766461e+18,1009.893646,train
64,64,1.55966766565e+18,1009.893646,train
65,65,1.55966766669e+18,1009.893646,train
66,66,1.55966766774e+18,1009.862976,train
67,67,1.55966766878e+18,1009.825897,train
68,68,1.55966766982e+18,1009.78157,train
69,69,1.55966767086e+18,1009.746094,train
70,70,1.5596676719e+18,1009.676514,train
71,71,1.55966767294e+18,1009.59259,train
72,72,1.55966767398e+18,1009.503937,train
73,73,1.55966767502e+18,1009.405594,train
74,74,1.55966767606e+18,1009.304504,train
75,75,1.5596676771e+18,1009.212265,train
76,76,1.55966767814e+18,1009.137039,train
77,77,1.55966767918e+18,1009.085388,train
78,78,1.55966768022e+18,1009.045181,train
79,79,1.55966768126e+18,1009.011154,train
80,80,1.5596676823e+18,1008.978348,train
81,81,1.55966768335e+18,1008.947525,train
82,82,1.55966768439e+18,1008.913956,train
83,83,1.55966768543e+18,1008.90007,train
84,84,1.55966768647e+18,1008.90007,train
85,85,1.55966768751e+18,1008.922577,train
86,86,1.55966768855e+18,1008.951874,train
87,87,1.55966768959e+18,1008.981705,train
88,88,1.55966769063e+18,1009.00528,train
89,89,1.55966769167e+18,1009.023285,train
90,90,1.55966769271e+18,1009.03038,train
91,91,1.55966769375e+18,1009.039383,train
92,92,1.55966769479e+18,1009.047394,train
93,93,1.55966769583e+18,1009.047623,train
94,94,1.55966769687e+18,1009.048309,train
95,95,1.55966769791e+18,1009.052582,train
96,96,1.55966769895e+18,1009.053879,train
97,97,1.55966769999e+18,1009.055023,train
98,98,1.55966770103e+18,1009.062729,train
99,99,1.55966770207e+18,1009.064178,train
100,100,1.55966770311e+18,1009.064178,train
101,101,1.55966770415e+18,1009.056625,train
102,102,1.55966770519e+18,1009.041901,train
103,103,1.55966770623e+18,1009.02916,train
104,104,1.55966770727e+18,1009.013672,train
105,105,1.55966770831e+18,1009.008484,train
106,106,1.55966770935e+18,1009.004898,train
107,107,1.55966771039e+18,1009.002914,train
108,108,1.55966771143e+18,1008.994751,train
109,109,1.55966771247e+18,1008.983612,train
110,110,1.55966771351e+18,1008.970566,train
111,111,1.55966771455e+18,1008.967438,train
112,112,1.55966771559e+18,1008.967438,train
113,113,1.55966771663e+18,1008.975677,train
114,114,1.55966771767e+18,1008.984756,train
115,115,1.55966771871e+18,1008.99765,train
116,116,1.55966771975e+18,1009.004517,train
117,117,1.55966772079e+18,1009.004517,train
118,118,1.55966772183e+18,1008.998718,train
119,119,1.55966772287e+18,1008.995132,train
120,120,1.55966772391e+18,1008.991394,train
121,121,1.55966772495e+18,1008.988037,train
122,122,1.55966772599e+18,1008.98613,train
123,123,1.55966772703e+18,1008.983765,train
124,124,1.55966772807e+18,1008.974152,train
125,125,1.55966772911e+18,1008.964691,train
126,126,1.55966773015e+18,1008.962097,train
127,127,1.55966773119e+18,1008.958817,train
128,128,1.55966773223e+18,1008.955231,train
129,129,1.55966773327e+18,1008.952866,train
130,130,1.55966773431e+18,1008.946838,train
131,131,1.55966773535e+18,1008.939743,train
132,132,1.55966773639e+18,1008.932266,train
133,133,1.55966773743e+18,1008.926544,train
134,134,1.55966773847e+18,1008.924789,train
135,135,1.55966773951e+18,1008.922729,train
136,136,1.55966774055e+18,1008.918991,train
137,137,1.55966774159e+18,1008.91243,train
138,138,1.55966774263e+18,1008.908157,train
139,139,1.55966774367e+18,1008.90686,train
140,140,1.55966774471e+18,1008.90686,train
141,141,1.55966774575e+18,1008.916779,train
142,142,1.55966774679e+18,1008.934174,train
143,143,1.55966774783e+18,1008.948517,train
144,144,1.55966774887e+18,1008.959503,train
145,145,1.55966774991e+18,1008.961487,train
146,146,1.55966775095e+18,1008.961487,train
147,147,1.55966775199e+18,1008.956604,train
148,148,1.55966775304e+18,1008.952179,train
149,149,1.55966775408e+18,1008.945007,train
150,150,1.55966775512e+18,1008.941803,train
151,151,1.55966775616e+18,1008.941116,train
152,152,1.5596677572e+18,1008.939285,train
153,153,1.55966775824e+18,1008.934326,train
154,154,1.55966775928e+18,1008.934326,train
155,155,1.55966776032e+18,1008.940353,train
156,156,1.55966776136e+18,1008.952637,train
157,157,1.5596677624e+18,1008.960495,train
158,158,1.55966776344e+18,1008.97171,train
159,159,1.55966776448e+18,1008.97522,train
160,160,1.55966776552e+18,1008.97522,train
161,161,1.55966776656e+18,1008.969574,train
162,162,1.55966776761e+18,1008.961487,train
163,163,1.55966776865e+18,1008.960571,train
164,164,1.55966776969e+18,1008.960571,train
165,165,1.55966777073e+18,1008.963394,train
166,166,1.55966777177e+18,1008.968048,train
167,167,1.55966777281e+18,1008.980408,train
168,168,1.55966777385e+18,1008.98613,train
169,169,1.55966777489e+18,1008.986206,train
170,170,1.55966777593e+18,1008.98674,train
171,171,1.55966777697e+18,1008.98674,train
172,172,1.55966777801e+18,1008.98674,train
173,173,1.55966777905e+18,1008.98056,train
174,174,1.55966778009e+18,1008.972473,train
175,175,1.55966778114e+18,1008.962631,train
176,176,1.55966778218e+18,1008.954086,train
177,177,1.55966778322e+18,1008.948135,train
178,178,1.55966778426e+18,1008.948135,train
179,179,1.5596677853e+18,1008.954926,train
180,180,1.55966778634e+18,1008.965454,train
181,181,1.55966778738e+18,1008.973694,train
182,182,1.55966778842e+18,1008.973694,train
183,183,1.55966778946e+18,1008.972855,train
184,184,1.5596677905e+18,1008.968582,train
185,185,1.55966779154e+18,1008.966522,train
186,186,1.55966779259e+18,1008.965759,train
187,187,1.55966779363e+18,1008.965759,train
188,188,1.55966779467e+18,1008.96637,train
189,189,1.55966779571e+18,1008.96637,train
190,190,1.55966779675e+18,1008.959885,train
191,191,1.55966779779e+18,1008.944855,train
192,192,1.55966779883e+18,1008.931351,train
193,193,1.55966779987e+18,1008.915939,train
194,194,1.55966780091e+18,1008.897095,train
195,195,1.55966780195e+18,1008.884048,train
196,196,1.55966780299e+18,1008.874359,train
197,197,1.55966780404e+18,1008.874283,train
198,198,1.55966780508e+18,1008.874283,train
199,199,1.55966780612e+18,1008.878632,train
200,200,1.55966780716e+18,1008.88443,train
201,201,1.5596678082e+18,1008.890228,train
202,202,1.55966780924e+18,1008.890381,train
203,203,1.55966781028e+18,1008.890381,train
204,204,1.55966781132e+18,1008.887711,train
205,205,1.55966781237e+18,1008.883514,train
206,206,1.55966781341e+18,1008.882446,train
207,207,1.55966781445e+18,1008.882446,train
208,208,1.55966781549e+18,1008.889847,train
209,209,1.55966781653e+18,1008.903122,train
210,210,1.55966781757e+18,1008.918228,train
211,211,1.55966781861e+18,1008.931427,train
212,212,1.55966781965e+18,1008.944244,train
213,213,1.55966782069e+18,1008.949432,train
214,214,1.55966782174e+18,1008.949432,train
215,215,1.55966782278e+18,1008.948441,train
216,216,1.55966782382e+18,1008.945847,train
217,217,1.55966782486e+18,1008.943024,train
218,218,1.5596678259e+18,1008.941727,train
219,219,1.55966782694e+18,1008.941269,train
220,220,1.55966782798e+18,1008.938141,train
221,221,1.55966782903e+18,1008.938065,train
222,222,1.55966783007e+18,1008.937759,train
223,223,1.55966783111e+18,1008.936615,train
224,224,1.55966783215e+18,1008.936615,train
225,225,1.55966783319e+18,1008.939056,train
226,226,1.55966783423e+18,1008.944473,train
227,227,1.55966783527e+18,1008.944702,train
228,228,1.55966783631e+18,1008.944702,train
229,229,1.55966783735e+18,1008.939362,train
230,230,1.55966783839e+18,1008.934326,train
231,231,1.55966783943e+18,1008.926163,train
232,232,1.55966784047e+18,1008.898697,train
233,233,1.55966784151e+18,1008.87291,train
234,234,1.55966784255e+18,1008.853531,train
235,235,1.55966784359e+18,1008.83667,train
236,236,1.55966784464e+18,1008.833313,train
237,237,1.55966784568e+18,1008.833313,train
238,238,1.55966784672e+18,1008.84903,train
239,239,1.55966784776e+18,1008.859177,train
240,240,1.5596678488e+18,1008.864899,train
241,241,1.55966784984e+18,1008.868866,train
242,242,1.55966785088e+18,1008.884048,train
243,243,1.55966785192e+18,1008.899918,train
244,244,1.55966785297e+18,1008.919983,train
245,245,1.55966785401e+18,1008.947754,train
246,246,1.55966785505e+18,1008.970261,train
247,247,1.55966785609e+18,1008.981705,train
248,248,1.55966785713e+18,1008.987274,train
249,249,1.55966785817e+18,1008.987274,train
250,250,1.55966785921e+18,1008.983307,train
251,251,1.55966786025e+18,1008.980331,train
252,252,1.5596678613e+18,1008.971252,train
253,253,1.55966786234e+18,1008.960266,train
254,254,1.55966786338e+18,1008.952026,train
255,255,1.55966786442e+18,1008.945923,train
256,256,1.55966786546e+18,1008.938675,train
257,257,1.5596678665e+18,1008.927536,train
258,258,1.55966786754e+18,1008.918304,train
259,259,1.55966786858e+18,1008.905182,train
260,260,1.55966786962e+18,1008.892517,train
261,261,1.55966787066e+18,1008.877182,train
262,262,1.55966787171e+18,1008.861237,train
263,263,1.55966787274e+18,1008.84758,train
264,264,1.55966787379e+18,1008.837051,train
265,265,1.55966787483e+18,1008.821411,train
266,266,1.55966787587e+18,1008.802338,train
267,267,1.55966787691e+18,1008.781204,train
268,268,1.55966787795e+18,1008.752899,train
269,269,1.55966787899e+18,1008.7146,train
270,270,1.55966788003e+18,1008.669739,train
271,271,1.55966788107e+18,1008.622055,train
272,272,1.55966788211e+18,1008.576736,train
273,273,1.55966788315e+18,1008.530579,train
274,274,1.5596678842e+18,1008.48938,train
275,275,1.55966788524e+18,1008.448563,train
276,276,1.55966788628e+18,1008.415451,train
277,277,1.55966788732e+18,1008.382034,train
278,278,1.55966788836e+18,1008.351593,train
279,279,1.5596678894e+18,1008.334198,train
280,280,1.55966789044e+18,1008.331833,train
281,281,1.55966789149e+18,1008.331833,train
282,282,1.55966789253e+18,1008.350372,train
283,283,1.55966789357e+18,1008.380661,train
284,284,1.55966789461e+18,1008.425522,train
285,285,1.55966789565e+18,1008.483353,train
286,286,1.55966789669e+18,1008.54538,train
287,287,1.55966789773e+18,1008.611145,train
288,288,1.55966789877e+18,1008.680191,train
289,289,1.55966789981e+18,1008.742294,train
290,290,1.55966790085e+18,1008.789139,train
291,291,1.5596679019e+18,1008.82225,train
292,292,1.55966790294e+18,1008.843384,train
293,293,1.55966790398e+18,1008.850174,train
294,294,1.55966790502e+18,1008.850174,train
295,295,1.55966790606e+18,1008.833466,train
296,296,1.5596679071e+18,1008.812637,train
297,297,1.55966790814e+18,1008.792267,train
298,298,1.55966790918e+18,1008.766022,train
299,299,1.55966791022e+18,1008.746185,train
300,300,1.55966791127e+18,1008.730545,train
301,301,1.55966791231e+18,1008.71727,train
302,302,1.55966791334e+18,1008.705444,train
303,303,1.55966791438e+18,1008.701401,train
304,304,1.55966791542e+18,1008.689423,train
305,305,1.55966791647e+18,1008.675308,train
306,306,1.55966791751e+18,1008.656311,train
307,307,1.55966791855e+18,1008.636475,train
308,308,1.55966791959e+18,1008.618927,train
309,309,1.55966792063e+18,1008.608551,train
310,310,1.55966792167e+18,1008.608551,train
311,311,1.55966792271e+18,1008.617401,train
312,312,1.55966792375e+18,1008.644409,train
313,313,1.55966792479e+18,1008.667831,train
314,314,1.55966792584e+18,1008.691711,train
315,315,1.55966792688e+18,1008.713455,train
316,316,1.55966792792e+18,1008.721237,train
317,317,1.55966792896e+18,1008.721237,train
318,318,1.55966793e+18,1008.714828,train
319,319,1.55966793104e+18,1008.705673,train
320,320,1.55966793208e+18,1008.69873,train
321,321,1.55966793312e+18,1008.69873,train
322,322,1.55966793416e+18,1008.700714,train
323,323,1.55966793521e+18,1008.704681,train
324,324,1.55966793624e+18,1008.711853,train
325,325,1.55966793729e+18,1008.715286,train
326,326,1.55966793833e+18,1008.720169,train
327,327,1.55966793937e+18,1008.720398,train
328,328,1.55966794041e+18,1008.720398,train
329,329,1.55966794145e+18,1008.720016,train
330,330,1.55966794249e+18,1008.717422,train
331,331,1.55966794353e+18,1008.708191,train
332,332,1.55966794457e+18,1008.699493,train
333,333,1.55966794562e+18,1008.685913,train
334,334,1.55966794666e+18,1008.675842,train
335,335,1.5596679477e+18,1008.66745,train
336,336,1.55966794874e+18,1008.665466,train
337,337,1.55966794978e+18,1008.665466,train
338,338,1.55966795082e+18,1008.673172,train
339,339,1.55966795186e+18,1008.673172,train
340,340,1.5596679529e+18,1008.671494,train
341,341,1.55966795394e+18,1008.664169,train
342,342,1.55966795498e+18,1008.643646,train
343,343,1.55966795603e+18,1008.620377,train
344,344,1.55966795706e+18,1008.594666,train
345,345,1.55966795811e+18,1008.576508,train
346,346,1.55966795915e+18,1008.558197,train
347,347,1.55966796019e+18,1008.543015,train
348,348,1.55966796123e+18,1008.527832,train
349,349,1.55966796227e+18,1008.523865,train
350,350,1.55966796331e+18,1008.514252,train
351,351,1.55966796435e+18,1008.499374,train
352,352,1.55966796539e+18,1008.484802,train
353,353,1.55966796644e+18,1008.468246,train
354,354,1.55966796748e+18,1008.444901,train
355,355,1.55966796852e+18,1008.41507,train
356,356,1.55966796956e+18,1008.384857,train
357,357,1.5596679706e+18,1008.361282,train
358,358,1.55966797164e+18,1008.343277,train
359,359,1.55966797268e+18,1008.330078,train
360,360,1.55966797372e+18,1008.328247,train
361,361,1.55966797476e+18,1008.328247,train
362,362,1.55966797581e+18,1008.332062,train
363,363,1.55966797685e+18,1008.343582,train
364,364,1.55966797789e+18,1008.355713,train
365,365,1.55966797893e+18,1008.371506,train
366,366,1.55966797997e+18,1008.389435,train
367,367,1.55966798101e+18,1008.405838,train
368,368,1.55966798205e+18,1008.417969,train
369,369,1.55966798309e+18,1008.421173,train
370,370,1.55966798413e+18,1008.421173,train
371,371,1.55966798517e+18,1008.418198,train
372,372,1.55966798621e+18,1008.403549,train
373,373,1.55966798725e+18,1008.372955,train
374,374,1.55966798829e+18,1008.342896,train
375,375,1.55966798934e+18,1008.30246,train
376,376,1.55966799038e+18,1008.251801,train
377,377,1.55966799142e+18,1008.200302,train
378,378,1.55966799246e+18,1008.153458,train
379,379,1.5596679935e+18,1008.1073,train
380,380,1.55966799454e+18,1008.065186,train
381,381,1.55966799558e+18,1008.031998,train
382,382,1.55966799662e+18,1008.014526,train
383,383,1.55966799766e+18,1008.012924,train
384,384,1.5596679987e+18,1008.012924,train
385,385,1.55966799974e+18,1008.021927,train
386,386,1.55966800078e+18,1008.038864,train
387,387,1.55966800183e+18,1008.055191,train
388,388,1.55966800287e+18,1008.078995,train
389,389,1.55966800391e+18,1008.10997,train
390,390,1.55966800495e+18,1008.155136,train
391,391,1.55966800599e+18,1008.212204,train
392,392,1.55966800703e+18,1008.284683,train
393,393,1.55966800807e+18,1008.359299,train
394,394,1.55966800911e+18,1008.443527,train
395,395,1.55966801015e+18,1008.524094,train
396,396,1.55966801119e+18,1008.601151,train
397,397,1.55966801223e+18,1008.667374,train
398,398,1.55966801328e+18,1008.729248,train
399,399,1.55966801432e+18,1008.78479,train
400,400,1.55966801536e+18,1008.834,train
401,401,1.5596680164e+18,1008.874969,train
402,402,1.55966801744e+18,1008.908844,train
403,403,1.55966801848e+18,1008.936615,train
404,404,1.55966801952e+18,1008.955841,train
405,405,1.55966802056e+18,1008.971329,train
406,406,1.55966802161e+18,1008.971329,train
407,407,1.55966802265e+18,1008.969955,train
408,408,1.55966802369e+18,1008.969955,train
409,409,1.55966802473e+18,1008.971176,train
410,410,1.55966802577e+18,1008.972855,train
411,411,1.55966802681e+18,1008.983307,train
412,412,1.55966802785e+18,1008.994522,train
413,413,1.55966802889e+18,1009.000015,train
414,414,1.55966802993e+18,1009.003754,train
415,415,1.55966803097e+18,1009.005966,train
416,416,1.55966803201e+18,1009.005966,train
417,417,1.55966803305e+18,1009.001999,train
418,418,1.5596680341e+18,1009.000702,train
419,419,1.55966803514e+18,1008.999863,train
420,420,1.55966803618e+18,1008.993683,train
421,421,1.55966803722e+18,1008.99353,train
422,422,1.55966803826e+18,1008.992767,train
423,423,1.5596680393e+18,1008.992767,train
424,424,1.55966804034e+18,1008.992767,train
425,425,1.55966804138e+18,1008.991928,train
426,426,1.55966804243e+18,1008.989182,train
427,427,1.55966804347e+18,1008.982544,train
428,428,1.55966804451e+18,1008.976364,train
429,429,1.55966804555e+18,1008.969269,train
430,430,1.55966804659e+18,1008.964844,train
431,431,1.55966804763e+18,1008.961716,train
432,432,1.55966804867e+18,1008.955841,train
433,433,1.55966804971e+18,1008.949356,train
434,434,1.55966805075e+18,1008.941727,train
435,435,1.55966805179e+18,1008.930969,train
436,436,1.55966805283e+18,1008.919754,train
437,437,1.55966805387e+18,1008.908844,train
438,438,1.55966805491e+18,1008.893204,train
439,439,1.55966805596e+18,1008.88031,train
440,440,1.559668057e+18,1008.86734,train
441,441,1.55966805804e+18,1008.852615,train
442,442,1.55966805908e+18,1008.842392,train
443,443,1.55966806012e+18,1008.833771,train
444,444,1.55966806116e+18,1008.825912,train
445,445,1.5596680622e+18,1008.817749,train
446,446,1.55966806324e+18,1008.814468,train
447,447,1.55966806428e+18,1008.814468,train
448,448,1.55966806532e+18,1008.815765,train
449,449,1.55966806636e+18,1008.816605,train
450,450,1.5596680674e+18,1008.816605,train
451,451,1.55966806844e+18,1008.821945,train
452,452,1.55966806949e+18,1008.82225,train
453,453,1.55966807053e+18,1008.82309,train
454,454,1.55966807157e+18,1008.82782,train
455,455,1.55966807261e+18,1008.83667,train
456,456,1.55966807365e+18,1008.845749,train
457,457,1.55966807469e+18,1008.856888,train
458,458,1.55966807573e+18,1008.867798,train
459,459,1.55966807677e+18,1008.8797,train
460,460,1.55966807781e+18,1008.882523,train
461,461,1.55966807885e+18,1008.884048,train
462,462,1.55966807989e+18,1008.884048,train
463,463,1.55966808093e+18,1008.878937,train
464,464,1.55966808197e+18,1008.872528,train
465,465,1.55966808301e+18,1008.867569,train
466,466,1.55966808405e+18,1008.863297,train
467,467,1.55966808509e+18,1008.854904,train
468,468,1.55966808613e+18,1008.850784,train
469,469,1.55966808717e+18,1008.846207,train
470,470,1.55966808821e+18,1008.841705,train
471,471,1.55966808925e+18,1008.832932,train
472,472,1.55966809029e+18,1008.825684,train
473,473,1.55966809134e+18,1008.8134,train
474,474,1.55966809238e+18,1008.804169,train
475,475,1.55966809342e+18,1008.804169,train
476,476,1.55966809446e+18,1008.804245,train
477,477,1.5596680955e+18,1008.805923,train
478,478,1.55966809654e+18,1008.809586,train
479,479,1.55966809758e+18,1008.809586,train
480,480,1.55966809862e+18,1008.804703,train
481,481,1.55966809966e+18,1008.800507,train
482,482,1.5596681007e+18,1008.798752,train
483,483,1.55966810174e+18,1008.798752,train
484,484,1.55966810278e+18,1008.803101,train
485,485,1.55966810382e+18,1008.804932,train
486,486,1.55966810486e+18,1008.806152,train
487,487,1.5596681059e+18,1008.809128,train
488,488,1.55966810694e+18,1008.811798,train
489,489,1.55966810798e+18,1008.819351,train
490,490,1.55966810902e+18,1008.826675,train
0,0,1.5596604e+18,1009.766998,climbing_stairs
1,1,1.55966040104e+18,1009.772797,climbing_stairs
2,2,1.55966040207e+18,1009.772339,climbing_stairs
3,3,1.55966040311e+18,1009.772339,climbing_stairs
4,4,1.55966040415e+18,1009.747391,climbing_stairs
5,5,1.55966040518e+18,1009.713211,climbing_stairs
6,6,1.55966040622e+18,1009.677582,climbing_stairs
7,7,1.55966040726e+18,1009.651718,climbing_stairs
8,8,1.55966040735e+18,1009.63623,climbing_stairs
9,9,1.55966040838e+18,1009.630814,climbing_stairs
10,10,1.55966040942e+18,1009.607315,climbing_stairs
11,11,1.55966041046e+18,1009.58107,climbing_stairs
12,12,1.5596604115e+18,1009.548721,climbing_stairs
13,13,1.55966041253e+18,1009.514694,climbing_stairs
14,14,1.55966041357e+18,1009.485779,climbing_stairs
15,15,1.55966041461e+18,1009.466629,climbing_stairs
16,16,1.55966041564e+18,1009.451904,climbing_stairs
17,17,1.55966041668e+18,1009.4384,climbing_stairs
18,18,1.55966041772e+18,1009.419098,climbing_stairs
19,19,1.55966041876e+18,1009.387665,climbing_stairs
20,20,1.5596604198e+18,1009.349747,climbing_stairs
21,21,1.55966042083e+18,1009.311752,climbing_stairs
22,22,1.55966042187e+18,1009.278717,climbing_stairs
23,23,1.55966042291e+18,1009.250717,climbing_stairs
24,24,1.55966042395e+18,1009.219971,climbing_stairs
25,25,1.55966042499e+18,1009.191513,climbing_stairs
26,26,1.55966042603e+18,1009.164124,climbing_stairs
27,27,1.55966042706e+18,1009.130783,climbing_stairs
28,28,1.5596604281e+18,1009.095688,climbing_stairs
29,29,1.55966042914e+18,1009.070206,climbing_stairs
30,30,1.55966043018e+18,1009.053192,climbing_stairs
31,31,1.55966043121e+18,1009.023895,climbing_stairs
32,32,1.55966043225e+18,1008.987961,climbing_stairs
33,33,1.55966043329e+18,1008.948135,climbing_stairs
34,34,1.55966043433e+18,1008.903503,climbing_stairs
35,35,1.55966043536e+18,1008.849335,climbing_stairs
36,36,1.5596604364e+18,1008.797913,climbing_stairs
37,37,1.55966043744e+18,1008.754501,climbing_stairs
38,38,1.55966043848e+18,1008.726349,climbing_stairs
39,39,1.55966043951e+18,1008.700638,climbing_stairs
40,40,1.55966044055e+18,1008.679199,climbing_stairs
41,41,1.55966044159e+18,1008.651581,climbing_stairs
42,42,1.55966044263e+18,1008.618698,climbing_stairs
43,43,1.55966044367e+18,1008.570633,climbing_stairs
44,44,1.55966044471e+18,1008.53981,climbing_stairs
45,45,1.55966044574e+18,1008.510513,climbing_stairs
46,46,1.55966044678e+18,1008.484802,climbing_stairs
47,47,1.55966044782e+18,1008.460312,climbing_stairs
48,48,1.55966044886e+18,1008.445816,climbing_stairs
49,49,1.5596604499e+18,1008.419037,climbing_stairs
50,50,1.55966045094e+18,1008.389206,climbing_stairs
51,51,1.55966045198e+18,1008.361969,climbing_stairs
52,52,1.55966045301e+18,1008.33786,climbing_stairs
53,53,1.55966045405e+18,1008.310089,climbing_stairs
54,54,1.55966045509e+18,1008.279495,climbing_stairs
55,55,1.55966045613e+18,1008.24173,climbing_stairs
56,56,1.55966045717e+18,1008.197403,climbing_stairs
57,57,1.55966045821e+18,1008.153915,climbing_stairs
58,58,1.55966045925e+18,1008.121338,climbing_stairs
59,59,1.55966046029e+18,1008.090591,climbing_stairs
60,60,1.55966046132e+18,1008.063889,climbing_stairs
61,61,1.55966046236e+18,1008.047943,climbing_stairs
62,62,1.5596604634e+18,1008.028488,climbing_stairs
63,63,1.55966046444e+18,1008.003006,climbing_stairs
64,64,1.55966046548e+18,1007.976532,climbing_stairs
65,65,1.55966046652e+18,1007.956924,climbing_stairs
66,66,1.55966046756e+18,1007.931595,climbing_stairs
67,67,1.5596604686e+18,1007.904053,climbing_stairs
68,68,1.55966046964e+18,1007.879181,climbing_stairs
69,69,1.55966047067e+18,1007.848892,climbing_stairs
70,70,1.55966047171e+18,1007.811127,climbing_stairs
71,71,1.55966047275e+18,1007.774124,climbing_stairs
72,72,1.55966047379e+18,1007.746201,climbing_stairs
73,73,1.55966047483e+18,1007.720947,climbing_stairs
74,74,1.55966047587e+18,1007.697983,climbing_stairs
75,75,1.5596604769e+18,1007.672424,climbing_stairs
76,76,1.55966047794e+18,1007.643204,climbing_stairs
77,77,1.55966047898e+18,1007.60643,climbing_stairs
78,78,1.55966048002e+18,1007.569199,climbing_stairs
79,79,1.55966048106e+18,1007.539062,climbing_stairs
80,80,1.5596604821e+18,1007.519684,climbing_stairs
81,81,1.55966048313e+18,1007.500076,climbing_stairs
82,82,1.55966048417e+18,1007.481689,climbing_stairs
83,83,1.55966048521e+18,1007.460175,climbing_stairs
84,84,1.55966048625e+18,1007.42775,climbing_stairs
85,85,1.55966048729e+18,1007.38533,climbing_stairs
86,86,1.55966048833e+18,1007.353897,climbing_stairs
87,87,1.55966048937e+18,1007.325745,climbing_stairs
88,88,1.55966049041e+18,1007.291031,climbing_stairs
89,89,1.55966049144e+18,1007.252731,climbing_stairs
90,90,1.55966049248e+18,1007.226562,climbing_stairs
91,91,1.55966049352e+18,1007.186356,climbing_stairs
92,92,1.55966049456e+18,1007.140427,climbing_stairs
93,93,1.5596604956e+18,1007.093506,climbing_stairs
94,94,1.55966049664e+18,1007.065506,climbing_stairs
95,95,1.55966049767e+18,1007.03392,climbing_stairs
96,96,1.55966049871e+18,1007.004089,climbing_stairs
97,97,1.55966049975e+18,1006.974564,climbing_stairs
98,98,1.55966050079e+18,1006.952591,climbing_stairs
99,99,1.55966050183e+18,1006.925201,climbing_stairs
100,100,1.55966050287e+18,1006.901932,climbing_stairs
101,101,1.55966050391e+18,1006.886139,climbing_stairs
102,102,1.55966050494e+18,1006.868439,climbing_stairs
103,103,1.55966050598e+18,1006.847763,climbing_stairs
104,104,1.55966050702e+18,1006.82373,climbing_stairs
105,105,1.55966050806e+18,1006.782074,climbing_stairs
106,106,1.5596605091e+18,1006.731491,climbing_stairs
107,107,1.55966051014e+18,1006.685791,climbing_stairs
108,108,1.55966051118e+18,1006.649094,climbing_stairs
109,109,1.55966051221e+18,1006.620407,climbing_stairs
110,110,1.55966051325e+18,1006.600876,climbing_stairs
111,111,1.55966051429e+18,1006.58493,climbing_stairs
112,112,1.55966051533e+18,1006.563873,climbing_stairs
113,113,1.55966051637e+18,1006.528473,climbing_stairs
114,114,1.55966051741e+18,1006.496811,climbing_stairs
115,115,1.55966051845e+18,1006.466522,climbing_stairs
116,116,1.55966051949e+18,1006.440201,climbing_stairs
117,117,1.55966052053e+18,1006.414032,climbing_stairs
118,118,1.55966052157e+18,1006.390381,climbing_stairs
119,119,1.55966052261e+18,1006.360168,climbing_stairs
120,120,1.55966052365e+18,1006.322632,climbing_stairs
121,121,1.55966052469e+18,1006.282578,climbing_stairs
122,122,1.55966052572e+18,1006.244965,climbing_stairs
123,123,1.55966052676e+18,1006.219482,climbing_stairs
124,124,1.5596605278e+18,1006.196976,climbing_stairs
125,125,1.55966052884e+18,1006.172791,climbing_stairs
126,126,1.55966052988e+18,1006.144028,climbing_stairs
127,127,1.55966053092e+18,1006.111526,climbing_stairs
128,128,1.55966053196e+18,1006.07933,climbing_stairs
129,129,1.559660533e+18,1006.046753,climbing_stairs
130,130,1.55966053404e+18,1006.022797,climbing_stairs
131,131,1.55966053508e+18,1006.009369,climbing_stairs
132,132,1.55966053612e+18,1005.992813,climbing_stairs
133,133,1.55966053716e+18,1005.96077,climbing_stairs
134,134,1.55966053819e+18,1005.928116,climbing_stairs
135,135,1.55966053923e+18,1005.89035,climbing_stairs
136,136,1.55966054027e+18,1005.848694,climbing_stairs
137,137,1.55966054131e+18,1005.817413,climbing_stairs
138,138,1.55966054235e+18,1005.800476,climbing_stairs
139,139,1.55966054339e+18,1005.776443,climbing_stairs
140,140,1.55966054443e+18,1005.751419,climbing_stairs
141,141,1.55966054547e+18,1005.733795,climbing_stairs
142,142,1.55966054651e+18,1005.714417,climbing_stairs
143,143,1.55966054754e+18,1005.682449,climbing_stairs
144,144,1.55966054858e+18,1005.655136,climbing_stairs
145,145,1.55966054962e+18,1005.633621,climbing_stairs
146,146,1.55966055066e+18,1005.601425,climbing_stairs
147,147,1.5596605517e+18,1005.56839,climbing_stairs
148,148,1.55966055274e+18,1005.543365,climbing_stairs
149,149,1.55966055377e+18,1005.514374,climbing_stairs
150,150,1.55966055481e+18,1005.481567,climbing_stairs
151,151,1.55966055585e+18,1005.441589,climbing_stairs
152,152,1.55966055689e+18,1005.404205,climbing_stairs
153,153,1.55966055793e+18,1005.355377,climbing_stairs
154,154,1.55966055897e+18,1005.309525,climbing_stairs
155,155,1.55966056001e+18,1005.278244,climbing_stairs
156,156,1.55966056105e+18,1005.262451,climbing_stairs
157,157,1.55966056208e+18,1005.242462,climbing_stairs
158,158,1.55966056312e+18,1005.2285,climbing_stairs
159,159,1.55966056416e+18,1005.217514,climbing_stairs
160,160,1.5596605652e+18,1005.194244,climbing_stairs
161,161,1.55966056624e+18,1005.159531,climbing_stairs
162,162,1.55966056728e+18,1005.132599,climbing_stairs
163,163,1.55966056831e+18,1005.102997,climbing_stairs
164,164,1.55966056935e+18,1005.074844,climbing_stairs
165,165,1.55966057039e+18,1005.049591,climbing_stairs
166,166,1.55966057143e+18,1005.033264,climbing_stairs
167,167,1.55966057247e+18,1005.017471,climbing_stairs
168,168,1.55966057351e+18,1005.000839,climbing_stairs
169,169,1.55966057455e+18,1004.981308,climbing_stairs
170,170,1.55966057559e+18,1004.959869,climbing_stairs
171,171,1.55966057663e+18,1004.932861,climbing_stairs
172,172,1.55966057767e+18,1004.888535,climbing_stairs
173,173,1.5596605787e+18,1004.842224,climbing_stairs
174,174,1.55966057974e+18,1004.800339,climbing_stairs
175,175,1.55966058078e+18,1004.763947,climbing_stairs
176,176,1.55966058182e+18,1004.730988,climbing_stairs
177,177,1.55966058286e+18,1004.700394,climbing_stairs
178,178,1.5596605839e+18,1004.673615,climbing_stairs
179,179,1.55966058493e+18,1004.644165,climbing_stairs
180,180,1.55966058597e+18,1004.609299,climbing_stairs
181,181,1.55966058701e+18,1004.575882,climbing_stairs
182,182,1.55966058805e+18,1004.549942,climbing_stairs
183,183,1.55966058909e+18,1004.536057,climbing_stairs
184,184,1.55966059013e+18,1004.527817,climbing_stairs
185,185,1.55966059117e+18,1004.508591,climbing_stairs
186,186,1.5596605922e+18,1004.480286,climbing_stairs
187,187,1.55966059324e+18,1004.45076,climbing_stairs
188,188,1.55966059428e+18,1004.406052,climbing_stairs
189,189,1.55966059532e+18,1004.36676,climbing_stairs
190,190,1.55966059636e+18,1004.345551,climbing_stairs
191,191,1.5596605974e+18,1004.333191,climbing_stairs
192,192,1.55966059844e+18,1004.316864,climbing_stairs
193,193,1.55966059948e+18,1004.302521,climbing_stairs
194,194,1.55966060052e+18,1004.276276,climbing_stairs
195,195,1.55966060156e+18,1004.235916,climbing_stairs
196,196,1.55966060259e+18,1004.189453,climbing_stairs
197,197,1.55966060363e+18,1004.148941,climbing_stairs
198,198,1.55966060467e+18,1004.116287,climbing_stairs
199,199,1.55966060571e+18,1004.090347,climbing_stairs
200,200,1.55966060675e+18,1004.075851,climbing_stairs
201,201,1.55966060779e+18,1004.062347,climbing_stairs
202,202,1.55966060882e+18,1004.037933,climbing_stairs
203,203,1.55966060986e+18,1004.001083,climbing_stairs
204,204,1.5596606109e+18,1003.964081,climbing_stairs
205,205,1.55966061194e+18,1003.925781,climbing_stairs
206,206,1.55966061298e+18,1003.89122,climbing_stairs
207,207,1.55966061402e+18,1003.855896,climbing_stairs
208,208,1.55966061506e+18,1003.828278,climbing_stairs
209,209,1.5596606161e+18,1003.801804,climbing_stairs
210,210,1.55966061713e+18,1003.783417,climbing_stairs
211,211,1.55966061817e+18,1003.760147,climbing_stairs
212,212,1.55966061921e+18,1003.745193,climbing_stairs
213,213,1.55966062025e+18,1003.73703,climbing_stairs
214,214,1.55966062129e+18,1003.724976,climbing_stairs
215,215,1.55966062233e+18,1003.689575,climbing_stairs
216,216,1.55966062337e+18,1003.64502,climbing_stairs
217,217,1.5596606244e+18,1003.593216,climbing_stairs
0,0,1.5596532e+18,1010.122986,nothing
1,1,1.55965320104e+18,1010.122757,nothing
2,2,1.55965320207e+18,1010.122528,nothing
3,3,1.55965320311e+18,1010.120316,nothing
4,4,1.55965320415e+18,1010.118408,nothing
5,5,1.55965320519e+18,1010.120316,nothing
6,6,1.55965320623e+18,1010.117569,nothing
7,7,1.55965320727e+18,1010.11322,nothing
8,8,1.55965320735e+18,1010.11322,nothing
9,9,1.55965320839e+18,1010.114136,nothing
10,10,1.55965320943e+18,1010.114136,nothing
11,11,1.55965321046e+18,1010.112381,nothing
12,12,1.5596532115e+18,1010.112152,nothing
13,13,1.55965321254e+18,1010.111237,nothing
14,14,1.55965321358e+18,1010.109253,nothing
15,15,1.55965321462e+18,1010.105362,nothing
16,16,1.55965321566e+18,1010.099182,nothing
17,17,1.5596532167e+18,1010.094757,nothing
18,18,1.55965321774e+18,1010.088043,nothing
19,19,1.55965321877e+18,1010.082779,nothing
20,20,1.55965321981e+18,1010.082779,nothing
21,21,1.55965322085e+18,1010.083618,nothing
22,22,1.55965322189e+18,1010.084,nothing
23,23,1.55965322293e+18,1010.084381,nothing
24,24,1.55965322396e+18,1010.08873,nothing
25,25,1.559653225e+18,1010.089035,nothing
26,26,1.55965322604e+18,1010.089798,nothing
27,27,1.55965322708e+18,1010.09079,nothing
28,28,1.55965322812e+18,1010.09285,nothing
29,29,1.55965322916e+18,1010.093384,nothing
30,30,1.5596532302e+18,1010.095367,nothing
31,31,1.55965323124e+18,1010.09697,nothing
32,32,1.55965323227e+18,1010.09697,nothing
33,33,1.55965323331e+18,1010.096817,nothing
34,34,1.55965323435e+18,1010.095139,nothing
35,35,1.55965323539e+18,1010.089417,nothing
36,36,1.55965323642e+18,1010.087585,nothing
37,37,1.55965323746e+18,1010.08522,nothing
38,38,1.5596532385e+18,1010.084991,nothing
39,39,1.55965323954e+18,1010.084991,nothing
40,40,1.55965324058e+18,1010.085754,nothing
41,41,1.55965324162e+18,1010.085754,nothing
42,42,1.55965324266e+18,1010.085754,nothing
43,43,1.5596532437e+18,1010.086365,nothing
44,44,1.55965324473e+18,1010.086365,nothing
45,45,1.55965324577e+18,1010.083771,nothing
46,46,1.55965324681e+18,1010.083466,nothing
47,47,1.55965324785e+18,1010.081787,nothing
48,48,1.55965324889e+18,1010.080185,nothing
49,49,1.55965324992e+18,1010.079651,nothing
50,50,1.55965325096e+18,1010.080185,nothing
51,51,1.559653252e+18,1010.081558,nothing
52,52,1.55965325304e+18,1010.085449,nothing
53,53,1.55965325408e+18,1010.087357,nothing
54,54,1.55965325512e+18,1010.087357,nothing
55,55,1.55965325616e+18,1010.086517,nothing
56,56,1.5596532572e+18,1010.082855,nothing
57,57,1.55965325823e+18,1010.077286,nothing
58,58,1.55965325927e+18,1010.072556,nothing
59,59,1.55965326031e+18,1010.071487,nothing
60,60,1.55965326135e+18,1010.071487,nothing
61,61,1.55965326239e+18,1010.07164,nothing
62,62,1.55965326343e+18,1010.071869,nothing
63,63,1.55965326447e+18,1010.071869,nothing
64,64,1.55965326551e+18,1010.065079,nothing
65,65,1.55965326654e+18,1010.058975,nothing
66,66,1.55965326758e+18,1010.054703,nothing
67,67,1.55965326862e+18,1010.048065,nothing
68,68,1.55965326966e+18,1010.046616,nothing
69,69,1.5596532707e+18,1010.046616,nothing
70,70,1.55965327174e+18,1010.046768,nothing
71,71,1.55965327277e+18,1010.047302,nothing
72,72,1.55965327381e+18,1010.047684,nothing
73,73,1.55965327485e+18,1010.047302,nothing
74,74,1.55965327589e+18,1010.045853,nothing
75,75,1.55965327693e+18,1010.044785,nothing
76,76,1.55965327797e+18,1010.041962,nothing
77,77,1.55965327901e+18,1010.038681,nothing
78,78,1.55965328004e+18,1010.038681,nothing
79,79,1.55965328108e+18,1010.037384,nothing
80,80,1.55965328212e+18,1010.036545,nothing
81,81,1.55965328316e+18,1010.03479,nothing
82,82,1.5596532842e+18,1010.034714,nothing
83,83,1.55965328524e+18,1010.034027,nothing
84,84,1.55965328627e+18,1010.03273,nothing
85,85,1.55965328731e+18,1010.03273,nothing
86,86,1.55965328835e+18,1010.033112,nothing
87,87,1.55965328939e+18,1010.035934,nothing
88,88,1.55965329043e+18,1010.03891,nothing
89,89,1.55965329147e+18,1010.04097,nothing
90,90,1.5596532925e+18,1010.041962,nothing
91,91,1.55965329354e+18,1010.041962,nothing
92,92,1.55965329458e+18,1010.037766,nothing
93,93,1.55965329562e+18,1010.033722,nothing
94,94,1.55965329666e+18,1010.030136,nothing
95,95,1.55965329769e+18,1010.027924,nothing
96,96,1.55965329873e+18,1010.027924,nothing
97,97,1.55965329977e+18,1010.029221,nothing
98,98,1.55965330081e+18,1010.029221,nothing
99,99,1.55965330185e+18,1010.028687,nothing
100,100,1.55965330289e+18,1010.026321,nothing
101,101,1.55965330392e+18,1010.024338,nothing
102,102,1.55965330496e+18,1010.018997,nothing
103,103,1.559653306e+18,1010.017548,nothing
104,104,1.55965330704e+18,1010.017548,nothing
105,105,1.55965330808e+18,1010.018463,nothing
106,106,1.55965330912e+18,1010.020447,nothing
107,107,1.55965331015e+18,1010.024033,nothing
108,108,1.55965331119e+18,1010.024338,nothing
109,109,1.55965331223e+18,1010.024033,nothing
110,110,1.55965331327e+18,1010.023956,nothing
111,111,1.55965331431e+18,1010.02121,nothing
112,112,1.55965331535e+18,1010.016708,nothing
113,113,1.55965331639e+18,1010.012894,nothing
114,114,1.55965331742e+18,1010.009689,nothing
115,115,1.55965331846e+18,1010.008316,nothing
116,116,1.5596533195e+18,1010.003586,nothing
117,117,1.55965332054e+18,1010.003586,nothing
118,118,1.55965332158e+18,1010.00351,nothing
119,119,1.55965332262e+18,1010.003052,nothing
120,120,1.55965332365e+18,1010.001144,nothing
121,121,1.55965332469e+18,1009.999924,nothing
122,122,1.55965332573e+18,1009.999084,nothing
123,123,1.55965332677e+18,1009.998016,nothing
124,124,1.55965332781e+18,1009.997177,nothing
125,125,1.55965332884e+18,1009.997177,nothing
126,126,1.55965332988e+18,1009.997253,nothing
127,127,1.55965333092e+18,1009.997253,nothing
128,128,1.55965333196e+18,1009.996262,nothing
129,129,1.55965333299e+18,1009.996033,nothing
130,130,1.55965333403e+18,1009.993744,nothing
131,131,1.55965333507e+18,1009.991531,nothing
132,132,1.55965333611e+18,1009.990387,nothing
133,133,1.55965333715e+18,1009.989548,nothing
134,134,1.55965333818e+18,1009.987259,nothing
135,135,1.55965333922e+18,1009.985504,nothing
136,136,1.55965334026e+18,1009.982147,nothing
137,137,1.5596533413e+18,1009.980392,nothing
138,138,1.55965334234e+18,1009.980392,nothing
139,139,1.55965334338e+18,1009.984055,nothing
140,140,1.55965334441e+18,1009.989548,nothing
141,141,1.55965334545e+18,1009.994278,nothing
142,142,1.55965334649e+18,1009.994659,nothing
143,143,1.55965334753e+18,1009.994278,nothing
144,144,1.55965334857e+18,1009.992447,nothing
145,145,1.55965334961e+18,1009.986877,nothing
146,146,1.55965335064e+18,1009.981079,nothing
147,147,1.55965335168e+18,1009.979095,nothing
148,148,1.55965335272e+18,1009.978333,nothing
149,149,1.55965335376e+18,1009.977493,nothing
150,150,1.5596533548e+18,1009.975128,nothing
151,151,1.55965335584e+18,1009.975128,nothing
152,152,1.55965335688e+18,1009.975128,nothing
153,153,1.55965335791e+18,1009.974365,nothing
154,154,1.55965335895e+18,1009.969025,nothing
155,155,1.55965335999e+18,1009.963989,nothing
156,156,1.55965336103e+18,1009.957047,nothing
157,157,1.55965336207e+18,1009.952164,nothing
158,158,1.55965336311e+18,1009.948273,nothing
159,159,1.55965336414e+18,1009.948196,nothing
160,160,1.55965336518e+18,1009.948196,nothing
161,161,1.55965336622e+18,1009.948196,nothing
162,162,1.55965336726e+18,1009.94751,nothing
163,163,1.5596533683e+18,1009.946518,nothing
164,164,1.55965336934e+18,1009.946518,nothing
165,165,1.55965337037e+18,1009.948273,nothing
166,166,1.55965337141e+18,1009.950256,nothing
167,167,1.55965337245e+18,1009.95079,nothing
168,168,1.55965337349e+18,1009.952011,nothing
169,169,1.55965337453e+18,1009.952011,nothing
170,170,1.55965337556e+18,1009.950638,nothing
171,171,1.5596533766e+18,1009.950485,nothing
172,172,1.55965337764e+18,1009.950485,nothing
173,173,1.55965337868e+18,1009.950562,nothing
174,174,1.55965337972e+18,1009.950562,nothing
175,175,1.55965338075e+18,1009.951096,nothing
176,176,1.55965338179e+18,1009.950562,nothing
177,177,1.55965338283e+18,1009.950562,nothing
178,178,1.55965338387e+18,1009.948807,nothing
179,179,1.55965338491e+18,1009.942169,nothing
180,180,1.55965338594e+18,1009.941254,nothing
181,181,1.55965338698e+18,1009.93988,nothing
182,182,1.55965338802e+18,1009.93988,nothing
183,183,1.55965338906e+18,1009.940109,nothing
184,184,1.5596533901e+18,1009.943466,nothing
185,185,1.55965339113e+18,1009.945068,nothing
186,186,1.55965339217e+18,1009.947815,nothing
187,187,1.55965339321e+18,1009.948578,nothing
188,188,1.55965339425e+18,1009.949875,nothing
189,189,1.55965339529e+18,1009.95163,nothing
190,190,1.55965339633e+18,1009.95163,nothing
191,191,1.55965339737e+18,1009.948425,nothing
192,192,1.55965339841e+18,1009.946136,nothing
193,193,1.55965339945e+18,1009.945831,nothing
194,194,1.55965340048e+18,1009.945831,nothing
195,195,1.55965340152e+18,1009.948959,nothing
196,196,1.55965340256e+18,1009.95163,nothing
197,197,1.5596534036e+18,1009.955215,nothing
198,198,1.55965340464e+18,1009.957581,nothing
199,199,1.55965340567e+18,1009.957581,nothing
200,200,1.55965340671e+18,1009.957352,nothing
201,201,1.55965340775e+18,1009.955673,nothing
202,202,1.55965340879e+18,1009.954529,nothing
203,203,1.55965340983e+18,1009.954376,nothing
204,204,1.55965341087e+18,1009.954453,nothing
205,205,1.55965341191e+18,1009.954453,nothing
206,206,1.55965341294e+18,1009.954834,nothing
207,207,1.55965341398e+18,1009.954834,nothing
208,208,1.55965341502e+18,1009.954529,nothing
209,209,1.55965341606e+18,1009.95285,nothing
210,210,1.5596534171e+18,1009.950638,nothing
211,211,1.55965341813e+18,1009.950638,nothing
212,212,1.55965341917e+18,1009.949722,nothing
213,213,1.55965342021e+18,1009.951324,nothing
214,214,1.55965342125e+18,1009.949722,nothing
215,215,1.55965342229e+18,1009.949722,nothing
216,216,1.55965342333e+18,1009.948502,nothing
217,217,1.55965342436e+18,1009.946594,nothing
218,218,1.5596534254e+18,1009.946594,nothing
219,219,1.55965342644e+18,1009.946594,nothing
220,220,1.55965342748e+18,1009.947052,nothing
221,221,1.55965342852e+18,1009.947891,nothing
222,222,1.55965342956e+18,1009.950867,nothing
223,223,1.55965343059e+18,1009.950867,nothing
224,224,1.55965343163e+18,1009.950562,nothing
225,225,1.55965343267e+18,1009.949341,nothing
226,226,1.55965343371e+18,1009.949036,nothing
227,227,1.55965343475e+18,1009.949036,nothing
228,228,1.55965343579e+18,1009.949036,nothing
229,229,1.55965343682e+18,1009.949188,nothing
230,230,1.55965343786e+18,1009.948502,nothing
231,231,1.5596534389e+18,1009.94606,nothing
232,232,1.55965343994e+18,1009.945679,nothing
233,233,1.55965344098e+18,1009.945679,nothing
234,234,1.55965344201e+18,1009.945602,nothing
235,235,1.55965344305e+18,1009.945602,nothing
236,236,1.55965344409e+18,1009.946671,nothing
237,237,1.55965344513e+18,1009.946671,nothing
238,238,1.55965344617e+18,1009.946213,nothing
239,239,1.55965344721e+18,1009.946213,nothing
240,240,1.55965344825e+18,1009.946823,nothing
241,241,1.55965344929e+18,1009.946823,nothing
242,242,1.55965345033e+18,1009.946823,nothing
243,243,1.55965345137e+18,1009.944992,nothing
244,244,1.5596534524e+18,1009.942169,nothing
245,245,1.55965345344e+18,1009.940567,nothing
246,246,1.55965345448e+18,1009.935837,nothing
247,247,1.55965345552e+18,1009.934616,nothing
248,248,1.55965345656e+18,1009.934082,nothing
249,249,1.5596534576e+18,1009.934616,nothing
250,250,1.55965345863e+18,1009.934845,nothing
251,251,1.55965345967e+18,1009.935074,nothing
252,252,1.55965346071e+18,1009.935074,nothing
253,253,1.55965346175e+18,1009.935074,nothing
254,254,1.55965346279e+18,1009.935532,nothing
255,255,1.55965346382e+18,1009.935684,nothing
256,256,1.55965346486e+18,1009.935684,nothing
257,257,1.5596534659e+18,1009.938278,nothing
258,258,1.55965346694e+18,1009.939728,nothing
259,259,1.55965346798e+18,1009.943466,nothing
260,260,1.55965346902e+18,1009.944611,nothing
261,261,1.55965347005e+18,1009.947205,nothing
262,262,1.55965347109e+18,1009.947205,nothing
263,263,1.55965347213e+18,1009.946823,nothing
264,264,1.55965347317e+18,1009.943085,nothing
265,265,1.55965347421e+18,1009.942093,nothing
266,266,1.55965347525e+18,1009.936981,nothing
267,267,1.55965347628e+18,1009.925919,nothing
268,268,1.55965347732e+18,1009.919357,nothing
269,269,1.55965347836e+18,1009.915771,nothing
270,270,1.5596534794e+18,1009.91333,nothing
271,271,1.55965348044e+18,1009.91333,nothing
272,272,1.55965348148e+18,1009.91951,nothing
273,273,1.55965348251e+18,1009.924316,nothing
274,274,1.55965348355e+18,1009.926147,nothing
275,275,1.55965348459e+18,1009.92836,nothing
276,276,1.55965348563e+18,1009.928589,nothing
277,277,1.55965348667e+18,1009.929657,nothing
278,278,1.55965348771e+18,1009.930267,nothing
279,279,1.55965348875e+18,1009.930573,nothing
280,280,1.55965348979e+18,1009.930573,nothing
281,281,1.55965349082e+18,1009.930725,nothing
282,282,1.55965349186e+18,1009.930725,nothing
283,283,1.5596534929e+18,1009.930344,nothing
284,284,1.55965349394e+18,1009.927521,nothing
285,285,1.55965349498e+18,1009.926987,nothing
286,286,1.55965349602e+18,1009.925308,nothing
287,287,1.55965349705e+18,1009.925308,nothing
288,288,1.55965349809e+18,1009.924698,nothing
289,289,1.55965349913e+18,1009.925919,nothing
290,290,1.55965350017e+18,1009.927902,nothing
291,291,1.55965350121e+18,1009.930725,nothing
292,292,1.55965350225e+18,1009.931641,nothing
293,293,1.55965350328e+18,1009.93454,nothing
294,294,1.55965350432e+18,1009.937515,nothing
295,295,1.55965350536e+18,1009.937515,nothing
296,296,1.5596535064e+18,1009.933853,nothing
297,297,1.55965350744e+18,1009.930115,nothing
298,298,1.55965350848e+18,1009.924164,nothing
299,299,1.55965350951e+18,1009.922104,nothing
300,300,1.55965351055e+18,1009.922104,nothing
301,301,1.55965351159e+18,1009.923401,nothing
302,302,1.55965351263e+18,1009.928131,nothing
303,303,1.55965351367e+18,1009.932709,nothing
304,304,1.55965351471e+18,1009.932709,nothing
305,305,1.55965351574e+18,1009.927826,nothing
306,306,1.55965351678e+18,1009.922333,nothing
307,307,1.55965351782e+18,1009.916611,nothing
308,308,1.55965351886e+18,1009.911118,nothing
309,309,1.5596535199e+18,1009.909592,nothing
310,310,1.55965352094e+18,1009.909592,nothing
311,311,1.55965352198e+18,1009.911728,nothing
312,312,1.55965352301e+18,1009.913177,nothing
313,313,1.55965352405e+18,1009.91539,nothing
314,314,1.55965352509e+18,1009.917068,nothing
315,315,1.55965352613e+18,1009.917068,nothing
316,316,1.55965352717e+18,1009.915848,nothing
317,317,1.55965352821e+18,1009.913788,nothing
318,318,1.55965352925e+18,1009.913101,nothing
319,319,1.55965353028e+18,1009.910583,nothing
320,320,1.55965353132e+18,1009.909973,nothing
321,321,1.55965353236e+18,1009.909973,nothing
322,322,1.5596535334e+18,1009.909973,nothing
323,323,1.55965353444e+18,1009.909973,nothing
324,324,1.55965353547e+18,1009.909134,nothing
325,325,1.55965353651e+18,1009.905472,nothing
326,326,1.55965353755e+18,1009.904022,nothing
327,327,1.55965353859e+18,1009.903793,nothing
328,328,1.55965353963e+18,1009.903793,nothing
329,329,1.55965354067e+18,1009.904022,nothing
330,330,1.5596535417e+18,1009.904022,nothing
331,331,1.55965354274e+18,1009.904022,nothing
332,332,1.55965354378e+18,1009.904022,nothing
333,333,1.55965354482e+18,1009.90593,nothing
334,334,1.55965354586e+18,1009.907074,nothing
335,335,1.5596535469e+18,1009.909973,nothing
336,336,1.55965354794e+18,1009.913025,nothing
337,337,1.55965354897e+18,1009.915695,nothing
338,338,1.55965355001e+18,1009.916763,nothing
339,339,1.55965355105e+18,1009.917297,nothing
340,340,1.55965355209e+18,1009.917297,nothing
0,0,1.559664e+18,1007.404099,biking
1,1,1.55966400104e+18,1007.408142,biking
2,2,1.55966400208e+18,1007.412109,biking
3,3,1.55966400312e+18,1007.417984,biking
4,4,1.55966400416e+18,1007.417984,biking
5,5,1.5596640052e+18,1007.408752,biking
6,6,1.55966400624e+18,1007.397614,biking
7,7,1.55966400728e+18,1007.397614,biking
8,8,1.55966400736e+18,1007.390366,biking
9,9,1.5596640084e+18,1007.387619,biking
10,10,1.55966400944e+18,1007.378311,biking
11,11,1.55966401048e+18,1007.376785,biking
12,12,1.55966401152e+18,1007.374573,biking
13,13,1.55966401256e+18,1007.369308,biking
14,14,1.5596640136e+18,1007.354965,biking
15,15,1.55966401464e+18,1007.348022,biking
16,16,1.55966401568e+18,1007.348022,biking
17,17,1.55966401672e+18,1007.356415,biking
18,18,1.55966401776e+18,1007.361298,biking
19,19,1.5596640188e+18,1007.381973,biking
20,20,1.55966401984e+18,1007.406006,biking
21,21,1.55966402088e+18,1007.413406,biking
22,22,1.55966402192e+18,1007.414474,biking
23,23,1.55966402296e+18,1007.420197,biking
24,24,1.559664024e+18,1007.421036,biking
25,25,1.55966402504e+18,1007.423553,biking
26,26,1.55966402608e+18,1007.434387,biking
27,27,1.55966402712e+18,1007.435989,biking
28,28,1.55966402816e+18,1007.435989,biking
29,29,1.5596640292e+18,1007.435226,biking
30,30,1.55966403024e+18,1007.429123,biking
31,31,1.55966403128e+18,1007.423935,biking
32,32,1.55966403231e+18,1007.423935,biking
33,33,1.55966403335e+18,1007.429886,biking
34,34,1.55966403439e+18,1007.438431,biking
35,35,1.55966403543e+18,1007.45018,biking
36,36,1.55966403647e+18,1007.458496,biking
37,37,1.55966403751e+18,1007.464905,biking
38,38,1.55966403854e+18,1007.474899,biking
39,39,1.55966403958e+18,1007.484589,biking
40,40,1.55966404062e+18,1007.488937,biking
41,41,1.55966404166e+18,1007.488937,biking
42,42,1.5596640427e+18,1007.487717,biking
43,43,1.55966404373e+18,1007.481613,biking
44,44,1.55966404477e+18,1007.476959,biking
45,45,1.55966404581e+18,1007.476959,biking
46,46,1.55966404685e+18,1007.479248,biking
47,47,1.55966404789e+18,1007.483292,biking
48,48,1.55966404893e+18,1007.488098,biking
49,49,1.55966404997e+18,1007.491608,biking
50,50,1.55966405101e+18,1007.491608,biking
51,51,1.55966405205e+18,1007.489243,biking
52,52,1.55966405308e+18,1007.486115,biking
53,53,1.55966405412e+18,1007.486115,biking
54,54,1.55966405516e+18,1007.47879,biking
55,55,1.5596640562e+18,1007.473907,biking
56,56,1.55966405724e+18,1007.46315,biking
57,57,1.55966405828e+18,1007.45575,biking
58,58,1.55966405932e+18,1007.446136,biking
59,59,1.55966406036e+18,1007.446136,biking
60,60,1.5596640614e+18,1007.448578,biking
61,61,1.55966406244e+18,1007.457123,biking
62,62,1.55966406348e+18,1007.472687,biking
63,63,1.55966406452e+18,1007.487183,biking
64,64,1.55966406555e+18,1007.495956,biking
65,65,1.55966406659e+18,1007.502594,biking
66,66,1.55966406763e+18,1007.502594,biking
67,67,1.55966406867e+18,1007.50061,biking
68,68,1.55966406971e+18,1007.496872,biking
69,69,1.55966407075e+18,1007.496185,biking
70,70,1.55966407179e+18,1007.496185,biking
71,71,1.55966407283e+18,1007.496185,biking
72,72,1.55966407387e+18,1007.495804,biking
73,73,1.55966407491e+18,1007.491455,biking
74,74,1.55966407594e+18,1007.491455,biking
75,75,1.55966407698e+18,1007.489548,biking
76,76,1.55966407803e+18,1007.493744,biking
77,77,1.55966407906e+18,1007.496567,biking
78,78,1.5596640801e+18,1007.498627,biking
79,79,1.55966408114e+18,1007.496567,biking
80,80,1.55966408218e+18,1007.495575,biking
81,81,1.55966408322e+18,1007.495575,biking
82,82,1.55966408426e+18,1007.495575,biking
83,83,1.5596640853e+18,1007.493286,biking
84,84,1.55966408634e+18,1007.493286,biking
85,85,1.55966408738e+18,1007.493286,biking
86,86,1.55966408842e+18,1007.488556,biking
87,87,1.55966408946e+18,1007.479858,biking
88,88,1.55966409049e+18,1007.463074,biking
89,89,1.55966409153e+18,1007.45018,biking
90,90,1.55966409257e+18,1007.433395,biking
91,91,1.55966409361e+18,1007.423935,biking
92,92,1.55966409465e+18,1007.419662,biking
93,93,1.55966409569e+18,1007.419662,biking
94,94,1.55966409673e+18,1007.426987,biking
95,95,1.55966409777e+18,1007.433853,biking
96,96,1.55966409881e+18,1007.44133,biking
97,97,1.55966409985e+18,1007.446671,biking
98,98,1.55966410089e+18,1007.458954,biking
99,99,1.55966410193e+18,1007.469406,biking
100,100,1.55966410297e+18,1007.480545,biking
101,101,1.55966410401e+18,1007.485199,biking
102,102,1.55966410504e+18,1007.485199,biking
103,103,1.55966410608e+18,1007.485962,biking
104,104,1.55966410712e+18,1007.481232,biking
105,105,1.55966410816e+18,1007.481308,biking
106,106,1.5596641092e+18,1007.47963,biking
107,107,1.55966411024e+18,1007.481308,biking
108,108,1.55966411128e+18,1007.49176,biking
109,109,1.55966411232e+18,1007.492523,biking
110,110,1.55966411336e+18,1007.501373,biking
111,111,1.55966411439e+18,1007.505417,biking
112,112,1.55966411543e+18,1007.506104,biking
113,113,1.55966411647e+18,1007.506104,biking
114,114,1.55966411751e+18,1007.501907,biking
115,115,1.55966411855e+18,1007.496414,biking
116,116,1.55966411959e+18,1007.492523,biking
117,117,1.55966412063e+18,1007.490616,biking
118,118,1.55966412167e+18,1007.48764,biking
119,119,1.5596641227e+18,1007.477417,biking
120,120,1.55966412374e+18,1007.469788,biking
121,121,1.55966412478e+18,1007.465515,biking
122,122,1.55966412582e+18,1007.465134,biking
123,123,1.55966412686e+18,1007.465515,biking
124,124,1.5596641279e+18,1007.469635,biking
125,125,1.55966412893e+18,1007.473831,biking
126,126,1.55966412997e+18,1007.473831,biking
127,127,1.55966413101e+18,1007.473068,biking
128,128,1.55966413205e+18,1007.473068,biking
129,129,1.55966413309e+18,1007.483673,biking
130,130,1.55966413413e+18,1007.488785,biking
131,131,1.55966413517e+18,1007.494125,biking
132,132,1.55966413621e+18,1007.508316,biking
133,133,1.55966413724e+18,1007.508545,biking
134,134,1.55966413828e+18,1007.510452,biking
135,135,1.55966413932e+18,1007.513962,biking
136,136,1.55966414036e+18,1007.513962,biking
137,137,1.5596641414e+18,1007.51442,biking
138,138,1.55966414244e+18,1007.514267,biking
139,139,1.55966414348e+18,1007.51442,biking
140,140,1.55966414452e+18,1007.516479,biking
141,141,1.55966414556e+18,1007.516479,biking
142,142,1.5596641466e+18,1007.502899,biking
143,143,1.55966414763e+18,1007.494202,biking
144,144,1.55966414867e+18,1007.48291,biking
145,145,1.55966414971e+18,1007.466965,biking
146,146,1.55966415075e+18,1007.466965,biking
147,147,1.55966415179e+18,1007.4897,biking
148,148,1.55966415283e+18,1007.507706,biking
149,149,1.55966415387e+18,1007.52594,biking
150,150,1.55966415491e+18,1007.543869,biking
151,151,1.55966415595e+18,1007.547379,biking
152,152,1.55966415699e+18,1007.550812,biking
153,153,1.55966415802e+18,1007.550812,biking
154,154,1.55966415906e+18,1007.551117,biking
155,155,1.5596641601e+18,1007.553024,biking
156,156,1.55966416114e+18,1007.556686,biking
157,157,1.55966416218e+18,1007.559357,biking
158,158,1.55966416322e+18,1007.564545,biking
159,159,1.55966416426e+18,1007.565842,biking
160,160,1.55966416531e+18,1007.565842,biking
161,161,1.55966416635e+18,1007.565536,biking
162,162,1.55966416738e+18,1007.563782,biking
163,163,1.55966416843e+18,1007.560272,biking
164,164,1.55966416946e+18,1007.559814,biking
165,165,1.55966417051e+18,1007.55867,biking
166,166,1.55966417155e+18,1007.557983,biking
167,167,1.55966417258e+18,1007.555923,biking
168,168,1.55966417363e+18,1007.555466,biking
169,169,1.55966417466e+18,1007.546387,biking
170,170,1.55966417571e+18,1007.544403,biking
171,171,1.55966417674e+18,1007.544403,biking
172,172,1.55966417778e+18,1007.547379,biking
173,173,1.55966417882e+18,1007.548447,biking
174,174,1.55966417986e+18,1007.548447,biking
175,175,1.5596641809e+18,1007.545853,biking
176,176,1.55966418194e+18,1007.543564,biking
177,177,1.55966418298e+18,1007.533569,biking
178,178,1.55966418402e+18,1007.526474,biking
179,179,1.55966418506e+18,1007.520523,biking
180,180,1.5596641861e+18,1007.518082,biking
181,181,1.55966418714e+18,1007.517624,biking
182,182,1.55966418818e+18,1007.517242,biking
183,183,1.55966418922e+18,1007.517242,biking
184,184,1.55966419026e+18,1007.520142,biking
185,185,1.5596641913e+18,1007.528,biking
186,186,1.55966419234e+18,1007.532272,biking
187,187,1.55966419338e+18,1007.539444,biking
188,188,1.55966419442e+18,1007.549667,biking
189,189,1.55966419546e+18,1007.552719,biking
190,190,1.5596641965e+18,1007.556305,biking
191,191,1.55966419754e+18,1007.557907,biking
192,192,1.55966419858e+18,1007.559052,biking
193,193,1.55966419962e+18,1007.559052,biking
194,194,1.55966420066e+18,1007.56424,biking
195,195,1.5596642017e+18,1007.565536,biking
196,196,1.55966420274e+18,1007.565536,biking
197,197,1.55966420378e+18,1007.5634,biking
