"Time (s)","X (m/s^2)","Y (m/s^2)","Z (m/s^2)"
0.000000000E0,-2.806813202E0,5.851182404E0,7.198380890E0
4.016110000E-1,-1.573827209E0,5.731431427E0,7.516619110E0
8.032124167E-1,-7.095245361E-2,5.438340912E0,9.420509949E0
1.204793417E0,3.341201935E0,2.671943665E-1,8.406518555E-1
1.606352667E0,1.028136978E1,-9.763147430E0,4.016447754E0
2.007964667E0,9.418414307E0,-9.315877533E0,5.882766724E-2
2.409575667E0,4.910388794E0,-5.396727448E0,6.212081909E-2
2.811172042E0,7.785310364E0,-9.170679474E0,-8.726852417E-1
3.212753042E0,7.139553223E0,-8.283175049E0,7.572752380E-1
3.614300500E0,5.899531860E0,-9.783056030E0,1.600172424E-1
4.015942500E0,7.172634430E0,-6.404431915E0,2.112107849E-1
4.417554500E0,9.031169586E0,-1.034064651E1,1.892514496E0
4.819108875E0,3.094963989E0,-1.246053818E1,3.432362366E-1
5.220689875E0,8.408913574E0,-9.325158234E0,1.689985657E-1
5.622319000E0,5.925577698E0,-9.410929871E0,5.909710693E-1
6.023930000E0,7.920778656E0,-1.152558243E1,1.622925110E0
6.425541000E0,5.766009521E0,-6.562952271E0,1.470991058E0
6.827129500E0,1.086755081E1,-8.693471832E0,1.267863464E-1
7.228740500E0,4.102668457E0,-6.043083344E0,-1.059047699E0
7.630397042E0,5.449417877E0,-6.776109009E0,1.205293579E0
8.032009042E0,1.022209305E1,-6.314169617E0,8.421487427E-1
8.433620042E0,5.006488953E0,-8.112529907E0,-1.104403381E0
8.835178875E0,6.648873596E0,-6.472689972E0,4.938230896E-1
9.236789875E0,7.884104919E0,-9.042994995E0,6.718029785E-1
9.638417375E0,2.577789459E0,-1.116722763E1,1.332828369E0
1.004002937E1,9.046138458E0,-9.177864532E0,1.194066925E0
1.044164038E1,5.278323669E0,-8.448281708E0,1.636696472E0
1.084316562E1,6.178701324E0,-8.617879028E0,8.382568359E-3
1.124474663E1,7.849077759E0,-7.938142548E0,2.869532776E-1
1.164634038E1,1.289418640E0,-1.399873947E1,9.307644653E-1
1.204795137E1,9.730814667E0,-6.859485626E0,9.831555176E-1
1.244959338E1,7.944579163E0,-1.040186920E1,3.212469635E0
1.285119250E1,4.263134766E0,-7.601193237E0,6.560856628E-1
1.325280450E1,8.532107391E0,-9.320368195E0,1.826950836E0
1.365439917E1,5.602848816E0,-9.112300873E0,6.665638733E-1
1.405597917E1,7.608078918E0,-1.096305222E1,2.207609253E0
1.445756017E1,5.771098938E0,-6.836732941E0,1.445094910E0
1.485912312E1,8.327183533E0,-9.410031738E0,-7.949967957E-1
1.526064313E1,4.049678650E0,-7.477550354E0,4.400848389E-2
1.566214025E1,5.903274078E0,-6.919660492E0,2.182760925E0
1.606369025E1,7.256011047E0,-7.255412292E0,-6.915618896E-2
1.646524125E1,3.384761353E0,-1.105406296E1,1.360071716E0
1.686682475E1,8.480764160E0,-8.762478333E0,1.563648376E0
1.726834475E1,6.934779053E0,-8.680149536E0,1.662143555E0
1.766990100E1,5.910309448E0,-1.027792694E1,9.569599915E-1
1.807142100E1,7.992778931E0,-8.234825592E0,6.520440674E-1
1.847291000E1,6.845115509E0,-1.284074753E1,3.459755402E0
1.887442279E1,9.534722443E0,-7.964338074E0,-6.819818115E-1
1.927597379E1,7.992180176E0,-9.374705200E0,9.008267212E-1
1.967752775E1,4.479584656E0,-7.234605560E0,-1.902543640E-1
2.007904775E1,1.079764618E1,-1.124341919E1,1.741478577E0
2.048062775E1,6.356531525E0,-8.093669128E0,1.436412964E0
2.088214179E1,9.572444000E0,-1.087503525E1,2.650238800E0
2.128372279E1,7.073241119E0,-5.711971893E0,3.355272675E0
2.168530667E1,9.109905853E0,-6.231242065E0,2.040257263E-1
2.208688767E1,5.146747284E0,-6.021827545E0,3.094065857E-1
2.248843767E1,8.956025848E0,-7.144942017E0,1.717977448E0
2.288999525E1,1.181567917E1,-7.932005310E0,1.028511200E0
2.329151525E1,5.652545471E0,-5.598956909E0,1.084644470E0
2.369306350E1,6.325545959E0,-8.361013184E0,1.591340790E0
2.409464450E1,6.914122009E0,-8.072113953E0,5.269042969E-2
2.449619450E1,4.564158783E0,-1.129925308E1,1.958078156E0
2.489772912E1,8.335266724E0,-9.497749329E0,1.953737183E0
2.529927912E1,8.088879089E0,-8.880283356E0,1.084345093E0
2.570082913E1,4.518803101E0,-9.598190460E0,1.884431305E0
2.610238012E1,1.070918015E1,-8.980275421E0,2.224973145E0
2.650393012E1,5.541476440E0,-8.349636841E0,2.498903503E0
2.690551317E1,5.748945007E0,-7.756420441E0,1.410067749E-1
2.730706317E1,7.714657288E0,-9.993518372E0,9.373507690E-1
2.770857312E1,6.224057007E0,-9.223369904E0,2.599194946E0
2.811012312E1,5.664520569E0,-8.936716003E0,4.216731262E-1
2.851161212E1,7.817343750E0,-7.965385895E0,-6.685098267E-1
2.891315575E1,3.813918915E0,-6.047124939E0,7.619155884E-2
2.931464475E1,7.784861298E0,-9.467063141E0,2.804418182E0
2.971619850E1,7.493567047E0,-7.591463470E0,1.363963623E0
3.011771850E1,7.411387939E0,-1.146630569E1,-1.945953369E-3
3.051923850E1,4.619393921E0,-1.069031937E1,1.863175507E0
3.092075242E1,4.125121765E0,-7.313491516E0,2.066303101E0
3.132227242E1,6.566245422E0,-8.386310577E0,3.405418396E-1
3.172383317E1,4.790188751E0,-1.323906921E1,1.867217102E0
3.212538317E1,9.007069702E0,-6.049070892E0,-1.863624573E-1
3.252696417E1,5.722001038E0,-8.810977478E0,-2.784210205E-2
3.292848637E1,5.893095245E0,-1.224453735E1,8.372090149E-1
3.333009838E1,7.907755737E0,-6.897955627E0,-7.373666382E-1
3.373163987E1,5.965843964E0,-8.215515747E0,1.788181458E0
3.413318987E1,3.432512054E0,-1.033136581E1,-1.568737793E-1
3.453470987E1,8.048014069E0,-5.754782867E0,1.747915192E0
3.493626212E1,6.480922852E0,-1.177750854E1,2.634521484E0
3.533781312E1,5.418282623E0,-8.120463409E0,9.648934937E-1
3.573927667E1,7.749684448E0,-7.238796844E0,4.864883423E-1
3.614073567E1,6.124963074E0,-4.860991516E0,-1.511856079E0
3.654228567E1,4.222269745E0,-6.652166748E0,1.330732727E-1
3.694377775E1,9.127868500E0,-9.408834229E0,3.629951477E-1
3.734529675E1,5.491181030E0,-8.490344238E0,1.309327240E0
3.774681887E1,7.244335327E0,-1.066502197E1,2.901715851E0
3.814839987E1,6.981182556E0,-6.841822357E0,2.493065643E0
3.855004188E1,6.520889740E0,-9.825717316E0,1.089135132E0
3.895167663E1,5.864205322E0,-9.010961609E0,1.271905060E0
3.935331862E1,9.688303070E0,-1.124820923E1,-2.094145203E-1
3.975493054E1,7.460485840E0,-9.697583771E0,1.064885559E0
4.015654154E1,4.980592804E0,-8.857979736E0,4.625381470E-2
4.055806154E1,7.815996552E0,-8.642427979E0,2.379601593E0
4.095954650E1,6.040987701E0,-1.276784912E1,2.583627319E0
4.136097550E1,5.716312866E0,-1.032732422E1,1.144220581E0
4.176250367E1,7.172933807E0,-9.479038239E0,3.201841736E-1
4.216405467E1,1.291963348E0,-1.023287064E1,1.880689087E0
4.256560467E1,1.213870743E1,-1.096290253E1,1.394799500E0
4.296715025E1,5.699398041E0,-9.266330566E0,1.344504089E0
4.336870025E1,4.294270020E0,-7.328909454E0,-1.510359192E-1
4.377026254E1,7.279212799E0,-1.003438339E1,7.788304138E-1
4.417181354E1,5.260660400E0,-7.207062836E0,-1.310524750E0
4.457336354E1,6.731950836E0,-1.001776794E1,6.691085815E-1
4.497488750E1,4.363126831E0,-7.373067627E0,2.689157867E0
4.537643750E1,1.015548157E1,-8.481512604E0,-9.355545044E-2
4.577795017E1,2.924169159E0,-5.611680450E0,-1.623074799E0
4.617950017E1,7.664511566E0,-1.013377670E1,4.752916260E0
4.658105017E1,8.032596130E0,-9.070837097E0,4.435276794E-1
4.698260050E1,6.500532074E0,-8.161029053E0,7.267387390E-1
4.738411950E1,5.376220093E0,-8.184081116E0,-2.514770508E-1
4.778564950E1,9.396859131E0,-8.138875122E0,1.267414398E0
4.818719950E1,1.860331421E0,-1.212373856E1,1.216220856E0
4.858875050E1,1.172391998E1,-1.037761963E1,1.552571411E0
4.899028313E1,6.403833160E0,-1.009021729E1,2.197131042E0
4.939183313E1,5.612877960E0,-9.937235413E0,7.933502197E-2
4.979338217E1,7.036118317E0,-7.676486664E0,-4.031117249E-1
5.019493217E1,3.473676453E0,-1.229198868E1,1.419797516E0
5.059645217E1,5.738466797E0,-8.076305237E0,1.011446686E0
5.099795550E1,8.267008667E0,-1.038465500E1,1.032852173E-1
5.139950550E1,4.500241699E0,-5.167554016E0,-1.524429932E0
5.180106542E1,5.506149902E0,-7.694898376E0,1.422641602E0
5.220264542E1,9.789043579E0,-8.815767517E0,1.836231537E0
5.260422642E1,3.914210358E0,-6.240822144E0,-1.152603149E0
5.300576237E1,4.625830536E0,-6.420298920E0,3.784130859E-1
5.340731337E1,9.766590271E0,-1.241967316E1,1.654808807E0
5.380893604E1,5.794450378E-1,-1.340417587E1,1.594184875E0
5.421045604E1,5.846242676E0,-7.889493713E0,6.246510315E-1
5.461197604E1,7.922574921E0,-1.031669632E1,3.365601196E0
5.501353512E1,4.174369354E0,-1.092173813E1,3.637435913E-1
5.541508613E1,9.308393097E0,-9.166188812E0,1.066382446E0
5.581669125E1,5.204527130E0,-1.230950226E1,2.109114075E0
5.621821025E1,8.282426605E0,-8.898994446E0,-1.975891113E-1
5.661974475E1,8.905431061E0,-9.136700134E0,1.243763580E0
5.702129475E1,4.595443726E-1,-1.070079758E1,2.193388824E0
5.742287575E1,9.741891632E0,-9.540859680E0,7.514373779E-1
5.782446638E1,6.971003723E0,-9.439520416E0,1.534758453E0
5.822601637E1,8.093369751E0,-9.231153717E0,1.000519409E0
5.862759363E1,6.231990509E0,-5.408103790E0,1.497485962E0
5.902917363E1,1.067400330E1,-1.116617981E1,1.197509766E0
5.943078563E1,6.171965332E0,-4.792284393E0,-1.715133362E0
5.983231675E1,7.830216980E0,-8.883875885E0,9.623487854E-1
6.023383675E1,9.569300537E0,-9.199868774E0,1.742376709E-1
6.063537825E1,5.538332977E0,-7.031477966E0,9.249266052E-1
6.103686725E1,5.624403992E0,-7.295977936E0,-1.633103943E-1
6.143838725E1,7.783514099E0,-6.633455658E0,2.090702362E0
6.183985813E1,5.347629547E0,-1.396071854E1,3.218307495E-2
6.224134712E1,8.796008606E0,-7.919581146E0,5.357359314E-1
6.264284350E1,7.543413391E0,-9.529633026E0,3.195854187E-1
6.304433350E1,2.806962891E0,-9.837842102E0,6.258485413E-1
6.344585250E1,7.207960968E0,-8.838819580E0,1.900447998E0
6.384738417E1,8.093220062E0,-1.490749969E1,1.866318970E0
6.424890417E1,5.152136078E0,-8.632249146E0,9.882449341E-1
6.465038375E1,8.104446716E0,-8.336613922E0,-6.273454285E-1
6.505181175E1,3.241209869E0,-9.538764038E0,4.966671753E-1
6.545324075E1,7.456294556E0,-6.358178101E0,2.677781525E0
6.585467525E1,8.876690826E0,-1.023331970E1,-2.636018372E-1
6.625610325E1,3.175646210E0,-7.709268494E0,-2.239343262E-1
6.665745062E1,5.998775482E0,-6.631958771E0,2.857857056E0
6.705884862E1,8.056845703E0,-1.169772446E1,2.005828857E-1
6.746027663E1,9.525441742E0,-1.380025223E1,7.036866760E-1
6.786172562E1,6.869963837E0,-5.437891846E0,-1.017733612E0
6.826318463E1,7.516469421E0,-9.570797424E0,1.122815094E0
6.866459612E1,3.633993073E0,-1.061966629E1,1.801354065E0
6.906602513E1,1.021820114E1,-8.401878204E0,1.379381561E0
6.946745312E1,6.426585846E0,-7.741900635E0,1.710043945E0
6.986887413E1,2.739752655E0,-7.194189606E0,1.403780823E0
7.027027213E1,8.582103424E0,-1.059287201E1,5.523513794E-2
7.067170900E1,6.259982300E0,-7.452851715E0,1.861828308E0
7.107316800E1,5.229225769E0,-6.616091766E0,-5.040019226E-1
7.147465700E1,7.635172577E0,-7.712411957E0,-3.363505554E-1
7.187615813E1,-4.634362793E-1,-9.695637817E0,1.416204987E0
7.227755613E1,7.100634155E0,-6.927444305E0,-5.842350769E-1
7.267893162E1,6.651118927E0,-9.651928711E0,6.938072205E-1
7.308032863E1,4.326902161E0,-8.922046509E0,-5.773493958E-1
7.348172662E1,4.333937531E0,-6.504423981E0,1.862127686E0
7.388314613E1,7.605234833E0,-5.569318542E0,1.571282501E0
7.428457412E1,5.054988098E0,-5.315296783E0,-1.791175232E0
7.468602575E1,4.361629944E0,-6.480922852E0,4.367916870E-1
7.508742275E1,7.773035889E0,-4.575235748E0,8.918453979E-1
7.548885175E1,6.960824890E0,-1.327125229E1,-6.087840271E-1
7.589028742E1,6.728657684E0,-8.700656891E0,1.218615875E0
7.629174642E1,8.143216095E0,-9.301507416E0,1.112187195E0
7.669315975E1,2.531236267E0,-9.787546692E0,1.137035522E0
7.709464875E1,1.249691254E1,-9.578132172E0,3.319347382E0
7.749607675E1,6.075715485E0,-8.394842834E0,1.292412415E0
7.789754175E1,4.962630157E0,-6.806196442E0,6.367758179E-1
7.829903075E1,7.287745056E0,-8.060138855E0,2.722837830E-1
7.870049738E1,7.456444244E0,-1.194875244E1,2.040257263E0
7.910195638E1,5.793103180E0,-7.014263763E0,8.068222046E-1
7.950344537E1,6.850803680E0,-7.435188446E0,1.456920319E0
7.990493962E1,6.652316437E0,-1.269719604E1,-5.535488892E-1
8.030642863E1,5.458997955E0,-7.426506500E0,1.162332916E0
8.070793638E1,1.019694534E1,-1.083716400E1,-1.334175568E0
8.110939538E1,3.459905090E0,-5.987548828E0,-7.500901794E-1
8.151085437E1,7.816595306E0,-7.865393829E0,9.160949707E-2
8.191230625E1,1.184247345E1,-9.349108429E0,3.263214111E-1
8.231376425E1,4.392016754E0,-7.083719330E0,3.573069763E-1
8.271526979E1,6.230493622E0,-7.646399231E0,1.761836243E-1
8.311672879E1,7.477250977E0,-9.242380371E0,-8.146060181E-1
8.351818779E1,1.058149567E0,-1.096320190E1,5.418731689E-2
8.391969638E1,7.915988617E0,-8.978179779E0,8.662486267E-1
8.432118537E1,8.297994232E0,-1.200698135E1,1.850451965E0
8.472266242E1,1.561403046E0,-1.264480499E1,2.031425629E0
8.512415242E1,1.121018829E1,-1.208661575E1,5.242098999E-1
8.552561042E1,7.192543030E0,-1.294388306E1,2.536325684E0
8.592711587E1,3.432212677E0,-7.849826202E0,1.100212097E-1
8.632860488E1,6.495442657E0,-7.475155334E0,-8.077203369E-1
8.673009662E1,-1.544188843E0,-1.379830627E1,3.140469360E0
8.713161662E1,8.159382477E0,-9.349707184E0,6.512956238E-1
8.753313662E1,7.007378082E0,-1.064870590E1,1.073567505E0
8.793463779E1,4.975653076E0,-6.347550201E0,9.684860229E-2
8.833612779E1,4.105512543E0,-6.325845337E0,3.399131470E0
8.873764187E1,9.138496399E0,-4.806504822E0,2.053878937E0
8.913913088E1,3.873644714E0,-6.006559296E0,-8.807684326E-1
8.954065088E1,4.550537109E0,-6.990463257E0,1.730850677E0
8.994214900E1,6.120622101E0,-7.540868683E0,-5.430706787E-1
9.034360800E1,2.575244751E0,-1.252206024E1,1.158740387E0
9.074510825E1,8.385861511E0,-9.749974823E0,2.963237915E0
9.114662825E1,8.525670776E0,-1.160836029E1,1.852996674E0
9.154811725E1,4.001927948E0,-1.018871246E1,9.565109253E-1
9.194961425E1,8.581055603E0,-8.172555084E0,1.224902802E0
9.235110325E1,4.173321533E0,-8.828191681E0,1.647174683E0
9.275263150E1,4.649032288E0,-8.783285065E0,1.211730194E0
9.315415050E1,7.532336426E0,-7.459288330E0,-8.074209595E-1
9.355567050E1,5.908363495E0,-1.238838821E1,1.556313629E0
9.395717212E1,1.317500244E1,-1.042626846E1,5.888754272E-1
9.435869213E1,9.067843323E0,-1.037447617E1,2.328707428E0
9.476022229E1,7.872728577E0,-9.568252716E0,1.881437531E0
9.516174129E1,5.649402008E0,-5.185816040E0,1.112336884E0
9.556329229E1,1.100810852E1,-6.965315552E0,-6.218069458E-1
9.596484229E1,4.345613251E0,-6.007457428E0,-1.191222839E0
9.636633129E1,4.005071411E0,-7.344028015E0,1.708996124E0
9.676787350E1,9.076076202E0,-6.485563202E0,1.933828583E0
9.716942450E1,5.076094208E0,-1.173439819E1,6.993457031E-1
9.757094350E1,6.033652954E0,-6.735693054E0,1.015787659E0
9.797250063E1,8.965007172E0,-9.894723816E0,2.061662750E0
9.837402063E1,5.290897522E0,-9.931247864E0,6.194119263E-1
9.877557400E1,9.142388306E0,-1.050021469E1,1.420246582E0
9.917709400E1,4.728666687E0,-8.198750610E0,1.866468658E0
9.957861300E1,6.215375061E0,-8.015531616E0,-8.518785095E-1
9.998020429E1,7.762707367E0,-8.064479828E0,-3.327580261E-1
1.003817853E2,5.130730591E0,-1.300974609E1,1.136736145E0
1.007833711E2,8.796906738E0,-1.068283493E1,1.620380402E0
1.011849211E2,6.964417419E0,-8.925339661E0,1.075064392E0
1.015865021E2,2.638263702E0,-9.068591766E0,1.224004669E0
1.019880920E2,8.711135101E0,-9.407187653E0,1.727707214E0
1.023896730E2,5.301226044E0,-1.205592957E1,1.731299744E0
1.027911843E2,4.769382019E0,-6.923402710E0,-2.782713318E-1
1.031927653E2,4.465064850E0,-7.230264587E0,3.559597778E0
1.035943153E2,8.527167664E0,-8.603359222E0,-4.367916870E-1
1.039959042E2,2.614163818E0,-7.768694916E0,3.261717224E-1
1.043975152E2,5.368885345E0,-6.959178314E0,1.390907593E0
1.047991091E2,8.218958588E0,-1.110046646E1,1.225351868E0
1.052006901E2,4.192631378E0,-1.056772430E1,1.596430206E0
1.056022711E2,8.696914673E0,-1.048000671E1,1.195863190E0
1.060038818E2,4.077670441E0,-8.096812592E0,1.203796692E0
1.064054318E2,6.087391205E0,-9.264983368E0,7.830216980E-1
1.068069652E2,6.904092865E0,-8.899593201E0,9.779164124E-1
1.072085163E2,5.536536713E0,-1.386431900E1,1.135239258E0
1.076100662E2,1.190010361E1,-9.592651978E0,1.788780212E-1
1.080115659E2,6.784192200E0,-1.099044525E1,2.677332458E0
1.084130859E2,4.993915100E0,-8.901539154E0,1.543141022E0
1.088146110E2,7.997269592E0,-1.004186783E1,2.725382538E0
1.092161000E2,4.613256683E0,-6.208190002E0,-2.221380615E-1
1.096175890E2,5.761369171E0,-6.773564301E0,-8.068222046E-2
1.100190423E2,7.946525116E0,-8.293802948E0,2.323618011E0
1.104205312E2,7.219487000E0,-1.167691772E1,2.000290375E0
1.108219804E2,6.921756134E0,-1.023197250E1,9.630972290E-1
1.112234394E2,5.470973053E0,-7.513924713E0,3.412304077E0
1.116249284E2,7.681276703E0,-9.134754181E0,-3.546125793E-1
1.120263553E2,6.888225861E0,-1.250903732E1,2.499651947E0
1.124278143E2,7.130272522E0,-8.193960571E0,2.065704346E-2
1.128292787E2,6.404132538E0,-9.497300262E0,2.128274231E0
1.132307377E2,5.055736542E0,-1.261860947E1,3.172951813E0
1.136322267E2,7.663463745E0,-1.054946228E1,1.336121521E0
1.140336697E2,5.040617981E0,-8.024063873E0,1.486708374E0
1.144351277E2,5.783672791E0,-9.596394196E0,1.434916077E0
1.148366392E2,9.031169586E0,-1.149309998E1,2.430944824E0
1.152380972E2,4.362677765E0,-7.097790070E0,1.447938995E0
1.156396783E2,5.254972229E0,-7.018455048E0,6.771917725E-1
1.160412334E2,7.417076111E0,-7.423662415E0,-4.466711426E-1
1.164428144E2,4.020189972E0,-6.762337646E0,1.290915527E0
1.168443429E2,6.368806000E0,-7.373816071E0,7.665559387E-1
1.172458939E2,8.314609680E0,-7.885152740E0,7.819738770E-1
1.176474139E2,5.427713013E0,-5.042563934E0,5.953120422E-1
1.180489676E2,8.228239288E0,-8.634195099E0,1.668879547E0
1.184504566E2,6.133195953E0,-6.953789520E0,1.352587280E0
1.188518960E2,7.805967407E0,-1.124850861E1,5.912704468E-1
1.192533550E2,4.766837311E0,-9.929451599E0,3.472778320E-2
1.196548440E2,5.290149078E0,-7.154372406E0,2.576442261E0
1.200562940E2,7.710615692E0,-8.255632324E0,-9.261241150E-1
1.204576610E2,2.565065918E0,-9.407187653E0,-1.468446350E-1
1.208591015E2,1.215442474E1,-7.588170319E0,3.591032410E-1
1.212605305E2,6.914571075E0,-9.848470001E0,2.204465790E0
1.216619275E2,7.806416473E0,-1.413106430E1,2.385888519E0
1.220632975E2,6.743626556E0,-7.874674530E0,1.470541992E0
1.224647255E2,7.222181396E0,-7.786807251E0,2.666704559E0
1.228661697E2,3.337609406E0,-8.087082825E0,3.445834351E-1
1.232675977E2,9.759704590E0,-9.891879730E0,2.269281006E0
1.236689947E2,6.238277435E0,-7.418123932E0,1.148112488E0
1.240703971E2,4.624932404E0,-7.020999756E0,2.182461548E-1
1.244717951E2,7.325316925E0,-1.093027039E1,3.538641357E-1
1.248732166E2,4.935686188E0,-5.087171173E0,5.583389282E-2
1.252746446E2,7.354506226E0,-1.394784531E1,3.664529572E0
1.256760736E2,6.081253967E0,-7.062313843E0,1.833686829E0
1.260775140E2,7.418722687E0,-1.120240448E1,1.380279694E0
1.264789430E2,5.765111389E0,-9.823771362E0,5.373825073E-1
1.268803974E2,5.860912170E0,-7.133266296E0,2.587668915E0
1.272817944E2,7.606432343E0,-1.000399658E1,-2.649490356E-2
1.276832234E2,6.921157379E0,-1.525417877E1,2.217039642E0
1.280846997E2,7.213050385E0,-6.715185699E0,-7.274871826E-2
1.284861277E2,8.388406219E0,-9.250313873E0,1.435065765E0
1.288875311E2,5.659730530E0,-9.629774780E0,2.334844666E0
1.292889291E2,9.976603546E0,-9.603279877E0,1.289568329E0
1.296903199E2,5.900130615E0,-8.318651276E0,2.094145203E0
1.300916869E2,6.981931000E0,-9.694440308E0,2.156116333E0
1.304931159E2,7.887398071E0,-8.681347046E0,5.957611084E-1
1.308944980E2,5.777535553E0,-1.075303894E1,2.323468323E0
1.312959270E2,5.119803314E0,-1.100795883E1,1.209335175E0
1.316973644E2,6.401438141E0,-1.063867676E1,8.827143860E-1
1.320987924E2,2.168839874E0,-1.134790192E1,1.289268951E0
1.325001904E2,8.122858429E0,-8.454418945E0,8.056246948E-1
1.329016753E2,5.318739624E0,-1.036534515E1,1.291065216E0
1.333031033E2,5.381309509E0,-5.746549988E0,-1.493444366E0
1.337045805E2,4.174818420E0,-7.463629303E0,1.548080750E0
1.341060395E2,1.039049286E1,-1.083896027E1,1.012045441E0
1.345074975E2,4.280798035E0,-6.596332855E0,-1.948498077E0
1.349089855E2,7.445816345E0,-8.017028503E0,8.446934509E-1
1.353104435E2,1.110839996E1,-1.277473480E1,1.849853210E0
1.357119031E2,3.377875671E0,-7.974965973E0,2.032772827E-1
1.361133921E2,8.246651001E0,-8.513396301E0,3.170556793E0
1.365148511E2,9.145681458E0,-9.557475128E0,1.400188293E0
1.369163247E2,5.185816040E0,-1.112396759E1,2.294129333E0
1.373177837E2,7.161707153E0,-7.178771667E0,2.963836670E-1
1.377192429E2,7.561376038E0,-8.794661407E0,2.212249603E0
1.381207319E2,3.227737885E0,-7.163802795E0,1.486408997E0
1.385222209E2,9.508526917E0,-8.214318237E0,2.163002014E-1
1.389237234E2,4.761448517E0,-7.306755524E0,1.654060364E0
1.393252434E2,5.138664093E0,-6.299500122E0,-9.011260986E-2
1.397267741E2,7.474706268E0,-6.591842194E0,1.897304535E0
1.401282941E2,6.339616699E0,-4.753814392E0,-1.215622101E0
1.405298131E2,4.801265717E0,-5.829327850E0,3.685336304E-1
1.409314064E2,7.423213348E0,-6.743177490E0,9.569599915E-1
1.413329264E2,7.048243103E0,-8.808432770E0,1.026415558E0
1.417344169E2,8.554710388E0,-1.268881348E1,3.467389526E0
1.421359669E2,7.872429199E0,-8.142317963E0,1.180445251E0
1.425374569E2,5.157674561E0,-1.039722885E1,1.450483704E-1
1.429388875E2,6.406677246E0,-1.117336487E1,2.351909180E0
1.433403165E2,9.689650269E0,-8.817713470E0,2.122735748E0
1.437418612E2,4.552333374E0,-7.664511566E0,1.719174957E0
1.441433812E2,6.956184540E0,-8.661588135E0,1.086889801E0
1.445448702E2,1.025218048E1,-9.929301910E0,1.112486572E0
1.449463687E2,5.568270721E0,-8.236023102E0,1.734293518E0
1.453478587E2,5.970933380E0,-7.968978424E0,8.354127502E-1
1.457493895E2,8.319848785E0,-6.993756409E0,4.975653076E-1
1.461508485E2,6.457870789E0,-1.250319946E1,2.610870667E0
1.465523375E2,6.170917511E0,-8.774303741E0,1.377734985E0
1.469539235E2,7.283703461E0,-8.013286285E0,1.498384094E0
1.473554735E2,6.069428558E0,-1.105975113E1,1.395847321E0
1.477570161E2,7.114704895E0,-6.938371582E0,1.325493622E0
1.481585051E2,7.829318848E0,-9.718540192E0,1.386566620E0
1.485600551E2,5.526357880E0,-6.924899597E0,8.571176147E-1
1.489615877E2,5.282814331E0,-7.959398346E0,1.784289551E0
1.493631377E2,1.074735077E1,-7.577692108E0,1.710493011E0
1.497646918E2,4.426445160E0,-6.082002411E0,-5.751040649E-1
1.501662118E2,4.042044525E0,-5.801186371E0,2.088307343E0
1.505677928E2,9.257947998E0,-9.913434906E0,7.554789734E-1
1.509693262E2,4.221521301E0,-1.204096069E1,2.589614868E-1
1.513708772E2,1.081351318E1,-9.351952515E0,2.887046356E0
1.517723816E2,5.974376221E0,-1.211610443E1,1.589694214E0
1.521739316E2,7.350913696E0,-1.019335281E1,3.417094116E0
1.525754816E2,8.037685547E0,-7.581883392E0,4.444258118E-1
1.529770209E2,4.437821503E0,-8.500672760E0,7.556286621E-1
1.533785409E2,1.485570740E1,-1.177496384E1,1.397194519E0
1.537800696E2,7.028633881E0,-8.635542297E0,2.677631836E0
1.541816196E2,3.049159241E0,-5.688919830E0,8.030799866E-1
1.545831706E2,6.132297821E0,-6.873107300E0,5.554948425E-1
1.549847205E2,3.831731873E0,-4.286785583E0,-6.397695923E-1
1.553862705E2,1.854343872E0,-6.589147797E0,2.521805878E0
1.557878024E2,7.267387390E0,-9.491312714E0,1.746717682E0
1.561893224E2,4.961582336E0,-7.884853363E0,1.195414124E0
1.565908724E2,8.258177032E0,-8.584199066E0,2.824326782E0
1.569923976E2,8.384813690E0,-7.350464630E0,2.862796783E0
1.573939476E2,4.695735168E0,-9.141190796E0,1.097966766E0
1.577954912E2,9.381141815E0,-1.254690857E1,2.725981293E0
1.581970423E2,1.050904633E1,-1.106918152E1,2.547702026E-1
1.585986533E2,5.324278107E0,-7.112609253E0,2.114203491E0
1.590002513E2,6.495442657E0,-7.943531342E0,7.604187012E-2
1.594019243E2,8.993448029E0,-1.048404831E1,2.235750732E0
1.598035747E2,6.205196228E0,-1.042866348E1,2.815794525E0
1.602051857E2,5.373226318E0,-8.572822723E0,1.075812836E0
1.606068278E2,6.655759277E0,-7.888745270E0,6.554869080E-1
1.610083879E2,5.570366364E0,-1.418420380E1,1.772913208E0
1.614099389E2,1.026250900E1,-9.261091461E0,1.489402771E-1
1.618115290E2,7.536976776E0,-9.759854279E0,3.595373383E0
1.622130790E2,3.653153229E0,-8.960965576E0,2.487527161E0
1.626146290E2,7.224875793E0,-9.137298889E0,1.470541992E0
1.630162530E2,5.915847931E0,-9.563762054E0,1.632355499E0
1.634178330E2,6.022126923E0,-6.049070892E0,5.316943359E-1
1.638193534E2,5.554798737E0,-7.400460663E0,1.506916351E0
1.642209034E2,8.093968506E0,-5.747448120E0,1.334325256E0
1.646224844E2,4.017046509E0,-4.624782715E0,-1.608704681E0
1.650240734E2,5.782924347E0,-8.634644165E0,2.602039032E0
1.654256844E2,7.923922119E0,-6.640640717E0,2.149979095E0
1.658272987E2,5.260211334E0,-9.914183350E0,1.328487396E0
1.662289107E2,4.470004578E0,-7.051835632E0,1.531016235E0
1.666304607E2,6.593488770E0,-5.818699951E0,2.125280457E0
1.670320677E2,6.840475159E0,-1.314880692E1,2.024090881E0
1.674336787E2,1.344818436E1,-5.253924408E0,1.922901306E0
1.678352735E2,8.486452332E0,-7.919880524E0,1.896556091E-1
1.682367935E2,3.834426270E0,-7.744445343E0,-1.330133972E0
1.686383435E2,1.166030228E1,-8.697064362E0,2.588417358E0
1.690398364E2,6.399192810E0,-5.778283997E0,9.512718201E-1
1.694413864E2,1.919757843E0,-6.857839050E0,2.679428101E-2
1.698429557E2,1.130194748E1,-1.133293304E1,1.231938171E0
1.702445057E2,6.037245483E0,-6.659351807E0,1.339264984E0
1.706460867E2,8.113877106E0,-1.019455032E1,8.138575745E-1
1.710476439E2,7.139852600E0,-7.256759491E0,2.474953308E0
1.714492249E2,7.957452393E0,-7.216193848E0,-4.721182251E-1
1.718507981E2,4.255500641E0,-5.479355621E0,2.002835083E-1
1.722523791E2,4.846471710E0,-7.483388214E0,2.049837341E0
1.726539291E2,1.065708847E1,-1.352272934E1,2.420765991E0
1.730554897E2,3.782184906E0,-7.135062561E0,1.278491364E0
1.734570697E2,6.314169617E0,-9.303453369E0,2.512375488E0
1.738586498E2,7.849826202E0,-1.223375977E1,1.417701874E0
1.742602917E2,4.856351166E0,-1.113384705E1,1.608704681E0
1.746619338E2,5.054539032E0,-6.893764343E0,6.722520447E-1
1.750634774E2,5.808521118E0,-8.134534149E0,1.591490479E0
1.754650894E2,6.898853760E0,-1.235695358E1,1.746717682E0
1.758666789E2,6.324647827E0,-7.182663574E0,1.050515442E0
1.762682599E2,6.930887146E0,-8.057893524E0,1.156045990E0
1.766698099E2,2.286195831E0,-1.421429123E1,1.258882141E0
1.770714137E2,7.217840424E0,-8.744964752E0,-2.350112915E-1
1.774730247E2,7.017856293E0,-9.236243134E0,1.894909515E0
1.778746424E2,3.484603729E0,-8.412805481E0,1.274300079E0
1.782762544E2,9.023086395E0,-1.006596771E1,-2.517764282E-1
1.786778044E2,6.183341675E0,-7.999814301E0,1.000519409E0
1.790793474E2,5.329217834E0,-7.748936005E0,6.870712280E-2
1.794808984E2,3.065175934E0,-6.337371368E0,1.771116943E0
1.798824804E2,7.515870667E0,-6.652017059E0,1.264869690E-1
1.802840314E2,3.331322479E0,-6.575226746E0,-7.656578064E-1
1.806856424E2,4.219275970E0,-5.888155518E0,1.314266968E0
1.810872532E2,7.106472015E0,-6.805148621E0,1.433868256E0
1.814888042E2,6.190227356E0,-1.132664612E1,1.466799774E0
1.818903955E2,5.011728058E0,-6.683751068E0,1.321452026E0
1.822919755E2,7.136709137E0,-5.839656372E0,1.107097778E0
1.826935565E2,6.351442108E0,-1.124955643E1,1.517843628E0
1.830951364E2,5.752537537E0,-7.791148224E0,1.506766663E0
1.834966864E2,5.683081970E0,-6.657555542E0,1.201401672E0
1.838982324E2,5.184768219E0,-1.180505127E1,8.068222046E-1
1.842997824E2,1.167392395E1,-7.878566437E0,3.389850769E0
1.847013324E2,8.268056488E0,-8.646469574E0,1.536255341E0
1.851029444E2,5.235363007E0,-6.778504028E0,6.718029785E-1
1.855045254E2,9.728868713E0,-8.716374207E0,2.136656799E0
1.859061074E2,4.802014160E0,-6.915918274E0,1.056203613E0
1.863076884E2,5.367837524E0,-5.539680176E0,1.160985718E0
1.867092384E2,6.682403870E0,-7.607330475E0,1.294058990E0
1.871107851E2,6.926995239E0,-9.786349182E0,2.035616913E0
1.875123361E2,7.767048340E0,-1.103160965E1,1.789378967E0
1.879138611E2,5.433550873E0,-6.990163879E0,1.679956512E0
1.883154111E2,7.000342712E0,-7.890541534E0,2.467169495E0
1.887169621E2,6.713988190E0,-5.358257446E0,-1.130149841E-1
1.891185567E2,6.401438141E0,-6.801556091E0,5.807922363E-1
1.895201078E2,7.471862183E0,-1.070139633E1,4.031865692E0
1.899216738E2,4.754712524E0,-5.546116791E0,3.167413330E-1
1.903232538E2,6.889123993E0,-6.976991272E0,8.580157471E-1
1.907248658E2,1.164862656E1,-1.116677856E1,5.617967377E0
1.911265002E2,7.079528046E0,-3.234473877E0,5.252128143E0
1.915281112E2,5.164260864E-1,4.025429077E0,6.154900818E0
1.919297633E2,-1.161734161E0,5.804629211E0,8.785081329E0
1.923313443E2,-2.707868958E-1,6.647376709E0,8.705746307E0
1.927329242E2,3.504212952E-1,3.964805145E0,5.401667175E0
1.931345490E2,1.810485077E0,2.643353119E0,9.488618317E0
1.935361910E2,1.196237411E1,-1.235126541E1,2.516566772E0
1.939377821E2,4.830904083E0,-7.633376312E0,6.394702148E-1
1.943393931E2,9.094338226E0,-7.749534760E0,-1.775308228E-1
1.947410051E2,3.191213837E0,-5.776038666E0,-1.337917786E0
1.951426320E2,6.495292969E0,-7.178621979E0,6.571334839E-1
1.955442130E2,7.870034180E0,-9.099727020E0,2.057321777E0
1.959458036E2,6.582411804E0,-8.419990540E0,2.080673218E-2
1.963474456E2,9.701625366E0,-1.072684341E1,2.683469696E0
1.967490566E2,8.078550568E0,-9.202114105E0,1.391506348E0
1.971506751E2,4.614454193E0,-8.732540588E0,2.747985535E0
1.975522871E2,5.117557983E0,-1.064077240E1,2.160008240E0
1.979538977E2,8.850794678E0,-9.438472595E0,3.635190582E0
1.983554787E2,4.156107330E0,-6.746171265E0,7.523355103E-1
1.987570905E2,5.760920105E0,-7.745193787E0,-6.581813049E-1
1.991586105E2,8.066725159E0,-1.034199371E1,1.402583313E-1
1.995602215E2,5.625302124E0,-9.413923645E0,2.734363861E0
1.999618459E2,6.400090942E0,-8.490344238E0,9.849517822E-1
2.003634879E2,5.700445862E0,-8.245603180E0,1.037492523E0
2.007651250E2,5.277874603E0,-1.428150146E1,3.244353333E0
2.011667670E2,8.425229645E0,-9.623487854E0,1.465153198E0
2.015683780E2,6.135890350E0,-1.012614258E1,1.888921967E0
2.019699596E2,6.468199310E0,-6.248156891E0,-3.882925415E-1
2.023715706E2,1.992955627E0,-7.438780975E0,9.762698364E-1
2.027731380E2,5.161117401E0,-7.296876068E0,6.959028625E-1
2.031747180E2,6.027366028E0,-1.251547394E1,1.473386078E0
2.035763300E2,7.215894470E0,-8.230484619E0,3.531156921E-1
2.039779510E2,4.634362793E0,-7.249424744E0,3.126697998E0
2.043795920E2,9.239386597E0,-6.820117493E0,-5.342390442E-1
2.047812109E2,2.866838379E0,-5.814059601E0,-4.610412598E-1
2.051828529E2,7.321275330E0,-8.359815674E0,1.534159698E0
2.055844639E2,7.528893585E0,-7.674989777E0,1.266815643E0
2.059860885E2,5.107678528E0,-1.260019775E1,2.788700867E0
2.063877005E2,9.404044189E0,-9.735305328E0,2.570005646E0
2.067892661E2,6.972201233E0,-9.755064240E0,1.322799225E0
2.071908781E2,3.814218292E0,-1.160431870E1,1.785636749E0
2.075924281E2,1.039288788E1,-1.107412125E1,1.638492737E0
2.079940049E2,6.170019379E0,-8.900641022E0,2.708767090E0
2.083955859E2,5.310806122E0,-8.984766083E0,9.985734558E-1
2.087971599E2,9.080566864E0,-1.028271698E1,1.309626617E0
2.091987409E2,5.907615051E0,-8.242759094E0,2.182760925E0
2.096003219E2,3.677402802E0,-6.451134796E0,1.639091492E-1
2.100019080E2,7.586823120E0,-1.005040009E1,1.855840759E0
2.104034580E2,3.994443512E0,-5.407205658E0,1.173559570E-1
2.108050436E2,8.317453766E0,-1.023586441E1,3.309018860E0
2.112065936E2,7.727231140E0,-8.311765594E0,1.563498688E0
2.116081746E2,6.014193420E0,-1.115630035E1,1.313219147E0
2.120097661E2,4.937781830E0,-5.575605469E0,9.729766846E-3
2.124113471E2,3.963757324E0,-6.306984558E0,2.250719604E0
2.128129071E2,8.113128662E0,-7.376360779E0,2.296823730E0
2.132144271E2,7.189998322E0,-1.313264053E1,1.745969238E0
2.136160081E2,5.380860443E0,-8.087831268E0,1.554068298E0
2.140175610E2,7.026987305E0,-9.309141541E0,5.463638306E-1
2.144191420E2,3.969894562E0,-1.189261917E1,2.349065094E0
2.148207025E2,5.395080872E0,-7.788004761E0,7.173083496E-1
2.152222835E2,4.664001160E0,-9.082213440E0,5.911207581E-1
2.156238945E2,2.439177704E0,-1.049018555E1,1.952988739E0
2.160254431E2,8.773106232E0,-1.189800797E1,6.126759338E-1
2.164270241E2,5.182822266E0,-7.618257751E0,1.687291260E0
2.168286143E2,5.240003357E0,-8.255482635E0,-9.243278503E-1
2.172301952E2,6.126459961E0,-9.097332001E0,1.383423157E0
2.176318373E2,2.618804169E0,-4.978048096E0,3.233276367E-2
2.180334892E2,5.354365540E0,-7.202572174E0,-3.300636292E-1
2.184351012E2,6.198609924E0,-5.480253754E0,1.697470093E0
2.188366875E2,6.481671295E0,-8.056995392E0,1.428928528E0
2.192382985E2,6.688541107E0,-1.259840149E1,3.871249695E0
2.196398795E2,7.149732056E0,-7.149133301E0,3.396586761E0
2.200414991E2,6.742429047E0,-1.067849396E1,1.604962463E0
2.204430791E2,8.406518555E0,-1.145882126E1,2.380649414E0
2.208447315E2,8.619824982E0,-9.719887390E0,3.266656952E0
2.212463735E2,4.494403839E0,-6.159092102E0,1.635349274E0
2.216479545E2,4.719685364E0,-8.450527039E0,1.204096069E0
2.220495977E2,9.456584930E0,-1.203602097E1,4.273612976E-1
2.224512087E2,5.331163788E0,-6.582112427E0,1.592388611E0
2.228528207E2,5.369783478E0,-8.652756500E0,8.686436462E-1
2.232544627E2,7.210954742E0,-9.858948212E0,2.008373566E0
2.236560747E2,3.635040894E0,-8.473878479E0,8.509803772E-1
2.240576802E2,4.709805908E0,-7.331154785E0,-2.430944824E-1
2.244592612E2,8.457712097E0,-8.361312561E0,2.133064270E0
2.248608700E2,7.317982178E0,3.147953796E-1,6.297853546E0
2.252625120E2,1.415606232E0,2.342029724E0,6.815626831E0
2.256640930E2,-3.312162323E0,4.189188538E0,1.194830338E1
2.260657067E2,-2.990780640E0,3.984414368E0,7.554041290E0
2.264673177E2,-1.729653168E0,4.497846680E0,1.057356216E1
2.268689040E2,-1.518143005E0,4.779111786E0,7.836653595E0
2.272705760E2,-1.716630249E0,3.341351624E0,8.738677826E0