"Time (s)","X (µT)","Y (µT)","Z (µT)"
0.000000000E0,-1.891346741E1,-2.026633453E1,-1.821795654E1
2.495720000E-1,-2.154638672E1,-1.856656647E1,-1.832202148E1
4.991354167E-1,-2.348335266E1,-1.776062775E1,-1.954486084E1
7.487084167E-1,-2.953842163E1,-1.429322052E1,-1.239471436E1
9.983114167E-1,-3.359445190E1,4.737472534E-1,6.990295410E0
1.247884417E0,-3.039772034E1,1.750009918E1,1.108624268E1
1.497466667E0,-1.689125061E1,2.115367889E1,2.858660889E1
1.747069667E0,-1.021202087E1,2.100019073E1,3.019598389E1
1.996642667E0,-4.125244141E0,2.824459076E1,1.874176025E1
2.246214667E0,-1.353137207E1,2.232077789E1,1.547857666E1
2.495773042E0,-5.352722168E0,2.586782074E1,1.606719971E1
2.745376042E0,6.870651245E0,2.551444244E1,1.924078369E1
2.994949042E0,1.106826782E0,2.495847321E1,1.903778076E1
3.244522042E0,-1.002638245E1,2.588170624E1,1.327862549E1
3.494122500E0,-1.693560791E1,1.877178192E1,1.577636719E1
3.743695500E0,2.913024902E0,2.999662018E1,1.437225342E1
3.993268500E0,5.233566284E0,2.907044220E1,1.683850098E1
4.242871500E0,-3.530212402E0,2.974185944E1,1.168652344E1
4.492448875E0,-1.445755005E1,2.444004059E1,1.492614746E1
4.742051875E0,-3.521774292E0,2.914078522E1,1.455584717E1
4.991624875E0,1.581878662E-1,2.645781708E1,2.247894287E1
5.241197875E0,-6.912231445E-1,2.975643158E1,1.707116699E1
5.490788000E0,-2.125692749E1,1.996552277E1,1.726824951E1
5.740361000E0,-2.029904175E1,2.074303436E1,1.962878418E1
5.989933000E0,-1.901916504E1,2.260987091E1,2.072271729E1
6.239537000E0,-2.589791870E1,2.168073273E1,1.303192139E1
6.489116500E0,-2.669515991E1,2.467963409E1,8.283691406E-1
6.738720500E0,-3.316844177E1,1.734549713E1,8.061340332E0
6.988292500E0,-3.089900208E1,3.275276184E0,1.496844482E1
7.237865500E0,-3.089556885E1,9.657264709E0,1.125299072E1
7.487483042E0,-3.370957947E1,1.323938751E1,5.816650391E-2
7.737056042E0,-2.564199829E1,2.424535370E1,-1.038629150E1
7.986629042E0,-3.038359070E1,1.730507660E1,-1.146862793E1
8.236232042E0,-3.520877075E1,1.021186829E0,-6.527954102E0
8.485782875E0,-2.935852051E1,1.814069366E1,-1.038818359E1
8.735385875E0,-1.249957275E1,3.085305023E1,-1.349523926E1
8.984958875E0,-1.823628235E1,2.543553925E1,-1.630108643E1
9.234531875E0,-3.170649719E1,8.810264587E0,-1.184893799E1
9.484151375E0,-2.777507019E1,1.652382660E1,-1.354467773E1
9.733724375E0,-6.306091309E0,3.058655548E1,-1.436480713E1
9.983327375E0,-6.653686523E0,2.838552094E1,-1.753387451E1
1.023290038E1,-2.658529663E1,1.341114044E1,-1.547644043E1
1.048247863E1,-2.541192627E1,1.299953461E1,-1.723999023E1
1.073205163E1,-6.797622681E0,2.861910248E1,-1.890124512E1
1.098162463E1,-2.346984863E0,2.806475067E1,-2.181085205E1
1.123122763E1,-2.616014099E1,1.434528351E1,-1.819750977E1
1.148081338E1,-2.692903137E1,8.556449890E0,-2.156854248E1
1.173041638E1,-1.098658752E1,2.787377167E1,-2.012335205E1
1.197998938E1,1.863159180E0,3.013036346E1,-2.042266846E1
1.222956138E1,-2.377906799E1,1.392571259E1,-2.621112061E1
1.247915350E1,-2.946545410E1,-4.179481506E0,-2.530340576E1
1.272872550E1,-2.119171143E1,1.359371185E1,-3.110333252E1
1.297832950E1,5.010314941E0,2.927962494E1,-2.787939453E1
1.322790150E1,4.104171753E0,2.502571869E1,-3.448370361E1
1.347748817E1,-2.401010132E1,-4.864494324E0,-3.420141602E1
1.372709117E1,-3.138397217E1,-4.421363831E0,-1.563739014E1
1.397666417E1,-2.948133850E1,7.692649841E0,-1.750738525E1
1.422626717E1,-1.648278809E1,1.453092194E1,-2.555926514E1
1.447585313E1,-7.697784424E0,2.116538239E1,-2.231018066E1
1.472545613E1,-2.984068298E1,2.778948212E1,-9.340332031E0
1.497502913E1,-3.530883789E1,3.637760162E1,2.747314453E0
1.522460213E1,-2.385054016E1,4.602033234E1,5.759338379E0
1.547418225E1,-3.176869202E1,4.931981659E1,5.840209961E0
1.572375525E1,-2.056958008E1,5.618634796E1,1.351092529E1
1.597335825E1,-1.221643066E1,4.772713470E1,1.557708740E1
1.622293125E1,-2.320918274E1,3.327678680E1,1.750970459E1
1.647253775E1,-7.193725586E0,3.865209198E1,2.374981689E1
1.672211075E1,-2.543609619E0,3.288220978E1,3.259393311E1
1.697168375E1,-2.102172852E0,3.663690948E1,1.892681885E1
1.722128675E1,-1.662525940E1,2.510671234E1,1.812158203E1
1.747086600E1,-7.659011841E0,3.022116852E1,1.712188721E1
1.772046900E1,2.940887451E0,2.873606110E1,2.232745361E1
1.797004200E1,-3.825149536E0,2.999408722E1,6.871948242E0
1.821964500E1,-1.896704102E1,2.120803070E1,1.421148682E1
1.846921079E1,-1.574598694E1,2.860558319E1,1.218310547E1
1.871878379E1,-6.521301270E-1,3.582936859E1,1.387701416E1
1.896838679E1,-4.627563477E0,3.563871002E1,7.178100586E0
1.921795979E1,-1.556552124E1,2.354123688E1,1.039111328E1
1.946756675E1,-2.349415588E1,2.162873077E1,8.463195801E0
1.971713975E1,-2.651367188E0,3.446846771E1,4.518127441E0
1.996674275E1,5.116729736E-1,3.621932220E1,3.225891113E0
2.021631575E1,-2.247338867E1,2.974774933E1,3.523254395E0
2.046588179E1,-3.048242188E1,1.457685089E1,1.796429443E1
2.071548579E1,-2.174281311E1,2.748490143E1,1.674005127E1
2.096505879E1,-3.288464355E1,2.149263763E1,8.576599121E0
2.121466179E1,-3.275682068E1,2.503752899E1,-7.190368652E0
2.146423767E1,-3.638952637E1,2.190981293E1,-4.793151855E0
2.171384067E1,-4.002661133E1,1.800437927E0,9.160644531E0
2.196341367E1,-3.943914795E1,3.302207947E0,1.093688965E1
2.221298567E1,-3.614196777E1,1.761141205E1,1.265197754E0
2.246259725E1,-3.447280884E1,1.434392548E1,-1.584820557E1
2.271216925E1,-2.896913147E1,1.362590790E1,-2.572204590E1
2.296177325E1,-3.533299255E1,1.148320770E1,-1.489215088E1
2.321134525E1,-3.663337708E1,1.148700714E1,-3.302062988E0
2.346094750E1,-2.662620544E1,2.748046112E1,-1.151007080E1
2.371051950E1,-1.512045288E1,3.639136505E1,-1.106585693E1
2.396009250E1,-1.413372803E1,2.901087189E1,-4.995056152E0
2.420969550E1,-2.688079834E1,1.428675079E1,-6.945495605E0
2.445925213E1,-2.607946777E1,1.239315033E1,-1.275921631E1
2.470885513E1,-5.360717773E0,2.591822052E1,-1.286724854E1
2.495842812E1,-4.665222168E0,2.407506561E1,-1.651782227E1
2.520803113E1,-2.011166382E1,1.549240875E1,-1.897772217E1
2.545760413E1,-2.030294800E1,1.646212006E1,-2.441381836E1
2.570717713E1,-4.768692017E0,2.570543671E1,-2.475164795E1
2.595678013E1,1.413711548E0,2.794191742E1,-2.599713135E1
2.620635313E1,-2.556851196E1,1.936511993E1,-2.148944092E1
2.645595817E1,-3.026025391E1,5.897926331E0,-2.160241699E1
2.670553117E1,-2.092933655E1,1.766107941E1,-2.628930664E1
2.695513417E1,-1.638168335E0,2.532100677E1,-2.731036377E1
2.720470717E1,-6.393539429E0,2.257799530E1,-2.921990967E1
2.745427013E1,-2.635609436E1,1.187938690E1,-2.445770264E1
2.770387312E1,-3.086683655E1,7.335884094E0,-2.185424805E1
2.795344613E1,-1.412811279E1,2.350188446E1,-2.853851318E1
2.820304913E1,4.420364380E0,2.870305634E1,-2.790447998E1
2.845261475E1,-2.149606323E1,1.558463287E1,-3.685675049E1
2.870221775E1,-3.232006836E1,3.849784851E0,-1.480682373E1
2.895179075E1,-2.998377991E1,1.160903168E1,-1.125885010E1
2.920136375E1,-2.418571472E1,1.939197540E1,-1.482397461E1
2.945097050E1,-1.359138489E1,2.575534821E1,-2.046215820E1
2.970054350E1,-7.716659546E0,2.837808990E1,-1.788238525E1
2.995014650E1,-1.987443542E1,2.747696686E1,-2.368408203E0
3.019971950E1,-2.021502686E1,3.043842316E1,4.987915039E0
3.044931742E1,-8.067810059E0,3.660050201E1,4.661315918E0
3.069889042E1,-1.504316711E1,3.405571747E1,9.386657715E0
3.094846242E1,-5.106018066E0,3.827260590E1,1.236474609E1
3.119806642E1,-1.313598633E1,3.745598602E1,8.859252930E0
3.144764817E1,-2.400039673E1,2.985262299E1,1.278582764E1
3.169725217E1,-1.253089905E1,3.607506561E1,1.445111084E1
3.194682517E1,-5.714752197E0,3.451801300E1,2.165704346E1
3.219642817E1,-1.249934387E1,3.560042572E1,1.545684814E1
3.244600438E1,-2.428894043E1,2.337186432E1,1.777166748E1
3.269557638E1,-2.479364014E1,2.229468536E1,1.628234863E1
3.294518038E1,-9.016265869E0,3.511557770E1,1.421081543E1
3.319475237E1,-5.624053955E0,3.459343719E1,1.626995850E1
3.344434788E1,-1.403495789E1,3.198403168E1,1.051898193E1
3.369391988E1,-2.033555603E1,2.556719208E1,1.427703857E1
3.394352388E1,-2.215600586E1,2.487998199E1,1.438952637E1
3.419309588E1,-7.097351074E0,3.431653595E1,1.102947998E1
3.444267113E1,-4.931243896E0,3.581737518E1,6.423583984E0
3.469227413E1,-2.188879395E1,2.159078217E1,1.553814697E1
3.494184713E1,-2.819270325E1,1.011927032E1,1.588586426E1
3.519145012E1,-1.287503052E1,2.832123566E1,1.412603760E1
3.544102867E1,-9.153640747E0,3.211704254E1,6.633361816E0
3.569063167E1,-2.010263062E1,2.024529266E1,1.723455811E1
3.594020467E1,-2.550775146E1,1.227091217E1,1.597106934E1
3.618977767E1,-1.501377869E1,2.559947968E1,1.334368896E1
3.643938275E1,-2.118923950E1,1.919881439E1,1.179498291E1
3.668895575E1,-2.281950378E1,2.296926117E1,2.163757324E0
3.693855875E1,-2.445098877E1,2.116519928E1,-1.514648438E0
3.718813175E1,-3.511585999E1,5.681068420E0,6.594116211E0
3.743773687E1,-3.626899719E1,8.102302551E0,5.622009277E0
3.768730988E1,-3.013342285E1,2.182358551E1,-5.836547852E0
3.793688288E1,-1.832522583E1,2.871030426E1,-1.553314209E1
3.818648588E1,-2.368452454E1,2.574221039E1,-2.176245117E1
3.843605163E1,-3.827072144E1,1.465714264E1,-8.062622070E0
3.868565463E1,-3.435758972E1,2.173685455E1,-5.793395996E0
3.893522762E1,-1.953601074E1,3.686740875E1,-1.137292480E1
3.918483063E1,-9.050155640E0,4.260019684E1,-7.387268066E0
3.943440454E1,-1.552534485E1,3.558634186E1,-8.928894043E0
3.968397754E1,-3.622811890E1,1.280364227E1,-3.067871094E0
3.993358054E1,-2.049223328E1,2.965282440E1,-1.171063232E1
4.018315354E1,4.645004272E0,3.435300446E1,-9.944458008E0
4.043275250E1,-6.141510010E-1,3.489006805E1,-1.526184082E1
4.068232550E1,-2.768228149E1,2.420789337E1,-1.181585693E1
4.093192850E1,-2.897009277E1,2.210753632E1,-1.296429443E1
4.118150150E1,4.095458984E-2,3.422875214E1,-1.605792236E1
4.143108267E1,6.194046021E0,3.279921722E1,-1.871258545E1
4.168068667E1,-2.696554565E1,2.671100616E1,-1.586389160E1
4.193025867E1,-3.264187622E1,1.871816254E1,-1.215075684E1
4.217986267E1,-1.183839417E1,3.055002594E1,-2.280706787E1
4.242943025E1,-1.447174072E0,3.047475433E1,-2.559082031E1
4.267903425E1,-2.784159851E1,2.524033356E1,-1.618005371E1
4.292860725E1,-3.800126648E1,1.474704742E1,-1.138079834E1
4.317817925E1,-1.901747131E1,2.971955109E1,-2.373004150E1
4.342776454E1,5.660858154E0,3.433475494E1,-2.480450439E1
4.367733654E1,-5.034057617E0,2.988172150E1,-3.417730713E1
4.392694054E1,-3.733883667E1,4.742301941E0,-1.354132080E1
4.417651254E1,-3.450585938E1,2.340675354E0,-1.073468018E1
4.442612050E1,-2.770339966E1,1.871776581E1,-8.216247559E0
4.467569250E1,-1.829409790E1,2.494193268E1,-1.813311768E1
4.492526550E1,-2.699432373E-1,3.033156586E1,-1.726287842E1
4.517486850E1,-5.481369019E0,2.519744110E1,-2.262139893E1
4.542443417E1,-2.603060913E1,2.452317047E1,-2.266662598E0
4.567403717E1,-3.103746033E1,1.939473724E1,4.274169922E0
4.592361017E1,-1.822396851E1,3.188173676E1,4.699523926E0
4.617321317E1,-4.442489624E0,3.778533173E1,6.693847656E0
4.642278550E1,-3.701934814E0,3.701248932E1,1.051629639E1
4.667235850E1,-2.013006592E1,3.687894440E1,9.854675293E0
4.692196150E1,-3.330534363E1,2.270146942E1,1.968066406E1
4.717153450E1,-2.269953918E1,3.487831879E1,1.761743164E1
4.742114750E1,-1.593116760E1,3.912975311E1,1.460675049E1
4.767072050E1,-1.473371887E1,3.774958038E1,1.888677979E1
4.792029350E1,-2.881605530E1,1.990413666E1,1.887402344E1
4.816989650E1,-1.835783386E1,3.486746979E1,1.230352783E1
4.841948213E1,4.246841431E0,4.582733917E1,1.620819092E1
4.866908513E1,-1.453323364E0,4.182819366E1,4.968811035E0
4.891865813E1,-2.046862793E1,2.346498871E1,1.419873047E1
4.916826112E1,-1.409817505E1,3.158267975E1,1.070147705E1
4.941783317E1,5.962799072E0,3.444432831E1,1.499810791E1
4.966740617E1,4.809570312E-1,3.584816742E1,5.489807129E0
4.991700917E1,-1.900923157E1,2.370172882E1,1.273638916E1
5.016658217E1,-1.633357239E1,2.548926544E1,1.322772217E1
5.041616850E1,-3.117675781E0,3.223789215E1,1.146905518E1
5.066574150E1,-1.395919800E0,3.336884308E1,8.108947754E0
5.091534450E1,-2.276829529E1,2.117881012E1,1.089654541E1
5.116491750E1,-2.576681519E1,1.232024384E1,1.576239014E1
5.141449842E1,-2.224746704E1,2.024123383E1,1.516485596E1
5.166410242E1,-2.864779663E1,1.783246613E1,7.461791992E0
5.191367442E1,-2.877984619E1,1.986869049E1,-4.428771973E0
5.216327842E1,-3.557379150E1,1.282735443E1,-2.467529297E0
5.241283637E1,-3.850781250E1,4.688529968E0,7.157592773E-1
5.266240937E1,-3.416909790E1,1.941613007E1,-9.827270508E-1
5.291201238E1,-2.732293701E1,2.693473053E1,-9.620544434E0
5.316158538E1,-1.942623901E1,3.131327057E1,-1.145672607E1
5.341120104E1,-3.084555054E1,2.007648468E1,-9.685852051E0
5.366077304E1,-3.063688660E1,2.184099579E1,-1.044427490E1
5.391037704E1,-1.332702637E1,3.140607452E1,-1.264916992E1
5.415994904E1,-2.299316406E0,3.264272308E1,-1.569329834E1
5.440950113E1,-2.305848694E1,2.647064972E1,-8.217956543E0
5.465910412E1,-3.280575562E1,1.139057159E1,-6.618225098E0
5.490867713E1,-1.890771484E1,2.613303375E1,-1.371594238E1
5.515828013E1,9.672851562E-1,3.141016388E1,-1.659991455E1
5.540787725E1,-1.941041565E1,2.469670868E1,-1.490252686E1
5.565745025E1,-3.254719543E1,7.560340881E0,-7.805419922E0
5.590705325E1,-2.401200867E1,2.128501129E1,-1.398809814E1
5.615662625E1,-2.175125122E0,3.122464752E1,-1.661071777E1
5.640621275E1,-2.059474182E1,2.285289764E1,-1.650933838E1
5.665578575E1,-3.516703796E1,6.940284729E0,-7.792419434E0
5.690535875E1,-2.816973877E1,1.736061859E1,-1.573925781E1
5.715496175E1,-1.852005005E0,2.943958282E1,-2.162353516E1
5.740454438E1,-6.239578247E0,2.720920563E1,-2.516156006E1
5.765414738E1,-3.416772461E1,1.020795441E1,-1.682183838E1
5.790372038E1,-3.696302795E1,-3.119789124E0,-9.135314941E0
5.815332338E1,-3.562954712E1,9.760108948E0,-9.942321777E0
5.840289263E1,-2.461131287E1,1.930413055E1,-2.598022461E1
5.865249562E1,-6.633178711E0,2.702257538E1,-3.162280273E1
5.890206863E1,-1.201530457E1,2.599292755E1,-2.310992432E1
5.915167163E1,-2.730836487E1,1.752217865E1,-1.126354980E1
5.940122575E1,-2.500581360E1,2.240772247E1,-5.838623047E0
5.965082875E1,-1.766561890E1,2.975913239E1,2.386962891E0
5.990040175E1,-1.408886719E1,3.135419464E1,2.421813965E0
6.015000475E1,-4.838607788E0,3.688463593E1,8.242309570E0
6.039959925E1,-1.327047729E1,3.125322723E1,9.166442871E0
6.064920225E1,-1.976196289E1,2.476839447E1,1.504132080E1
6.089880525E1,-2.688034058E0,3.512186432E1,1.123065186E1
6.114837825E1,2.030014038E0,3.373816681E1,1.499481201E1
6.139796313E1,-1.144825745E1,3.258055878E1,1.104333496E1
6.164753613E1,-2.433432007E1,2.062625885E1,1.338592529E1
6.189713913E1,-5.691406250E0,3.304767609E1,1.222747803E1
6.214674313E1,3.795913696E0,3.262552643E1,1.471765137E1
6.239632250E1,-3.104858398E0,3.345635223E1,7.436279297E0
6.264592650E1,-1.806286621E1,2.256969452E1,1.449395752E1
6.289549850E1,-1.143644714E1,2.885822296E1,1.139605713E1
6.314510250E1,2.739074707E0,3.172251129E1,1.314569092E1
6.339471717E1,1.064086914E0,3.403557587E1,3.048278809E0
6.364429017E1,-1.965899658E1,2.126062775E1,1.223443604E1
6.389389317E1,-1.817288208E1,2.378185272E1,9.313476562E0
6.414349617E1,2.470794678E0,3.171749115E1,9.653503418E0
6.439305975E1,3.062210083E0,3.189000702E1,2.327392578E0
6.464266275E1,-2.040435791E1,1.695703888E1,3.719299316E0
6.489226675E1,-2.446656799E1,1.416239166E1,6.065368652E0
6.514183875E1,-1.858782959E1,2.131472015E1,-3.935485840E0
6.539144925E1,-1.345121765E1,2.430089569E1,-9.104675293E0
6.564105225E1,-2.837144470E1,1.836943817E1,4.669677734E0
6.589062525E1,-3.278277588E1,7.529373169E-1,1.544445801E1
6.614022825E1,-3.423310852E1,1.287572479E1,1.047088623E1
6.638981163E1,-3.132861328E1,2.246846771E1,-9.025878906E-1
6.663938462E1,-2.844235229E1,2.566558075E1,-1.057537842E1
6.688898763E1,-3.726930237E1,1.188629913E1,2.256469727E-1
6.713859062E1,-3.641302490E1,8.403480530E0,1.847717285E0
6.738818463E1,-3.314299011E1,1.749692535E1,-1.815795898E0
6.763778863E1,-2.230935669E1,2.954158783E1,-9.121765137E0
6.788739163E1,-2.156536865E1,2.799674225E1,-9.212097168E0
6.813699463E1,-2.922969055E1,1.548473358E1,-2.112426758E0
6.838655113E1,-3.132846069E1,9.980522156E0,-3.536315918E0
6.863615413E1,-2.063645935E1,2.328548431E1,-9.488464355E0
6.888575713E1,-8.907531738E0,3.008724213E1,-1.068035889E1
6.913533013E1,-1.639868164E1,2.494956207E1,-1.245159912E1
6.938492612E1,-3.124975586E1,1.210424042E1,-8.673461914E0
6.963453013E1,-3.051719666E1,1.261191559E1,-1.191735840E1
6.988410213E1,-7.977859497E0,2.832566071E1,-1.839947510E1
7.013370613E1,-9.838790894E0,2.919699860E1,-1.992248535E1
7.038331800E1,-3.470971680E1,2.005252838E1,-1.608837891E1
7.063292100E1,-3.469718933E1,7.029014587E0,-2.183288574E0
7.088249400E1,-2.789062500E1,1.952559662E1,-1.236596680E1
7.113209700E1,-9.180648804E0,3.089550018E1,-1.636956787E1
7.138171313E1,-2.092877197E1,2.174227142E1,-1.446490479E1
7.163128513E1,-3.300119019E1,2.184593201E0,-1.384716797E1
7.188088913E1,-2.850508118E1,1.306024933E1,-1.868072510E1
7.213049213E1,-8.440093994E0,2.393640900E1,-2.295965576E1
7.238007263E1,-2.848699951E1,1.455095673E1,-2.533331299E1
7.262964563E1,-3.294221497E1,4.473777771E0,-1.026159668E1
7.287924863E1,-2.963084412E1,1.077335358E1,-1.307098389E1
7.312885162E1,-2.088357544E1,2.343087006E1,-1.684503174E1
7.337847712E1,-1.315350342E1,3.355425262E1,-1.184674072E1
7.362804912E1,3.297607422E0,3.398032379E1,-1.746154785E1
7.387765313E1,-2.102484131E1,2.567168427E1,-1.295074463E1
7.412725613E1,-2.108239746E1,2.912776947E1,-3.142272949E0
7.437685175E1,-1.472097778E1,3.535900116E1,3.153442383E0
7.462642475E1,-6.180969238E0,3.560884857E1,1.549731445E1
7.487602775E1,-7.127532959E-1,3.882405853E1,1.384564209E1
7.512563175E1,-1.562480164E1,3.610164642E1,1.158129883E1
7.537524242E1,-2.658287048E1,2.577419281E1,1.704113770E1
7.562481542E1,-1.199357605E1,3.290061188E1,1.819842529E1
7.587441842E1,-5.829696655E0,3.119937897E1,2.073107910E1
7.612402142E1,-8.247695923E0,3.794747162E1,1.753179932E1
7.637357975E1,-2.433880615E1,2.561383820E1,1.692578125E1
7.662318275E1,-1.474659729E1,3.285994720E1,1.940234375E1
7.687278575E1,-5.022308350E0,3.189813995E1,2.647686768E1
7.712235875E1,-1.564575195E0,3.915110016E1,1.254461670E1
7.737196775E1,-2.039588928E1,2.786051178E1,1.664819336E1
7.762157175E1,-1.822987366E1,2.997257233E1,1.606121826E1
7.787114375E1,2.725921631E0,3.808077240E1,1.501025391E1
7.812074775E1,-6.382446289E-1,3.876148224E1,1.009661865E1
7.837035838E1,-1.544949341E1,3.123491669E1,1.267248535E1
7.861993138E1,-1.523887634E1,3.110968781E1,1.128051758E1
7.886953438E1,-2.820220947E0,3.634233856E1,9.700012207E0
7.911913738E1,-8.995819092E-1,3.594570160E1,1.089025879E1
7.936868463E1,-7.695373535E0,3.443064117E1,1.031719971E1
7.961828763E1,-1.807690430E1,2.708113861E1,1.678332520E1
7.986786063E1,-1.301832581E1,2.972354889E1,1.724426270E1
8.011746362E1,-1.224798584E1,3.187564850E1,1.323370361E1
8.036706763E1,-1.430014038E1,3.300475311E1,9.378723145E0
8.061665838E1,-2.473667908E1,2.677469635E1,1.223724365E1
8.086626237E1,-3.391735840E1,6.552162170E0,2.024572754E1
8.111586538E1,-3.431126404E1,1.253235626E1,1.639630127E1
8.136543838E1,-3.402859497E1,2.306147003E1,3.064208984E0
8.161503425E1,-2.265303040E1,3.261865997E1,-1.114166260E1
8.186460725E1,-3.264645386E1,2.299947357E1,-1.821838379E1
8.211421025E1,-4.041661072E1,5.990272522E0,-5.027526855E0
8.236381325E1,-3.860888672E1,1.122176361E1,-1.197760010E1
8.261337179E1,-1.657804871E1,3.796680450E1,-9.934997559E0
8.286297479E1,-9.976974487E0,3.795616913E1,-1.114636230E1
8.311254779E1,-3.413702393E1,1.673331451E1,-6.313049316E0
8.336215079E1,-3.762394714E1,7.174201965E0,-4.157775879E0
8.361177438E1,-1.830682373E1,2.944492340E1,-1.362969971E1
8.386134638E1,1.982940674E0,3.485109711E1,-1.193927002E1
8.411095038E1,-2.029760742E1,2.559676361E1,-1.463507080E1
8.436052238E1,-3.554541016E1,1.549934387E0,-8.564453125E0
8.461011442E1,-3.102322388E1,1.188201141E1,-1.728808594E1
8.485968642E1,-2.787384033E0,2.987407684E1,-2.400665283E1
8.510929042E1,-1.288096619E1,2.529007721E1,-2.793078613E1
8.535889342E1,-3.526757812E1,7.532279968E0,-9.912902832E0
8.560848188E1,-3.261685181E1,7.632850647E0,-1.392840576E1
8.585808487E1,-8.838623047E0,2.815331268E1,-2.462677002E1
8.610765787E1,-1.003775024E1,2.377632904E1,-2.785546875E1
8.635726088E1,-3.257104492E1,1.006223297E1,-1.439288330E1
8.660683663E1,-3.194671631E1,9.754478455E0,-1.810278320E1
8.685643963E1,-9.259826660E0,2.489075470E1,-2.825256348E1
8.710601263E1,2.536270142E0,2.464348602E1,-3.108782959E1
8.735561563E1,-2.328701782E1,6.686500549E0,-3.102514648E1
8.760517079E1,-2.795317078E1,-5.864715576E-2,-1.615002441E1
8.785477379E1,-2.540904236E1,1.120212555E1,-1.515173340E1
8.810437679E1,-1.739451599E1,2.167136383E1,-1.827014160E1
8.835394979E1,-5.859359741E0,3.044403839E1,-1.498724365E1
8.860354688E1,-1.514407349E1,3.161019135E1,-1.222589111E1
8.885311987E1,-1.963546753E1,3.066733551E1,-4.635681152E0
8.910272288E1,-1.029826355E1,3.676111603E1,-9.912719727E-1
8.935229588E1,-2.120132446E0,3.815196991E1,8.871276855E0
8.960190800E1,8.089172363E0,3.630280304E1,1.283966064E1
8.985148100E1,-7.007812500E0,3.808473969E1,4.152832031E0
9.010108400E1,-2.163676453E1,2.948662567E1,8.234191895E0
9.035065700E1,-5.823516846E0,3.572982025E1,1.000299072E1
9.060027125E1,3.196533203E0,2.998380280E1,2.008862305E1
9.084984425E1,-1.777496338E-1,3.583592987E1,1.029974365E1
9.109944725E1,-2.036976624E1,2.626232147E1,1.371752930E1
9.134902025E1,-1.386598206E1,2.985260773E1,1.288067627E1
9.159860025E1,3.747329712E0,3.083066559E1,1.565979004E1
9.184817325E1,3.158477783E0,3.290190887E1,1.089984131E1
9.209777625E1,-1.548962402E1,2.725492096E1,9.160339355E0
9.234738025E1,-1.805369568E1,2.440836334E1,9.536315918E0
9.259696150E1,3.419021606E0,3.201288605E1,1.014855957E1
9.284656450E1,6.599182129E0,3.210478973E1,1.034442139E1
9.309613750E1,-6.702896118E0,3.157741547E1,5.576843262E0
9.334574050E1,-2.123426819E1,2.239444733E1,9.250305176E0
9.359532613E1,-1.399357605E1,2.880944061E1,8.405700684E0
9.384492912E1,-4.930328369E0,3.136138153E1,1.320623779E1
9.409450213E1,-7.279266357E0,3.257935333E1,6.178894043E0
9.434410513E1,-2.930389404E1,1.396030426E1,8.153686523E0
9.459365729E1,-2.818264771E1,1.457543182E1,1.287402344E1
9.484326029E1,-2.617805481E1,2.318968964E1,8.977661133E0
9.509283329E1,-2.913551331E1,2.414209747E1,3.627929688E-1
9.534243629E1,-2.845057678E1,2.795325470E1,3.562133789E0
9.559200929E1,-3.310646057E1,9.172721863E0,1.697894287E1
9.584161229E1,-2.710029602E1,1.200060272E1,2.245880127E1
9.609118529E1,-2.556005859E1,2.047241974E1,2.252655029E1
9.634078829E1,-3.844125366E1,2.025591278E1,2.621887207E0
9.659035350E1,-3.337141418E1,2.136365509E1,-7.180175781E-1
9.683995650E1,-2.938743591E1,7.745826721E0,-6.185302734E-1
9.708952950E1,-2.803253174E1,9.679740906E0,-4.853759766E0
9.733910150E1,-1.653732300E1,2.648741913E1,-7.440185547E0
9.758871163E1,-8.886505127E0,2.831003571E1,-8.839172363E0
9.783828463E1,-2.092051697E1,2.048760223E1,-1.071295166E1
9.808788762E1,-2.780073547E1,1.293965912E1,-1.343035889E1
9.833746062E1,-7.402420044E0,2.505597687E1,-1.934930420E1
9.858706700E1,2.239379883E0,2.792870331E1,-1.766693115E1
9.883664000E1,-1.945088196E1,2.457741547E1,-1.709478760E1
9.908624300E1,-3.395176697E1,1.285449982E1,-8.884460449E0
9.933581600E1,-1.783894348E1,2.698278046E1,-1.855847168E1
9.958542929E1,4.452606201E0,3.438224030E1,-1.615203857E1
9.983500229E1,-1.285736084E1,3.007683563E1,-2.147277832E1
1.000846053E2,-3.385572815E1,1.843306732E1,-6.290405273E0
1.003341783E2,-2.703025818E1,2.399517059E1,-1.487017822E1
1.005837861E2,4.954528809E-1,3.716483307E1,-1.365374756E1
1.008333591E2,-4.457901001E0,3.514838409E1,-1.798272705E1
1.010829621E2,-3.180505371E1,1.865973663E1,-1.484210205E1
1.013325351E2,-3.664851379E1,1.005411530E1,-1.164202881E1
1.015821170E2,-1.179159546E1,3.155764008E1,-2.224890137E1
1.018316900E2,7.322097778E0,3.506122589E1,-2.062078857E1
1.020812930E2,-3.318353271E1,1.660895538E1,-1.999969482E1
1.023308660E2,-3.697859192E1,-2.088874817E0,-3.508544922E0
1.025804303E2,-3.577543640E1,4.245185852E0,-3.104980469E0
1.028300333E2,-2.892030334E1,1.918831635E1,-1.231127930E1
1.030796063E2,-1.671426392E1,3.154785919E1,-1.874932861E1
1.033292093E2,-6.439025879E0,3.188446808E1,-2.126898193E1
1.035787902E2,-2.523999023E1,2.221213531E1,-1.128710938E1
1.038283932E2,-1.990008545E1,2.763121796E1,-8.291198730E0
1.040779662E2,-1.020849609E1,3.510227203E1,-2.082641602E0
1.043275692E2,1.136627197E0,3.672226715E1,1.854736328E0
1.045771551E2,-7.418441772E0,3.596176910E1,-2.119750977E-1
1.048267581E2,-2.523554993E1,2.690251923E1,5.667419434E0
1.050763311E2,-6.175033569E0,3.692198944E1,1.225646973E0
1.053259341E2,1.027688599E1,3.388741302E1,1.127630615E1
1.055755068E2,-2.849945068E0,3.853951263E1,2.206604004E0
1.058251098E2,-2.531027222E1,3.132378387E1,5.379333496E0
1.060746828E2,-1.606443787E1,3.731842804E1,4.118286133E0
1.063242548E2,7.366592407E0,3.787129974E1,8.305969238E0
1.065738422E2,5.922210693E0,4.104477692E1,3.220581055E0
1.068234143E2,-2.154283142E1,3.718946075E1,8.283081055E0
1.070730183E2,-3.089633179E1,2.908191681E1,1.314093018E1
1.073225903E2,3.445419312E0,4.198885345E1,1.086663818E1
1.075722049E2,6.878433228E0,4.263686371E1,7.961730957E0
1.078218079E2,-1.789126587E1,4.147003937E1,8.043640137E0
1.080713809E2,-3.189512634E1,3.082041168E1,1.503265381E1
1.083209839E2,-7.322433472E0,4.366548920E1,9.192077637E0
1.085705620E2,1.913162231E0,4.208260345E1,1.438671875E1
1.088201650E2,-1.113870239E1,4.217147064E1,1.065802002E1
1.090697380E2,-2.751388550E1,2.841281891E1,1.821148682E1
1.093193410E2,-1.660459900E1,3.548020172E1,1.654095459E1
1.095689382E2,-2.045466614E1,3.036660004E1,2.037176514E1
1.098185112E2,-2.247518921E1,3.541114044E1,1.321459961E1
1.100681143E2,-2.487388611E1,3.247206879E1,7.731872559E0
1.103176873E2,-3.781121826E1,8.692466736E0,1.453326416E1
1.105672804E2,-3.583670044E1,1.411148834E1,1.507666016E1
1.108168844E2,-3.583894348E1,2.143061066E1,7.559631348E0
1.110664564E2,-3.076196289E1,2.920909882E1,-5.409851074E0
1.113160604E2,-2.427317810E1,3.102678680E1,-2.011669922E1
1.115656623E2,-3.954617310E1,1.206305695E1,-9.375732422E0
1.118152353E2,-3.877243042E1,8.369956970E0,-4.144897461E0
1.120648383E2,-2.654109192E1,3.128487396E1,-7.603759766E0
1.123144413E2,-7.985412598E0,4.027751923E1,-7.955200195E0
1.125640198E2,-2.687300110E1,2.664019012E1,-1.061230469E1
1.128136227E2,-3.720838928E1,6.351036072E0,-7.716552734E0
1.130631958E2,-2.795349121E1,2.444037628E1,-1.215234375E1
1.133127988E2,-3.458343506E0,3.599115753E1,-1.467620850E1
1.135623867E2,-7.137939453E0,3.397098541E1,-1.725836182E1
1.138119587E2,-2.809072876E1,2.475107574E1,-1.124310303E1
1.140615627E2,-3.602795410E1,1.364206696E1,-1.159033203E1
1.143111657E2,-1.468489075E1,3.110555267E1,-2.111169434E1
1.145607603E2,-3.147735596E-1,3.636145782E1,-1.796105957E1
1.148103632E2,-1.745019531E1,2.993527985E1,-2.240991211E1
1.150599663E2,-3.783888245E1,1.587517548E1,-1.383563232E1
1.153095692E2,-3.254757690E1,2.384223175E1,-1.708764648E1
1.155591474E2,-5.095001221E0,3.765361786E1,-2.162066650E1
1.158087514E2,-1.427627563E0,3.568576813E1,-2.691027832E1
1.160583544E2,-3.518188477E1,2.471840668E1,-1.577087402E1
1.163079274E2,-4.306605530E1,7.208992004E0,-1.490399170E1
1.165575089E2,-2.538310242E1,3.188916779E1,-2.279278564E1
1.168071119E2,-5.962921143E0,3.952146149E1,-2.470025635E1
1.170567149E2,-7.504913330E0,3.555095673E1,-3.060479736E1
1.173062879E2,-3.747122192E1,9.153160095E0,-2.492767334E1
1.175558946E2,-3.883650208E1,1.933326721E0,-1.490710449E1
1.178054986E2,-3.628985596E1,1.561254120E1,-1.069183350E1
1.180551016E2,-2.981593323E1,2.395310211E1,-1.913507080E1
1.183046746E2,-1.261856079E1,3.285051727E1,-2.554681396E1
1.185542890E2,-1.980616760E1,2.606540680E1,-2.043835449E1
1.188038920E2,-2.815988159E1,1.899701691E1,-7.081970215E0
1.190534950E2,-2.295474243E1,2.757498932E1,-1.295104980E0
1.193030990E2,-1.203984070E1,3.617382050E1,2.599975586E0
1.195526630E2,-8.902206421E0,3.579755402E1,7.469665527E0
1.198022660E2,-5.653854370E0,3.756247711E1,8.850708008E-1
1.200518690E2,-2.566807556E1,2.777843475E1,5.999023438E0
1.203014720E2,-2.585546875E1,2.788576508E1,6.974914551E0
1.205510885E2,-2.246276855E0,3.716077423E1,9.378601074E0
1.208006605E2,-9.322372437E0,3.625563812E1,1.157159424E1
1.210502645E2,-1.593806458E1,3.697521210E1,1.142205811E1
1.212998675E2,-2.697434998E1,3.267124176E1,8.747192383E0
1.215494425E2,-6.516952515E0,4.167462921E1,7.666076660E0
1.217990155E2,-2.630508423E0,4.032427216E1,1.195233154E1
1.220486185E2,-4.240371704E0,4.059943390E1,1.182043457E1
1.222982215E2,-1.767024231E1,4.024291229E1,3.237609863E0
1.225478408E2,-3.067936707E1,3.029862213E1,4.607055664E0
1.227974438E2,-1.323680115E1,4.000992584E1,8.505493164E0
1.230470168E2,5.675582886E0,4.054267120E1,1.259539795E1
1.232966197E2,-2.581359863E0,4.290044403E1,-1.835998535E0
1.235462271E2,-2.589210510E1,3.227445221E1,6.202880859E0
1.237958311E2,-2.429571533E1,3.215892792E1,5.460754395E0
1.240454031E2,3.826675415E0,4.137081146E1,-4.558105469E-1
1.242950071E2,-3.455703735E0,4.068985748E1,-2.114868164E-1
1.245446036E2,-2.139869690E1,3.265155792E1,5.580627441E0
1.247942066E2,-2.770524597E1,2.506620026E1,1.122833252E1
1.250438096E2,-2.869779968E1,2.406493378E1,1.309173584E1
1.252933826E2,-2.242234802E1,3.279695892E1,2.883728027E0
1.255429680E2,-2.052343750E1,3.375244904E1,-1.644897461E0
1.257925720E2,-3.488667297E1,2.412976837E1,2.296875000E0
1.260421750E2,-3.802905273E1,8.377769470E0,1.157849121E1
1.262917780E2,-3.711024475E1,1.105464935E1,1.305511475E1
1.265413774E2,-3.578941345E1,2.086385345E1,7.006225586E-1
1.267909804E2,-2.434605408E1,3.235146332E1,-1.195056152E1
1.270405844E2,-3.442366028E1,2.191826630E1,-1.498760986E1
1.272901874E2,-4.171379089E1,8.692726135E0,-2.713195801E0
1.275397777E2,-3.702061462E1,2.134067535E1,-6.565734863E0
1.277893507E2,-2.502709961E1,3.508550262E1,-1.151416016E1
1.280389537E2,-1.965786743E1,3.931629181E1,-6.346618652E0
1.282885567E2,-3.147833252E1,2.209920502E1,-4.860168457E0
1.285381661E2,-3.548826599E1,5.382896423E0,-4.720520020E0
1.287877691E2,-2.333552551E1,2.525882721E1,-1.075299072E1
1.290373421E2,-3.319641113E0,3.387593842E1,-7.937683105E0
1.292869451E2,-1.647348022E1,2.453699493E1,-1.649499512E1
1.295365419E2,-3.151615906E1,5.100151062E0,-1.226916504E1
1.297861459E2,-3.002110291E1,1.187204742E1,-1.658575439E1
1.300357489E2,-6.505645752E0,2.901482391E1,-2.468395996E1
1.302853219E2,-8.232788086E0,2.804210663E1,-2.796844482E1
1.305349100E2,-3.415106201E1,1.584995270E1,-1.561981201E1
1.307845130E2,-3.690354919E1,7.331352234E0,-1.255627441E1
1.310341160E2,-1.535224915E1,3.149704742E1,-2.327410889E1
1.312837200E2,2.677612305E0,3.437410736E1,-2.559893799E1
1.315333014E2,-2.417665100E1,2.882979584E1,-1.418719482E1
1.317829054E2,-3.720675659E1,6.478309631E0,-1.875366211E0
1.320325084E2,-3.056117249E1,1.927329254E1,-1.418786621E1
1.322821114E2,-3.117492676E0,3.079093170E1,-2.535137939E1
1.325316803E2,-3.876098633E0,2.706398773E1,-2.908734131E1
1.327812833E2,-3.451391602E1,6.721702576E0,-1.799298096E1
1.330308863E2,-3.465628052E1,5.319648743E0,-7.405334473E0
1.332804593E2,-3.062973022E1,1.462877655E1,-7.877075195E0
1.335300815E2,-2.314678955E1,2.136853790E1,-1.547570801E1
1.337796845E2,-4.443176270E0,3.136287689E1,-1.730584717E1
1.340292575E2,-1.205598450E1,2.775373077E1,-1.783264160E1
1.342788605E2,-2.478507996E1,2.230393219E1,-5.222351074E0
1.345284615E2,-1.746752930E1,3.012397003E1,7.460327148E-1
1.347780345E2,-1.040975952E1,3.310890961E1,1.960449219E0
1.350276375E2,-1.727279663E0,3.341405487E1,5.975708008E0
1.352772405E2,-6.794769287E0,3.716176605E1,5.467956543E0
1.355268141E2,-2.880360413E1,2.412284088E1,8.728759766E0
1.357764171E2,-1.526388550E1,3.445186615E1,1.244787598E1
1.360260211E2,-9.927352905E0,3.048033905E1,2.194293213E1
1.362755931E2,-7.169631958E0,3.670532990E1,1.625695801E1
1.365251818E2,-2.497137451E1,2.988455963E1,1.072381592E1
1.367747847E2,-2.229051208E1,3.134430695E1,1.129766846E1
1.370243578E2,7.298278809E-1,3.925922394E1,1.407464600E1
1.372739608E2,3.809585571E0,3.813094330E1,1.642047119E1
1.375235339E2,-7.995986938E0,4.159423065E1,7.720886230E0
1.377731369E2,-2.326814270E1,3.486589813E1,1.331732178E1
1.380227399E2,-1.621481323E1,3.936492157E1,1.521575928E1
1.382723129E2,-3.672225952E0,3.956427765E1,2.036413574E1
1.385218984E2,2.088287354E0,4.607071686E1,5.119445801E0
1.387714714E2,-2.505810547E1,3.352140045E1,6.226196289E0
1.390210744E2,-1.770555115E1,3.871681976E1,2.422729492E0
1.392706784E2,5.543899536E0,4.204442596E1,1.172857666E1
1.395202611E2,-6.881561279E0,4.096985626E1,8.109436035E0
1.397698651E2,-2.631246948E1,2.708844757E1,7.904418945E0
1.400194371E2,-3.133531189E1,1.638875580E1,1.684875488E1
1.402690411E2,-2.593823242E1,2.160112762E1,1.896380615E1
1.405186564E2,-2.497283936E1,2.408338165E1,1.701910400E1
1.407682294E2,-3.010745239E1,2.525208282E1,9.770751953E0
1.410178324E2,-3.795570374E1,1.569275665E1,1.142858887E1
1.412674054E2,-3.890490723E1,3.107765198E0,1.925524902E1
1.415170099E2,-3.857252502E1,9.211433411E0,1.632208252E1
1.417665829E2,-3.912542725E1,2.388516998E1,4.888916016E-1
1.420161859E2,-2.511256409E1,3.515668488E1,-1.353253174E1
1.422657589E2,-3.442472839E1,1.805951691E1,-6.151184082E0
1.425153345E2,-3.671969604E1,2.062400818E0,-3.954345703E0
1.427649375E2,-2.986834717E1,2.059886932E1,-1.033477783E1
1.430145105E2,-1.074230957E1,3.674666595E1,-8.552917480E0
1.432641135E2,-1.727818298E1,2.971430206E1,-1.752124023E1
1.435137122E2,-3.714407349E1,7.013191223E0,-1.216693115E1
1.437633152E2,-3.845106506E1,8.167533875E0,-8.496337891E0
1.440128882E2,-2.118441772E1,2.807979584E1,-1.704345703E1
1.442624912E2,-1.739440918E0,3.644472504E1,-1.374719238E1
1.445120428E2,-2.031593323E1,2.828685760E1,-1.984234619E1
1.447616458E2,-3.801458740E1,1.075084686E1,-7.935424805E0
1.450112188E2,-3.126065063E1,1.625000763E1,-1.952740479E1
1.452608218E2,-2.764556885E0,3.711774445E1,-1.450323486E1
1.455104065E2,-4.809844971E0,3.434792328E1,-2.198388672E1
1.457600095E2,-3.195878601E1,1.897634125E1,-1.491174316E1
1.460095825E2,-3.515071106E1,1.005689240E1,-1.488092041E1
1.462591855E2,-2.125457764E1,2.771920013E1,-2.010687256E1
1.465087635E2,-6.826782227E-1,3.609462738E1,-1.931616211E1
1.467583675E2,-1.671221924E1,2.796811676E1,-2.472070312E1
1.470079395E2,-3.600973511E1,7.810691833E0,-2.201385498E1
1.472575435E2,-3.209394836E1,1.197634125E1,-2.732489014E1
1.475071071E2,-3.223770142E0,3.119968414E1,-3.100085449E1
1.477567111E2,1.241714478E1,3.254262543E1,-2.961535645E1
1.480062831E2,-3.054222107E1,9.111534119E0,-4.730139160E1
1.482558871E2,-3.845840454E1,-1.057334900E0,-1.581805420E1
1.485054407E2,-3.771353149E1,7.611579895E0,-6.829162598E0
1.487550448E2,-3.425154114E1,1.404004669E1,-1.837561035E1
1.490046168E2,-1.572999573E1,2.584561920E1,-2.897424316E1
1.492542208E2,-1.702458191E1,2.833443451E1,-3.084088135E1
1.495037968E2,-2.860121155E1,2.158031464E1,-9.096740723E0
1.497534008E2,-2.054823303E1,3.036492157E1,8.753051758E-1
1.500029728E2,-2.248782349E1,3.018447113E1,1.135552979E1
1.502525768E2,-6.766281128E0,3.495336151E1,1.325201416E1
1.505021632E2,-1.653329468E1,3.023511505E1,1.097991943E1
1.507517672E2,-2.060673523E1,2.547087860E1,1.464947510E1
1.510013392E2,-3.827804565E0,3.056459808E1,1.587463379E1
1.512509122E2,-3.731445312E0,3.405454254E1,1.162634277E1
1.515004996E2,-1.828918457E1,3.081517792E1,1.084765625E1
1.517500726E2,-2.509504700E1,2.625905609E1,1.204046631E1
1.519996766E2,-1.252331543E1,2.850064850E1,2.056091309E1
1.522492486E2,-9.666412354E0,3.263396454E1,1.780090332E1
1.524988719E2,-1.068093872E1,3.869696808E1,8.719421387E0
1.527484439E2,-2.707278442E1,2.956667328E1,1.514093018E1
1.529980479E2,-1.187731934E1,3.719770050E1,1.471655273E1
1.532476199E2,3.635833740E0,4.070035553E1,1.239849854E1
1.534972026E2,-3.778823853E0,4.426868439E1,6.380004883E0
1.537467746E2,-2.701431274E1,3.319751740E1,1.175360107E1
1.539963476E2,-1.206533813E1,4.057904816E1,1.102215576E1
1.542459506E2,4.411590576E0,4.191962433E1,9.211853027E0
1.544955235E2,-8.501770020E0,4.073183441E1,9.502807617E0
1.547451265E2,-2.385275269E1,3.197901154E1,1.067663574E1
1.549946995E2,-5.041000366E0,4.143413544E1,2.696105957E0
1.552443025E2,-1.883135986E1,3.060413361E1,1.375805664E1
1.554938874E2,-2.628724670E1,2.933670807E1,5.098388672E0
1.557434604E2,-2.478598022E1,3.037775421E1,3.946472168E0
1.559930634E2,-3.638246155E1,9.963691711E0,1.320391846E1
1.562426364E2,-3.560734558E1,9.497047424E0,1.507891846E1
1.564922446E2,-3.630087280E1,1.774408722E1,4.296875000E0
1.567418176E2,-2.861105347E1,2.616959381E1,-1.280017090E1
1.569914206E2,-3.252548218E1,2.095598602E1,-1.005865479E1
1.572409936E2,-3.736538696E1,2.379737854E0,-3.240478516E0
1.574905603E2,-3.525148010E1,1.292787933E1,-4.930664062E0
1.577401633E2,-2.692687988E1,2.744470978E1,-9.818786621E0
1.579897363E2,-1.389770508E1,3.622853851E1,-1.314190674E1
1.582393393E2,-2.721830750E1,2.430475616E1,-7.043457031E0
1.584888993E2,-3.267839050E1,9.387229919E0,-6.176269531E0
1.587384723E2,-2.833392334E1,1.877756500E1,-9.371215820E0
1.589880753E2,-1.042086792E1,3.252437592E1,-1.142645264E1
1.592376483E2,-7.469268799E0,3.180776215E1,-1.423638916E1
1.594872597E2,-2.398841858E1,2.382872772E1,-9.842468262E0
1.597368328E2,-3.353698730E1,1.152251434E1,-6.898193359E0
1.599864048E2,-1.599723816E1,3.013919830E1,-1.359490967E1
1.602360088E2,-2.889938354E0,3.323040009E1,-1.635589600E1
1.604855609E2,-2.271215820E1,2.666689301E1,-1.260571289E1
1.607351649E2,-3.374754333E1,1.059355927E1,-5.914062500E0
1.609847369E2,-2.243254089E1,2.527648163E1,-1.526153564E1
1.612343099E2,-1.908111572E-1,3.395697784E1,-1.857977295E1
1.614839220E2,-1.503938293E1,2.621877289E1,-2.275408936E1
1.617334950E2,-3.571675110E1,8.142494202E0,-9.626281738E0
1.619830980E2,-3.046353149E1,1.297440338E1,-2.021942139E1
1.622326710E2,-7.693908691E0,3.027689362E1,-2.463336182E1
1.624822560E2,2.298095703E0,3.257097626E1,-2.368811035E1
1.627318590E2,-2.047773743E1,1.399701691E1,-3.202062988E1
1.629814320E2,-3.464851379E1,6.278991699E-3,-1.590893555E1
1.632310050E2,-3.479237366E1,4.218955994E0,-1.084619141E1
1.634805774E2,-3.013711548E1,1.663912201E1,-1.233056641E1
1.637301504E2,-1.463841248E1,2.774460602E1,-2.045605469E1
1.639797534E2,-6.287948608E0,2.946054840E1,-2.291052246E1
1.642293264E2,-2.779090881E1,1.983609772E1,-1.386956787E1
1.644789074E2,-2.745553589E1,2.344243622E1,-5.477966309E0
1.647285104E2,-1.620570374E1,3.145177460E1,-3.471313477E0
1.649780834E2,-6.487060547E0,3.297219086E1,-4.861145020E0
1.652276864E2,-4.745803833E0,3.870731354E1,-1.769836426E0
1.654772627E2,-2.156590271E1,3.360959625E1,-1.508117676E0
1.657268347E2,-2.750469971E1,2.952111053E1,2.135986328E0
1.659764387E2,-1.218855286E1,3.869280243E1,6.094421387E0
1.662260107E2,-9.604461670E0,3.558002472E1,1.502117920E1
1.664755797E2,-8.796127319E0,4.042464447E1,7.397155762E0
1.667251827E2,-2.989952087E1,2.732476044E1,4.398315430E0
1.669747557E2,-2.914907837E1,2.927300262E1,5.641418457E0
1.672243587E2,-9.703994751E0,3.737157440E1,1.779693604E1
1.674739455E2,-1.441410828E1,3.854003143E1,1.338739014E1
1.677235185E2,-1.017639160E1,4.214516449E1,1.383666992E0
1.679731215E2,-3.033105469E1,3.011893463E1,8.380981445E0
1.682226945E2,-2.234716797E1,3.376305389E1,1.465161133E1
1.684722704E2,-9.775634766E0,4.026036835E1,1.284320068E1
1.687218434E2,-9.568786621E-1,4.514907074E1,-4.291381836E0
1.689714164E2,-1.783885193E1,3.923279572E1,1.175158691E1
1.692210194E2,-2.101119995E1,3.685987091E1,8.735107422E0
1.694706107E2,-1.370178223E0,4.121508026E1,1.159613037E1
1.697201837E2,9.651489258E-1,4.165091705E1,5.367248535E0
1.699697867E2,-1.413841248E1,3.776926422E1,1.761254883E1
1.702193597E2,-2.392109680E1,2.892949677E1,1.558099365E1
1.704689699E2,-1.417662048E1,3.500769806E1,1.239862061E1
1.707185429E2,-1.055804443E1,3.284256744E1,1.884033203E1
1.709681149E2,-1.680531311E1,3.067371368E1,2.022735596E1
1.712177189E2,-2.017453003E1,3.141951752E1,9.429199219E0
1.714672831E2,-3.329389954E1,1.449864960E1,1.442785645E1
1.717168561E2,-3.238832092E1,1.861753082E1,1.167901611E1
1.719664591E2,-3.015924072E1,2.337943268E1,1.073223877E1
1.722160321E2,-2.996704102E1,2.690499115E1,-4.015441895E0
1.724655847E2,-2.035023499E1,3.278083038E1,-1.304559326E1
1.727151877E2,-3.414106750E1,1.399155426E1,4.235778809E0
1.729647607E2,-3.311607361E1,8.975334167E0,1.146545410E0
1.732143637E2,-2.593974304E1,2.307059479E1,-3.553161621E0
1.734639358E2,-1.180271912E1,3.352544403E1,-1.092968750E1
1.737135087E2,-1.755632019E1,2.734738922E1,-1.300842285E1
1.739631118E2,-3.003234863E1,1.807621002E1,-8.582153320E0
1.742126848E2,-2.737322998E1,2.173007965E1,-9.917541504E0
1.744622504E2,-9.965469360E0,3.164165497E1,-1.194042969E1
1.747118544E2,-5.266510010E0,3.367633820E1,-1.029925537E1
1.749614274E2,-1.604083252E1,2.922396088E1,-1.531433105E1
1.752109994E2,-2.933161926E1,2.209140778E1,-1.724426270E0
1.754606129E2,-2.679634094E1,2.479450226E1,-1.177502441E1
1.757101849E2,-5.921081543E0,3.370459747E1,-2.078161621E1
1.759597579E2,-9.519638062E0,3.380419159E1,-1.983996582E1
1.762093609E2,-2.976742554E1,2.775753021E1,-1.066070557E1
1.764589339E2,-3.492718506E1,2.406316376E1,-9.249633789E0
1.767084988E2,-1.940948486E1,3.488719940E1,-1.366027832E1
1.769581018E2,-4.850540161E0,3.897290802E1,-1.654876709E1
1.772076748E2,-1.975834656E1,3.062749481E1,-1.623907471E1
1.774572777E2,-3.844407654E1,1.156925201E1,-1.011645508E1
1.777068574E2,-3.498934937E1,1.650098419E1,-1.646936035E1
1.779564304E2,-1.428527832E1,2.875968170E1,-2.629010010E1
1.782060334E2,-1.245645142E1,2.669533539E1,-3.218139648E1
1.784556064E2,-4.072082520E1,1.736518860E0,-1.380218506E1
1.787051714E2,-3.992001343E1,3.583755493E-1,-5.644836426E0
1.789547754E2,-3.727569580E1,1.533298492E1,-5.404357910E0
1.792043474E2,-3.017202759E1,1.619589996E1,-2.385809326E1
1.794539204E2,-1.090791321E1,3.473859406E1,-2.443914795E1
1.797035254E2,-1.543659973E1,3.211188507E1,-2.775042725E1
1.799530984E2,-3.708387756E1,1.575684357E1,-1.992932129E1
1.802026714E2,-3.521670532E1,2.484250641E1,-1.501391602E1
1.804522744E2,-2.932716370E1,3.418618011E1,-1.886431885E1
1.807018472E2,-1.131596375E1,3.986002350E1,-1.862237549E1
1.809514202E2,-1.382719421E1,3.888755035E1,-7.130676270E0
1.812010232E2,-1.829939270E1,3.405608368E1,3.767700195E-1
1.814505962E2,-2.394789124E1,2.837192535E1,9.591735840E0
1.817001795E2,-1.144476318E1,3.531591034E1,1.087908936E1
1.819497825E2,-7.884231567E0,3.593750763E1,1.075396729E1
1.821993555E2,-5.670242310E0,3.811089325E1,5.997497559E0
1.824489275E2,-1.996133423E1,3.426056671E1,4.815795898E0
1.826985304E2,-1.167276001E1,3.774483490E1,8.331970215E0
1.829481024E2,4.555175781E0,3.863542938E1,9.728820801E0
1.831976754E2,2.357772827E0,4.028572845E1,7.029541016E0
1.834472784E2,-9.984130859E0,4.270659637E1,2.114562988E0
1.836968464E2,-2.453575134E1,3.911359406E1,4.425781250E0
1.839464194E2,-1.179718018E1,4.220610809E1,7.719055176E0
1.841960224E2,3.665237427E0,4.255037689E1,9.681579590E0
1.844455954E2,-3.197570801E0,4.715416718E1,-4.981994629E0
1.846951694E2,-3.851719666E1,2.793001556E1,1.399645996E1
1.849447724E2,-2.908232117E1,3.681168365E1,9.466125488E0
1.851943454E2,-1.634658813E0,4.535468292E1,8.653747559E0
1.854439174E2,-7.631927490E0,4.607871246E1,1.144836426E0
1.856935224E2,-2.939366150E1,3.463909149E1,8.703918457E0
1.859430944E2,-3.056527710E1,3.221880341E1,1.045043945E0
1.861926674E2,-2.687040710E1,3.358823395E1,4.193176270E0
1.864422704E2,-2.239167786E1,3.747760773E1,2.444519043E0
1.866918401E2,-2.031144714E1,3.912947845E1,-6.784057617E-1
1.869414131E2,-3.954681396E1,1.424694061E1,7.573913574E0
1.871910161E2,-3.930825806E1,1.268337250E1,8.615173340E0
1.874405891E2,-3.552188110E1,2.396918488E1,2.733642578E0
1.876901371E2,-3.472509766E1,2.419709015E1,-8.731994629E0
1.879397401E2,-2.842330933E1,2.831632233E1,-1.633813477E1
1.881893131E2,-3.806250000E1,1.246799469E1,-1.357977295E1
1.884388861E2,-3.988551331E1,2.204292297E0,-7.393859863E0
1.886885038E2,-3.612257385E1,3.832252502E0,-1.115374756E1
1.889380768E2,-2.983349609E1,2.606703949E1,-1.165228271E1
1.891876488E2,-2.017625427E1,3.992671967E1,-9.262512207E0
1.894372528E2,-2.122865295E1,2.843602753E1,-2.042071533E1
1.896868098E2,-3.017016602E1,1.296723175E1,-7.272949219E-1
1.899363828E2,-2.761499023E1,1.125690460E1,-3.702392578E0
1.901859858E2,-1.834423828E1,2.411971283E1,-7.562194824E0
1.904355588E2,-1.548052979E1,2.646425629E1,-1.106549072E1
1.906851242E2,-1.947393799E1,1.730196381E1,-1.860931396E1
1.909346972E2,7.089843750E-1,-4.121360779E0,-4.072674561E1
1.911843002E2,1.072380066E1,-1.263999176E1,-3.742572021E1
1.914338732E2,1.475640869E1,-1.658338165E1,-3.415661621E1
1.916834553E2,1.809411621E1,-1.390674591E1,-3.392431641E1
1.919330593E2,2.098742676E1,-1.449411774E1,-3.392742920E1
1.921826313E2,1.942686462E1,-1.524231720E1,-3.550958252E1
1.924322042E2,2.183340454E1,-1.532624054E1,-3.592486572E1
1.926818200E2,2.313275146E1,-1.621576691E1,-3.511822510E1
1.929313930E2,1.829208374E0,-1.383975983E1,-4.213085938E1
1.931809660E2,-3.404281616E1,-1.208747101E1,-2.308099365E1
1.934305690E2,-3.217414856E1,2.094902802E1,-1.804321289E1
1.936801221E2,-1.958715820E1,2.852632904E1,-2.553692627E1
1.939296951E2,-7.932617188E0,3.445723724E1,-2.474786377E1
1.941792981E2,-3.282431030E1,1.556772614E1,-2.684234619E1
1.944288711E2,-3.914135742E1,-1.268531799E0,-9.979736328E0
1.946784600E2,-3.723504639E1,8.042762756E0,-4.056152344E0
1.949280320E2,-3.298742676E1,1.782614899E1,-1.307080078E1
1.951776360E2,-1.964909363E1,2.721767426E1,-2.322705078E1
1.954272080E2,-5.615509033E0,2.809920502E1,-2.782495117E1
1.956767606E2,-2.599580383E1,1.830976105E1,-2.224810791E1
1.959263636E2,-3.109106445E1,1.435608673E1,-1.294219971E1
1.961759366E2,-2.145542908E1,2.722849274E1,-9.476135254E0
1.964255096E2,-1.641528320E1,3.156264496E1,-7.751586914E0
1.966751201E2,1.021911621E0,3.702744293E1,-1.188330078E1
1.969246931E2,-1.700930786E1,3.628737640E1,-8.149841309E0
1.971742661E2,-2.400236511E1,3.199387360E1,-3.425292969E0
1.974238691E2,-7.977844238E0,4.001949310E1,-2.874755859E-2
1.976734418E2,2.338943481E0,3.959552765E1,7.554016113E0
1.979230138E2,-9.918167114E0,3.866976166E1,4.217956543E0
1.981725867E2,-1.913594055E1,3.337436676E1,5.240356445E0
1.984221898E2,-1.801623535E1,3.140628815E1,1.125903320E1
1.986717635E2,3.827880859E0,3.870250702E1,6.842468262E0
1.989213365E2,-3.881347656E0,3.732595062E1,1.058721924E1
1.991709395E2,-6.916824341E0,3.649141693E1,3.629272461E0
1.994205125E2,-1.948774719E1,2.559152985E1,9.273925781E0
1.996700679E2,-5.553115845E0,3.573972321E1,-2.476806641E-1
1.999196709E2,9.123947144E0,3.664760590E1,-3.471130371E0
2.001692439E2,-1.204956055E0,3.528993988E1,-4.715698242E0
2.004188159E2,-1.610183716E1,2.685604095E1,3.530639648E0
2.006683840E2,-1.706092834E1,2.735811615E1,2.509338379E0
2.009179880E2,5.895553589E0,3.555016327E1,-1.375793457E0
2.011675600E2,1.227203369E0,3.527745819E1,-2.342163086E0
2.014171330E2,-1.709364319E1,2.765468597E1,5.133850098E0
2.016667366E2,-2.592329407E1,1.825200653E1,7.577148438E0
2.019163096E2,-1.525596619E1,2.953704071E1,6.846618652E0
2.021658826E2,-1.684185791E1,2.977475739E1,6.552062988E0
2.024154856E2,-1.185610962E1,3.299799347E1,9.855957031E-1
2.026650750E2,-1.033387756E1,3.375067902E1,-6.168273926E0
2.029146480E2,-2.941130066E1,2.337223053E1,2.106323242E-1
2.031642200E2,-3.459378052E1,1.210982513E1,1.060882568E1
2.034138240E2,-3.309460449E1,1.560723114E1,1.351293945E1
2.036633750E2,-3.934196472E1,1.194966888E1,3.300781250E-1
2.039129480E2,-2.765274048E1,3.013639069E1,-1.081475830E1
2.041625510E2,-3.085939026E1,2.858962250E1,-9.863342285E0
2.044121240E2,-3.600196838E1,1.129685211E1,4.751281738E0
2.046617039E2,-3.604527283E1,1.080568695E1,3.771240234E0
2.049113069E2,-2.168827820E1,3.307987213E1,-6.522827148E-1
2.051608799E2,-1.438859558E1,3.858266449E1,4.502746582E0
2.054104529E2,-1.926744080E1,2.946825409E1,-1.015399170E1
2.056600385E2,-3.290669250E1,1.254915619E1,-2.272705078E0
2.059096425E2,-3.079310608E1,1.193610382E1,-9.887207031E0
2.061592145E2,-5.016921997E0,3.114134979E1,-1.228796387E1
2.064087875E2,-5.890838623E0,3.014141083E1,-1.369134521E1
2.066583761E2,-2.745242310E1,1.633580780E1,-6.161865234E0
2.069079491E2,-3.223512268E1,6.076347351E0,-1.116333008E0
2.071575221E2,-2.468089294E1,2.039675140E1,-1.274517822E1
2.074070951E2,-4.727005005E0,2.881539154E1,-1.977569580E1
2.076566939E2,-2.078062439E1,2.479587555E1,-1.686602783E1
2.079062669E2,-3.420329285E1,6.004371643E0,-4.898864746E0
2.081558399E2,-3.087065125E1,1.347769928E1,-1.071154785E1
2.084054429E2,-8.209350586E0,3.255818939E1,-1.615228271E1
2.086550099E2,-6.160629272E0,3.076203156E1,-1.997137451E1
2.089045819E2,-3.087599182E1,1.951078033E1,-1.594830322E1
2.091541549E2,-4.014624023E1,4.281822205E0,-9.544860840E0
2.094037579E2,-3.226675415E1,1.645301056E1,-2.143475342E1
2.096533360E2,-7.542175293E0,2.701741791E1,-3.311968994E1
2.099029090E2,-2.112919617E1,1.953809357E1,-3.385736084E1
2.101524820E2,-3.288269043E1,9.717788696E-1,-1.632891846E1
2.104020850E2,-3.256352234E1,3.393119812E0,-1.382977295E1
2.106516626E2,-3.062384033E1,1.610553741E1,-1.556597900E1
2.109012346E2,-1.616915894E1,2.983979034E1,-2.403356934E1
2.111508386E2,3.794296265E0,2.948812103E1,-3.112213135E1
2.114004106E2,-1.585723877E1,3.192539215E1,-2.349371338E1
2.116499641E2,-3.087088013E1,2.838985443E1,-9.117614746E0
2.118995371E2,-2.959167480E1,3.511910248E1,1.537780762E0
2.121491401E2,-3.624237061E1,3.304505157E1,1.060778809E1
2.123987131E2,-2.921191406E1,4.052425385E1,1.513244629E0
2.126482961E2,-1.308078003E1,4.984029388E1,1.319390869E1
2.128978991E2,-9.505538940E0,4.160480499E1,1.573626709E1
2.131474721E2,-2.112742615E1,3.215390778E1,1.613372803E1
2.133970441E2,2.027893066E-2,3.967719269E1,1.579565430E1
2.136466200E2,4.523178101E0,3.816053009E1,1.583581543E1
2.138962230E2,-7.978393555E0,3.722457123E1,9.290527344E0
2.141457960E2,-2.421865845E1,2.507752228E1,1.621527100E1
2.143953690E2,-2.164184570E0,3.908077240E1,6.704956055E0
2.146449515E2,1.184213257E1,3.714577484E1,7.557312012E0
2.148945245E2,-3.839569092E0,3.988643646E1,4.822570801E0
2.151440975E2,-1.433305359E1,3.726789093E1,1.288336182E1
2.153937005E2,-2.231385803E1,3.242378998E1,1.602154541E1
2.156432721E2,-4.556991577E0,4.317258453E1,8.887573242E0
2.158928451E2,1.515960693E-1,4.475055695E1,7.569580078E0
2.161424481E2,-5.683807373E0,4.450272369E1,1.010699463E1
2.163920211E2,-2.196675110E1,3.197371674E1,1.678894043E1
2.166416023E2,-6.148712158E0,4.316059113E1,5.370056152E0
2.168911752E2,7.744506836E0,4.326845551E1,3.152282715E0
2.171407783E2,-8.320556641E0,4.380204010E1,6.821228027E0
2.173903513E2,-3.074632263E1,2.396227264E1,7.344787598E0
2.176399352E2,-2.328343201E1,3.219046783E1,6.262023926E0
2.178895382E2,-1.991658020E1,3.415557098E1,6.726379395E0
2.181391112E2,-2.516336060E1,3.157880402E1,3.624877930E0
2.183886842E2,-2.635183716E1,3.222389984E1,-3.234069824E0
2.186382625E2,-3.825468445E1,1.470919037E1,7.541259766E0
2.188878355E2,-4.010421753E1,8.687400818E0,6.385620117E0
2.191374075E2,-3.369868469E1,2.242035675E1,-1.228930664E1
2.193869805E2,-2.126094055E1,3.282373810E1,-1.726904297E1
2.196365911E2,-1.933648682E1,3.016326141E1,-2.514703369E1
2.198861641E2,-3.981227112E1,7.074089050E0,-1.187286377E1
2.201357371E2,-3.764456177E1,1.168042755E1,-1.406976318E1
2.203853401E2,-2.648146057E1,3.101422882E1,-1.538720703E1
2.206349235E2,-7.648895264E0,4.057341766E1,-1.469677734E1
2.208844965E2,-2.363121033E1,2.705075836E1,-1.702313232E1
2.211340685E2,-3.092701721E1,1.424658966E1,-1.655169678E1
2.213836725E2,-2.244894409E1,2.558103180E1,-1.801800537E1
2.216332468E2,-2.120880127E0,3.638968658E1,-1.503631592E1
2.218828188E2,-1.236434937E0,3.578116608E1,-1.495526123E1
2.221324228E2,-2.169029236E1,2.628345490E1,-1.678753662E1
2.223819948E2,-3.217535400E1,1.750940704E1,-1.236120605E1
2.226315688E2,-1.629527283E1,3.002185822E1,-2.080456543E1
2.228811418E2,5.571456909E0,3.489920807E1,-2.082440186E1
2.231307448E2,-2.191070557E0,3.264366913E1,-2.593920898E1
2.233803178E2,-3.128207397E1,2.534165192E1,-9.994812012E0
2.236298853E2,-3.496252441E1,2.260449982E1,-7.736999512E0
2.238794883E2,-1.254251099E1,3.877136993E1,-1.341149902E1
2.241290613E2,-7.216796875E-1,4.160062408E1,-1.319329834E1
2.243786333E2,-2.782691956E1,2.757923126E1,-2.316510010E1
2.246282040E2,-1.789155579E1,-8.853309631E0,-4.371307373E1
2.248778070E2,2.610153198E0,-1.066297150E1,-4.817639160E1
2.251273800E2,6.968658447E0,-1.256085968E1,-4.714105225E1
2.253769530E2,2.493344116E1,-1.311559296E1,-4.116033936E1
2.256265587E2,2.628352356E1,-1.458452606E1,-3.889611816E1
2.258761317E2,2.659226990E1,-1.603986359E1,-3.727819824E1
2.261257047E2,2.589602661E1,-1.781224823E1,-3.563128662E1
2.263752767E2,2.245024109E1,-1.756201935E1,-3.678045654E1
2.266248550E2,2.173582458E1,-1.728610992E1,-3.689160156E1
2.268744270E2,2.457064819E1,-1.702346039E1,-3.323931885E1
2.271240000E2,2.534687805E1,-1.714598846E1,-3.105725098E1