,Time (s),X (ÂµT),Y (ÂµT),Z (ÂµT),label
0,1.559653558e+36,-18.91346741,-20.26633453,-18.21795654,climbing_stairs
1,1.559653558e+36,-21.54638672,-18.56656647,-18.32202148,climbing_stairs
2,1.559653558e+36,-23.48335266,-17.76062775,-19.54486084,climbing_stairs
3,1.559653558e+36,-29.53842163,-14.29322052,-12.39471436,climbing_stairs
4,1.559653558e+36,-33.5944519,0.4737472534,6.99029541,climbing_stairs
5,1.559653558e+36,-30.39772034,17.50009918,11.08624268,climbing_stairs
6,1.559653558e+36,-16.89125061,21.15367889,28.58660889,climbing_stairs
7,1.559653558e+36,-10.21202087,21.00019073,30.19598389,climbing_stairs
8,1.559653558e+36,-4.125244141,28.24459076,18.74176025,climbing_stairs
9,1.559653558e+36,-13.53137207,22.32077789,15.47857666,climbing_stairs
10,1.559653558e+36,-5.352722168,25.86782074,16.06719971,climbing_stairs
11,1.559653558e+36,6.870651245,25.51444244,19.24078369,climbing_stairs
12,1.559653558e+36,1.106826782,24.95847321,19.03778076,climbing_stairs
13,1.559653558e+36,-10.02638245,25.88170624,13.27862549,climbing_stairs
14,1.559653558e+36,-16.93560791,18.77178192,15.77636719,climbing_stairs
15,1.559653558e+36,2.913024902,29.99662018,14.37225342,climbing_stairs
16,1.559653558e+36,5.233566284,29.0704422,16.83850098,climbing_stairs
17,1.559653558e+36,-3.530212402,29.74185944,11.68652344,climbing_stairs
18,1.559653558e+36,-14.45755005,24.44004059,14.92614746,climbing_stairs
19,1.559653558e+36,-3.521774292,29.14078522,14.55584717,climbing_stairs
20,1.559653558e+36,0.1581878662,26.45781708,22.47894287,climbing_stairs
21,1.559653558e+36,-0.6912231445,29.75643158,17.07116699,climbing_stairs
22,1.559653558e+36,-21.25692749,19.96552277,17.26824951,climbing_stairs
23,1.559653558e+36,-20.29904175,20.74303436,19.62878418,climbing_stairs
24,1.559653558e+36,-19.01916504,22.60987091,20.72271729,climbing_stairs
25,1.559653558e+36,-25.8979187,21.68073273,13.03192139,climbing_stairs
26,1.559653558e+36,-26.69515991,24.67963409,0.8283691406,climbing_stairs
27,1.559653558e+36,-33.16844177,17.34549713,8.061340332,climbing_stairs
28,1.559653558e+36,-30.89900208,3.275276184,14.96844482,climbing_stairs
29,1.559653558e+36,-30.89556885,9.657264709,11.25299072,climbing_stairs
30,1.559653558e+36,-33.70957947,13.23938751,0.05816650391,climbing_stairs
31,1.559653558e+36,-25.64199829,24.2453537,-10.3862915,climbing_stairs
32,1.559653558e+36,-30.3835907,17.3050766,-11.46862793,climbing_stairs
33,1.559653558e+36,-35.20877075,1.021186829,-6.527954102,climbing_stairs
34,1.559653558e+36,-29.35852051,18.14069366,-10.38818359,climbing_stairs
35,1.559653558e+36,-12.49957275,30.85305023,-13.49523926,climbing_stairs
36,1.559653558e+36,-18.23628235,25.43553925,-16.30108643,climbing_stairs
37,1.559653558e+36,-31.70649719,8.810264587,-11.84893799,climbing_stairs
38,1.559653558e+36,-27.77507019,16.5238266,-13.54467773,climbing_stairs
39,1.559653558e+36,-6.306091309,30.58655548,-14.36480713,climbing_stairs
40,1.559653558e+36,-6.653686523,28.38552094,-17.53387451,climbing_stairs
41,1.559653558e+36,-26.58529663,13.41114044,-15.47644043,climbing_stairs
42,1.559653558e+36,-25.41192627,12.99953461,-17.23999023,climbing_stairs
43,1.559653558e+36,-6.797622681,28.61910248,-18.90124512,climbing_stairs
44,1.559653558e+36,-2.346984863,28.06475067,-21.81085205,climbing_stairs
45,1.559653558e+36,-26.16014099,14.34528351,-18.19750977,climbing_stairs
46,1.559653558e+36,-26.92903137,8.55644989,-21.56854248,climbing_stairs
47,1.559653558e+36,-10.98658752,27.87377167,-20.12335205,climbing_stairs
48,1.559653558e+36,1.86315918,30.13036346,-20.42266846,climbing_stairs
49,1.559653558e+36,-23.77906799,13.92571259,-26.21112061,climbing_stairs
50,1.559653558e+36,-29.4654541,-4.179481506,-25.30340576,climbing_stairs
51,1.559653558e+36,-21.19171143,13.59371185,-31.10333252,climbing_stairs
52,1.559653558e+36,5.010314941,29.27962494,-27.87939453,climbing_stairs
53,1.559653558e+36,4.104171753,25.02571869,-34.48370361,climbing_stairs
54,1.559653558e+36,-24.01010132,-4.864494324,-34.20141602,climbing_stairs
55,1.559653558e+36,-31.38397217,-4.421363831,-15.63739014,climbing_stairs
56,1.559653558e+36,-29.4813385,7.692649841,-17.50738525,climbing_stairs
57,1.559653558e+36,-16.48278809,14.53092194,-25.55926514,climbing_stairs
58,1.559653558e+36,-7.697784424,21.16538239,-22.31018066,climbing_stairs
59,1.559653558e+36,-29.84068298,27.78948212,-9.340332031,climbing_stairs
60,1.559653558e+36,-35.30883789,36.37760162,2.747314453,climbing_stairs
61,1.559653558e+36,-23.85054016,46.02033234,5.759338379,climbing_stairs
62,1.559653558e+36,-31.76869202,49.31981659,5.840209961,climbing_stairs
63,1.559653558e+36,-20.56958008,56.18634796,13.51092529,climbing_stairs
64,1.559653558e+36,-12.21643066,47.7271347,15.5770874,climbing_stairs
65,1.559653558e+36,-23.20918274,33.2767868,17.50970459,climbing_stairs
66,1.559653558e+36,-7.193725586,38.65209198,23.74981689,climbing_stairs
67,1.559653558e+36,-2.543609619,32.88220978,32.59393311,climbing_stairs
68,1.559653558e+36,-2.102172852,36.63690948,18.92681885,climbing_stairs
69,1.559653558e+36,-16.6252594,25.10671234,18.12158203,climbing_stairs
70,1.559653558e+36,-7.659011841,30.22116852,17.12188721,climbing_stairs
71,1.559653558e+36,2.940887451,28.7360611,22.32745361,climbing_stairs
72,1.559653558e+36,-3.825149536,29.99408722,6.871948242,climbing_stairs
73,1.559653558e+36,-18.96704102,21.2080307,14.21148682,climbing_stairs
74,1.559653558e+36,-15.74598694,28.60558319,12.18310547,climbing_stairs
75,1.559653558e+36,-0.652130127,35.82936859,13.87701416,climbing_stairs
76,1.559653558e+36,-4.627563477,35.63871002,7.178100586,climbing_stairs
77,1.559653558e+36,-15.56552124,23.54123688,10.39111328,climbing_stairs
78,1.559653558e+36,-23.49415588,21.62873077,8.463195801,climbing_stairs
79,1.559653558e+36,-2.651367188,34.46846771,4.518127441,climbing_stairs
80,1.559653558e+36,0.5116729736,36.2193222,3.225891113,climbing_stairs
81,1.559653558e+36,-22.47338867,29.74774933,3.523254395,climbing_stairs
82,1.559653558e+36,-30.48242188,14.57685089,17.96429443,climbing_stairs
83,1.559653558e+36,-21.74281311,27.48490143,16.74005127,climbing_stairs
84,1.559653558e+36,-32.88464355,21.49263763,8.576599121,climbing_stairs
85,1.559653558e+36,-32.75682068,25.03752899,-7.190368652,climbing_stairs
86,1.559653558e+36,-36.38952637,21.90981293,-4.793151855,climbing_stairs
87,1.559653558e+36,-40.02661133,1.800437927,9.160644531,climbing_stairs
88,1.559653558e+36,-39.43914795,3.302207947,10.93688965,climbing_stairs
89,1.559653558e+36,-36.14196777,17.61141205,1.265197754,climbing_stairs
90,1.559653558e+36,-34.47280884,14.34392548,-15.84820557,climbing_stairs
91,1.559653558e+36,-28.96913147,13.6259079,-25.7220459,climbing_stairs
92,1.559653558e+36,-35.33299255,11.4832077,-14.89215088,climbing_stairs
93,1.559653558e+36,-36.63337708,11.48700714,-3.302062988,climbing_stairs
94,1.559653558e+36,-26.62620544,27.48046112,-11.5100708,climbing_stairs
95,1.559653558e+36,-15.12045288,36.39136505,-11.06585693,climbing_stairs
96,1.559653558e+36,-14.13372803,29.01087189,-4.995056152,climbing_stairs
97,1.559653558e+36,-26.88079834,14.28675079,-6.945495605,climbing_stairs
98,1.559653558e+36,-26.07946777,12.39315033,-12.75921631,climbing_stairs
99,1.559653558e+36,-5.360717773,25.91822052,-12.86724854,climbing_stairs
100,1.559653558e+36,-4.665222168,24.07506561,-16.51782227,climbing_stairs
101,1.559653558e+36,-20.11166382,15.49240875,-18.97772217,climbing_stairs
102,1.559653558e+36,-20.302948,16.46212006,-24.41381836,climbing_stairs
103,1.559653558e+36,-4.768692017,25.70543671,-24.75164795,climbing_stairs
104,1.559653558e+36,1.413711548,27.94191742,-25.99713135,climbing_stairs
105,1.559653558e+36,-25.56851196,19.36511993,-21.48944092,climbing_stairs
106,1.559653558e+36,-30.26025391,5.897926331,-21.60241699,climbing_stairs
107,1.559653558e+36,-20.92933655,17.66107941,-26.28930664,climbing_stairs
108,1.559653558e+36,-1.638168335,25.32100677,-27.31036377,climbing_stairs
109,1.559653558e+36,-6.393539429,22.5779953,-29.21990967,climbing_stairs
110,1.559653558e+36,-26.35609436,11.8793869,-24.45770264,climbing_stairs
111,1.559653558e+36,-30.86683655,7.335884094,-21.85424805,climbing_stairs
112,1.559653558e+36,-14.12811279,23.50188446,-28.53851318,climbing_stairs
113,1.559653558e+36,4.42036438,28.70305634,-27.90447998,climbing_stairs
114,1.559653558e+36,-21.49606323,15.58463287,-36.85675049,climbing_stairs
115,1.559653558e+36,-32.32006836,3.849784851,-14.80682373,climbing_stairs
116,1.559653558e+36,-29.98377991,11.60903168,-11.2588501,climbing_stairs
117,1.559653558e+36,-24.18571472,19.3919754,-14.82397461,climbing_stairs
118,1.559653558e+36,-13.59138489,25.75534821,-20.4621582,climbing_stairs
119,1.559653558e+36,-7.716659546,28.3780899,-17.88238525,climbing_stairs
120,1.559653558e+36,-19.87443542,27.47696686,-2.368408203,climbing_stairs
121,1.559653558e+36,-20.21502686,30.43842316,4.987915039,climbing_stairs
122,1.559653558e+36,-8.067810059,36.60050201,4.661315918,climbing_stairs
123,1.559653558e+36,-15.04316711,34.05571747,9.386657715,climbing_stairs
124,1.559653558e+36,-5.106018066,38.2726059,12.36474609,climbing_stairs
125,1.559653558e+36,-13.13598633,37.45598602,8.85925293,climbing_stairs
126,1.559653558e+36,-24.00039673,29.85262299,12.78582764,climbing_stairs
127,1.559653558e+36,-12.53089905,36.07506561,14.45111084,climbing_stairs
128,1.559653558e+36,-5.714752197,34.518013,21.65704346,climbing_stairs
129,1.559653558e+36,-12.49934387,35.60042572,15.45684814,climbing_stairs
130,1.559653558e+36,-24.28894043,23.37186432,17.77166748,climbing_stairs
131,1.559653558e+36,-24.79364014,22.29468536,16.28234863,climbing_stairs
132,1.559653558e+36,-9.016265869,35.1155777,14.21081543,climbing_stairs
133,1.559653558e+36,-5.624053955,34.59343719,16.2699585,climbing_stairs
134,1.559653558e+36,-14.03495789,31.98403168,10.51898193,climbing_stairs
135,1.559653558e+36,-20.33555603,25.56719208,14.27703857,climbing_stairs
136,1.559653558e+36,-22.15600586,24.87998199,14.38952637,climbing_stairs
137,1.559653558e+36,-7.097351074,34.31653595,11.02947998,climbing_stairs
138,1.559653558e+36,-4.931243896,35.81737518,6.423583984,climbing_stairs
139,1.559653558e+36,-21.88879395,21.59078217,15.53814697,climbing_stairs
140,1.559653558e+36,-28.19270325,10.11927032,15.88586426,climbing_stairs
141,1.559653558e+36,-12.87503052,28.32123566,14.1260376,climbing_stairs
142,1.559653558e+36,-9.153640747,32.11704254,6.633361816,climbing_stairs
143,1.559653558e+36,-20.10263062,20.24529266,17.23455811,climbing_stairs
144,1.559653558e+36,-25.50775146,12.27091217,15.97106934,climbing_stairs
145,1.559653558e+36,-15.01377869,25.59947968,13.34368896,climbing_stairs
146,1.559653558e+36,-21.1892395,19.19881439,11.79498291,climbing_stairs
147,1.559653558e+36,-22.81950378,22.96926117,2.163757324,climbing_stairs
148,1.559653558e+36,-24.45098877,21.16519928,-1.514648438,climbing_stairs
149,1.559653558e+36,-35.11585999,5.68106842,6.594116211,climbing_stairs
150,1.559653558e+36,-36.26899719,8.102302551,5.622009277,climbing_stairs
151,1.559653558e+36,-30.13342285,21.82358551,-5.836547852,climbing_stairs
152,1.559653558e+36,-18.32522583,28.71030426,-15.53314209,climbing_stairs
153,1.559653558e+36,-23.68452454,25.74221039,-21.76245117,climbing_stairs
154,1.559653558e+36,-38.27072144,14.65714264,-8.06262207,climbing_stairs
155,1.559653558e+36,-34.35758972,21.73685455,-5.793395996,climbing_stairs
156,1.559653558e+36,-19.53601074,36.86740875,-11.3729248,climbing_stairs
157,1.559653558e+36,-9.05015564,42.60019684,-7.387268066,climbing_stairs
158,1.559653558e+36,-15.52534485,35.58634186,-8.928894043,climbing_stairs
159,1.559653558e+36,-36.2281189,12.80364227,-3.067871094,climbing_stairs
160,1.559653558e+36,-20.49223328,29.6528244,-11.71063232,climbing_stairs
161,1.559653558e+36,4.645004272,34.35300446,-9.944458008,climbing_stairs
162,1.559653558e+36,-0.614151001,34.89006805,-15.26184082,climbing_stairs
163,1.559653558e+36,-27.68228149,24.20789337,-11.81585693,climbing_stairs
164,1.559653558e+36,-28.97009277,22.10753632,-12.96429443,climbing_stairs
165,1.559653558e+36,0.04095458984,34.22875214,-16.05792236,climbing_stairs
166,1.559653558e+36,6.194046021,32.79921722,-18.71258545,climbing_stairs
167,1.559653558e+36,-26.96554565,26.71100616,-15.8638916,climbing_stairs
168,1.559653558e+36,-32.64187622,18.71816254,-12.15075684,climbing_stairs
169,1.559653558e+36,-11.83839417,30.55002594,-22.80706787,climbing_stairs
170,1.559653558e+36,-1.447174072,30.47475433,-25.59082031,climbing_stairs
171,1.559653558e+36,-27.84159851,25.24033356,-16.18005371,climbing_stairs
172,1.559653558e+36,-38.00126648,14.74704742,-11.38079834,climbing_stairs
173,1.559653558e+36,-19.01747131,29.71955109,-23.7300415,climbing_stairs
174,1.559653558e+36,5.660858154,34.33475494,-24.80450439,climbing_stairs
175,1.559653558e+36,-5.034057617,29.8817215,-34.17730713,climbing_stairs
176,1.559653558e+36,-37.33883667,4.742301941,-13.5413208,climbing_stairs
177,1.559653558e+36,-34.50585938,2.340675354,-10.73468018,climbing_stairs
178,1.559653558e+36,-27.70339966,18.71776581,-8.216247559,climbing_stairs
179,1.559653558e+36,-18.2940979,24.94193268,-18.13311768,climbing_stairs
180,1.559653558e+36,-0.2699432373,30.33156586,-17.26287842,climbing_stairs
181,1.559653558e+36,-5.481369019,25.1974411,-22.62139893,climbing_stairs
182,1.559653558e+36,-26.03060913,24.52317047,-2.266662598,climbing_stairs
183,1.559653558e+36,-31.03746033,19.39473724,4.274169922,climbing_stairs
184,1.559653558e+36,-18.22396851,31.88173676,4.699523926,climbing_stairs
185,1.559653558e+36,-4.442489624,37.78533173,6.693847656,climbing_stairs
186,1.559653558e+36,-3.701934814,37.01248932,10.51629639,climbing_stairs
187,1.559653558e+36,-20.13006592,36.8789444,9.854675293,climbing_stairs
188,1.559653558e+36,-33.30534363,22.70146942,19.68066406,climbing_stairs
189,1.559653558e+36,-22.69953918,34.87831879,17.61743164,climbing_stairs
190,1.559653558e+36,-15.9311676,39.12975311,14.60675049,climbing_stairs
191,1.559653558e+36,-14.73371887,37.74958038,18.88677979,climbing_stairs
192,1.559653558e+36,-28.8160553,19.90413666,18.87402344,climbing_stairs
193,1.559653558e+36,-18.35783386,34.86746979,12.30352783,climbing_stairs
194,1.559653558e+36,4.246841431,45.82733917,16.20819092,climbing_stairs
195,1.559653558e+36,-1.453323364,41.82819366,4.968811035,climbing_stairs
196,1.559653558e+36,-20.46862793,23.46498871,14.19873047,climbing_stairs
197,1.559653558e+36,-14.09817505,31.58267975,10.70147705,climbing_stairs
198,1.559653558e+36,5.962799072,34.44432831,14.99810791,climbing_stairs
199,1.559653558e+36,0.4809570312,35.84816742,5.489807129,climbing_stairs
200,1.559653558e+36,-19.00923157,23.70172882,12.73638916,climbing_stairs
201,1.559653558e+36,-16.33357239,25.48926544,13.22772217,climbing_stairs
202,1.559653558e+36,-3.117675781,32.23789215,11.46905518,climbing_stairs
203,1.559653558e+36,-1.3959198,33.36884308,8.108947754,climbing_stairs
204,1.559653558e+36,-22.76829529,21.17881012,10.89654541,climbing_stairs
205,1.559653558e+36,-25.76681519,12.32024384,15.76239014,climbing_stairs
206,1.559653558e+36,-22.24746704,20.24123383,15.16485596,climbing_stairs
207,1.559653558e+36,-28.64779663,17.83246613,7.461791992,climbing_stairs
208,1.559653558e+36,-28.77984619,19.86869049,-4.428771973,climbing_stairs
209,1.559653558e+36,-35.5737915,12.82735443,-2.467529297,climbing_stairs
210,1.559653558e+36,-38.5078125,4.688529968,0.7157592773,climbing_stairs
211,1.559653558e+36,-34.1690979,19.41613007,-0.9827270508,climbing_stairs
212,1.559653558e+36,-27.32293701,26.93473053,-9.620544434,climbing_stairs
213,1.559653558e+36,-19.42623901,31.31327057,-11.45672607,climbing_stairs
214,1.559653558e+36,-30.84555054,20.07648468,-9.685852051,climbing_stairs
215,1.559653558e+36,-30.6368866,21.84099579,-10.4442749,climbing_stairs
216,1.559653558e+36,-13.32702637,31.40607452,-12.64916992,climbing_stairs
217,1.559653558e+36,-2.299316406,32.64272308,-15.69329834,climbing_stairs
218,1.559653558e+36,-23.05848694,26.47064972,-8.217956543,climbing_stairs
219,1.559653558e+36,-32.80575562,11.39057159,-6.618225098,climbing_stairs
220,1.559653558e+36,-18.90771484,26.13303375,-13.71594238,climbing_stairs
221,1.559653558e+36,0.9672851562,31.41016388,-16.59991455,climbing_stairs
222,1.559653558e+36,-19.41041565,24.69670868,-14.90252686,climbing_stairs
223,1.559653558e+36,-32.54719543,7.560340881,-7.805419922,climbing_stairs
224,1.559653558e+36,-24.01200867,21.28501129,-13.98809814,climbing_stairs
225,1.559653558e+36,-2.175125122,31.22464752,-16.61071777,climbing_stairs
226,1.559653558e+36,-20.59474182,22.85289764,-16.50933838,climbing_stairs
227,1.559653558e+36,-35.16703796,6.940284729,-7.792419434,climbing_stairs
228,1.559653558e+36,-28.16973877,17.36061859,-15.73925781,climbing_stairs
229,1.559653558e+36,-1.852005005,29.43958282,-21.62353516,climbing_stairs
230,1.559653558e+36,-6.239578247,27.20920563,-25.16156006,climbing_stairs
231,1.559653558e+36,-34.16772461,10.20795441,-16.82183838,climbing_stairs
232,1.559653558e+36,-36.96302795,-3.119789124,-9.135314941,climbing_stairs
233,1.559653558e+36,-35.62954712,9.760108948,-9.942321777,climbing_stairs
234,1.559653558e+36,-24.61131287,19.30413055,-25.98022461,climbing_stairs
235,1.559653558e+36,-6.633178711,27.02257538,-31.62280273,climbing_stairs
236,1.559653558e+36,-12.01530457,25.99292755,-23.10992432,climbing_stairs
237,1.559653558e+36,-27.30836487,17.52217865,-11.2635498,climbing_stairs
238,1.559653558e+36,-25.0058136,22.40772247,-5.838623047,climbing_stairs
239,1.559653558e+36,-17.6656189,29.75913239,2.386962891,climbing_stairs
240,1.559653558e+36,-14.08886719,31.35419464,2.421813965,climbing_stairs
241,1.559653558e+36,-4.838607788,36.88463593,8.24230957,climbing_stairs
242,1.559653558e+36,-13.27047729,31.25322723,9.166442871,climbing_stairs
243,1.559653558e+36,-19.76196289,24.76839447,15.0413208,climbing_stairs
244,1.559653558e+36,-2.688034058,35.12186432,11.23065186,climbing_stairs
245,1.559653558e+36,2.030014038,33.73816681,14.99481201,climbing_stairs
246,1.559653558e+36,-11.44825745,32.58055878,11.04333496,climbing_stairs
247,1.559653558e+36,-24.33432007,20.62625885,13.38592529,climbing_stairs
248,1.559653558e+36,-5.69140625,33.04767609,12.22747803,climbing_stairs
249,1.559653558e+36,3.795913696,32.62552643,14.71765137,climbing_stairs
250,1.559653558e+36,-3.104858398,33.45635223,7.436279297,climbing_stairs
251,1.559653558e+36,-18.06286621,22.56969452,14.49395752,climbing_stairs
252,1.559653558e+36,-11.43644714,28.85822296,11.39605713,climbing_stairs
253,1.559653558e+36,2.739074707,31.72251129,13.14569092,climbing_stairs
254,1.559653558e+36,1.064086914,34.03557587,3.048278809,climbing_stairs
255,1.559653558e+36,-19.65899658,21.26062775,12.23443604,climbing_stairs
256,1.559653558e+36,-18.17288208,23.78185272,9.313476562,climbing_stairs
257,1.559653558e+36,2.470794678,31.71749115,9.653503418,climbing_stairs
258,1.559653558e+36,3.062210083,31.89000702,2.327392578,climbing_stairs
259,1.559653558e+36,-20.40435791,16.95703888,3.719299316,climbing_stairs
260,1.559653558e+36,-24.46656799,14.16239166,6.065368652,climbing_stairs
261,1.559653558e+36,-18.58782959,21.31472015,-3.93548584,climbing_stairs
262,1.559653558e+36,-13.45121765,24.30089569,-9.104675293,climbing_stairs
263,1.559653558e+36,-28.3714447,18.36943817,4.669677734,climbing_stairs
264,1.559653558e+36,-32.78277588,0.7529373169,15.44445801,climbing_stairs
265,1.559653558e+36,-34.23310852,12.87572479,10.47088623,climbing_stairs
266,1.559653558e+36,-31.32861328,22.46846771,-0.9025878906,climbing_stairs
267,1.559653558e+36,-28.44235229,25.66558075,-10.57537842,climbing_stairs
268,1.559653558e+36,-37.26930237,11.88629913,0.2256469727,climbing_stairs
269,1.559653558e+36,-36.4130249,8.40348053,1.847717285,climbing_stairs
270,1.559653558e+36,-33.14299011,17.49692535,-1.815795898,climbing_stairs
271,1.559653558e+36,-22.30935669,29.54158783,-9.121765137,climbing_stairs
272,1.559653558e+36,-21.56536865,27.99674225,-9.212097168,climbing_stairs
273,1.559653558e+36,-29.22969055,15.48473358,-2.112426758,climbing_stairs
274,1.559653558e+36,-31.32846069,9.980522156,-3.536315918,climbing_stairs
275,1.559653558e+36,-20.63645935,23.28548431,-9.488464355,climbing_stairs
276,1.559653558e+36,-8.907531738,30.08724213,-10.68035889,climbing_stairs
277,1.559653558e+36,-16.39868164,24.94956207,-12.45159912,climbing_stairs
278,1.559653558e+36,-31.24975586,12.10424042,-8.673461914,climbing_stairs
279,1.559653558e+36,-30.51719666,12.61191559,-11.9173584,climbing_stairs
280,1.559653558e+36,-7.977859497,28.32566071,-18.3994751,climbing_stairs
281,1.559653558e+36,-9.838790894,29.1969986,-19.92248535,climbing_stairs
282,1.559653558e+36,-34.7097168,20.05252838,-16.08837891,climbing_stairs
283,1.559653558e+36,-34.69718933,7.029014587,-2.183288574,climbing_stairs
284,1.559653558e+36,-27.890625,19.52559662,-12.3659668,climbing_stairs
285,1.559653558e+36,-9.180648804,30.89550018,-16.36956787,climbing_stairs
286,1.559653558e+36,-20.92877197,21.74227142,-14.46490479,climbing_stairs
287,1.559653558e+36,-33.00119019,2.184593201,-13.84716797,climbing_stairs
288,1.559653558e+36,-28.50508118,13.06024933,-18.6807251,climbing_stairs
289,1.559653558e+36,-8.440093994,23.936409,-22.95965576,climbing_stairs
290,1.559653558e+36,-28.48699951,14.55095673,-25.33331299,climbing_stairs
291,1.559653558e+36,-32.94221497,4.473777771,-10.26159668,climbing_stairs
292,1.559653558e+36,-29.63084412,10.77335358,-13.07098389,climbing_stairs
293,1.559653558e+36,-20.88357544,23.43087006,-16.84503174,climbing_stairs
294,1.559653558e+36,-13.15350342,33.55425262,-11.84674072,climbing_stairs
295,1.559653558e+36,3.297607422,33.98032379,-17.46154785,climbing_stairs
296,1.559653558e+36,-21.02484131,25.67168427,-12.95074463,climbing_stairs
297,1.559653558e+36,-21.08239746,29.12776947,-3.142272949,climbing_stairs
298,1.559653558e+36,-14.72097778,35.35900116,3.153442383,climbing_stairs
299,1.559653558e+36,-6.180969238,35.60884857,15.49731445,climbing_stairs
300,1.559653558e+36,-0.7127532959,38.82405853,13.84564209,climbing_stairs
301,1.559653558e+36,-15.62480164,36.10164642,11.58129883,climbing_stairs
302,1.559653558e+36,-26.58287048,25.77419281,17.0411377,climbing_stairs
303,1.559653558e+36,-11.99357605,32.90061188,18.19842529,climbing_stairs
304,1.559653558e+36,-5.829696655,31.19937897,20.7310791,climbing_stairs
305,1.559653558e+36,-8.247695923,37.94747162,17.53179932,climbing_stairs
306,1.559653558e+36,-24.33880615,25.6138382,16.92578125,climbing_stairs
307,1.559653558e+36,-14.74659729,32.8599472,19.40234375,climbing_stairs
308,1.559653558e+36,-5.02230835,31.89813995,26.47686768,climbing_stairs
309,1.559653558e+36,-1.564575195,39.15110016,12.5446167,climbing_stairs
310,1.559653558e+36,-20.39588928,27.86051178,16.64819336,climbing_stairs
311,1.559653558e+36,-18.22987366,29.97257233,16.06121826,climbing_stairs
312,1.559653558e+36,2.725921631,38.0807724,15.01025391,climbing_stairs
313,1.559653558e+36,-0.6382446289,38.76148224,10.09661865,climbing_stairs
314,1.559653558e+36,-15.44949341,31.23491669,12.67248535,climbing_stairs
315,1.559653558e+36,-15.23887634,31.10968781,11.28051758,climbing_stairs
316,1.559653558e+36,-2.820220947,36.34233856,9.700012207,climbing_stairs
317,1.559653558e+36,-0.8995819092,35.9457016,10.89025879,climbing_stairs
318,1.559653558e+36,-7.695373535,34.43064117,10.31719971,climbing_stairs
319,1.559653558e+36,-18.0769043,27.08113861,16.7833252,climbing_stairs
320,1.559653558e+36,-13.01832581,29.72354889,17.2442627,climbing_stairs
321,1.559653558e+36,-12.24798584,31.8756485,13.23370361,climbing_stairs
322,1.559653558e+36,-14.30014038,33.00475311,9.378723145,climbing_stairs
323,1.559653558e+36,-24.73667908,26.77469635,12.23724365,climbing_stairs
324,1.559653558e+36,-33.9173584,6.55216217,20.24572754,climbing_stairs
325,1.559653558e+36,-34.31126404,12.53235626,16.39630127,climbing_stairs
326,1.559653558e+36,-34.02859497,23.06147003,3.064208984,climbing_stairs
327,1.559653558e+36,-22.6530304,32.61865997,-11.1416626,climbing_stairs
328,1.559653558e+36,-32.64645386,22.99947357,-18.21838379,climbing_stairs
329,1.559653558e+36,-40.41661072,5.990272522,-5.027526855,climbing_stairs
330,1.559653558e+36,-38.60888672,11.22176361,-11.9776001,climbing_stairs
331,1.559653558e+36,-16.57804871,37.9668045,-9.934997559,climbing_stairs
332,1.559653558e+36,-9.976974487,37.95616913,-11.1463623,climbing_stairs
333,1.559653558e+36,-34.13702393,16.73331451,-6.313049316,climbing_stairs
334,1.559653558e+36,-37.62394714,7.174201965,-4.157775879,climbing_stairs
335,1.559653558e+36,-18.30682373,29.4449234,-13.62969971,climbing_stairs
336,1.559653558e+36,1.982940674,34.85109711,-11.93927002,climbing_stairs
337,1.559653558e+36,-20.29760742,25.59676361,-14.6350708,climbing_stairs
338,1.559653558e+36,-35.54541016,1.549934387,-8.564453125,climbing_stairs
339,1.559653558e+36,-31.02322388,11.88201141,-17.28808594,climbing_stairs
340,1.559653558e+36,-2.787384033,29.87407684,-24.00665283,climbing_stairs
341,1.559653558e+36,-12.88096619,25.29007721,-27.93078613,climbing_stairs
342,1.559653558e+36,-35.26757812,7.532279968,-9.912902832,climbing_stairs
343,1.559653558e+36,-32.61685181,7.632850647,-13.92840576,climbing_stairs
344,1.559653558e+36,-8.838623047,28.15331268,-24.62677002,climbing_stairs
345,1.559653558e+36,-10.03775024,23.77632904,-27.85546875,climbing_stairs
346,1.559653558e+36,-32.57104492,10.06223297,-14.3928833,climbing_stairs
347,1.559653558e+36,-31.94671631,9.754478455,-18.1027832,climbing_stairs
348,1.559653558e+36,-9.25982666,24.8907547,-28.25256348,climbing_stairs
349,1.559653558e+36,2.536270142,24.64348602,-31.08782959,climbing_stairs
350,1.559653558e+36,-23.28701782,6.686500549,-31.02514648,climbing_stairs
351,1.559653558e+36,-27.95317078,-0.05864715576,-16.15002441,climbing_stairs
352,1.559653558e+36,-25.40904236,11.20212555,-15.1517334,climbing_stairs
353,1.559653558e+36,-17.39451599,21.67136383,-18.2701416,climbing_stairs
354,1.559653558e+36,-5.859359741,30.44403839,-14.98724365,climbing_stairs
355,1.559653558e+36,-15.14407349,31.61019135,-12.22589111,climbing_stairs
356,1.559653558e+36,-19.63546753,30.66733551,-4.635681152,climbing_stairs
357,1.559653558e+36,-10.29826355,36.76111603,-0.9912719727,climbing_stairs
358,1.559653558e+36,-2.120132446,38.15196991,8.871276855,climbing_stairs
359,1.559653558e+36,8.089172363,36.30280304,12.83966064,climbing_stairs
360,1.559653558e+36,-7.0078125,38.08473969,4.152832031,climbing_stairs
361,1.559653558e+36,-21.63676453,29.48662567,8.234191895,climbing_stairs
362,1.559653558e+36,-5.823516846,35.72982025,10.00299072,climbing_stairs
363,1.559653558e+36,3.196533203,29.9838028,20.08862305,climbing_stairs
364,1.559653558e+36,-0.1777496338,35.83592987,10.29974365,climbing_stairs
365,1.559653558e+36,-20.36976624,26.26232147,13.7175293,climbing_stairs
366,1.559653558e+36,-13.86598206,29.85260773,12.88067627,climbing_stairs
367,1.559653558e+36,3.747329712,30.83066559,15.65979004,climbing_stairs
368,1.559653558e+36,3.158477783,32.90190887,10.89984131,climbing_stairs
369,1.559653558e+36,-15.48962402,27.25492096,9.160339355,climbing_stairs
370,1.559653558e+36,-18.05369568,24.40836334,9.536315918,climbing_stairs
371,1.559653558e+36,3.419021606,32.01288605,10.14855957,climbing_stairs
372,1.559653558e+36,6.599182129,32.10478973,10.34442139,climbing_stairs
373,1.559653558e+36,-6.702896118,31.57741547,5.576843262,climbing_stairs
374,1.559653558e+36,-21.23426819,22.39444733,9.250305176,climbing_stairs
375,1.559653558e+36,-13.99357605,28.80944061,8.405700684,climbing_stairs
376,1.559653558e+36,-4.930328369,31.36138153,13.20623779,climbing_stairs
377,1.559653558e+36,-7.279266357,32.57935333,6.178894043,climbing_stairs
378,1.559653558e+36,-29.30389404,13.96030426,8.153686523,climbing_stairs
379,1.559653558e+36,-28.18264771,14.57543182,12.87402344,climbing_stairs
380,1.559653558e+36,-26.17805481,23.18968964,8.977661133,climbing_stairs
381,1.559653558e+36,-29.13551331,24.14209747,0.3627929688,climbing_stairs
382,1.559653558e+36,-28.45057678,27.9532547,3.562133789,climbing_stairs
383,1.559653558e+36,-33.10646057,9.172721863,16.97894287,climbing_stairs
384,1.559653558e+36,-27.10029602,12.00060272,22.45880127,climbing_stairs
385,1.559653558e+36,-25.56005859,20.47241974,22.52655029,climbing_stairs
386,1.559653558e+36,-38.44125366,20.25591278,2.621887207,climbing_stairs
387,1.559653558e+36,-33.37141418,21.36365509,-0.7180175781,climbing_stairs
388,1.559653558e+36,-29.38743591,7.745826721,-0.6185302734,climbing_stairs
389,1.559653558e+36,-28.03253174,9.679740906,-4.853759766,climbing_stairs
390,1.559653558e+36,-16.537323,26.48741913,-7.440185547,climbing_stairs
391,1.559653558e+36,-8.886505127,28.31003571,-8.839172363,climbing_stairs
392,1.559653558e+36,-20.92051697,20.48760223,-10.71295166,climbing_stairs
393,1.559653558e+36,-27.80073547,12.93965912,-13.43035889,climbing_stairs
394,1.559653558e+36,-7.402420044,25.05597687,-19.3493042,climbing_stairs
395,1.559653558e+36,2.239379883,27.92870331,-17.66693115,climbing_stairs
396,1.559653558e+36,-19.45088196,24.57741547,-17.0947876,climbing_stairs
397,1.559653558e+36,-33.95176697,12.85449982,-8.884460449,climbing_stairs
398,1.559653558e+36,-17.83894348,26.98278046,-18.55847168,climbing_stairs
399,1.559653558e+36,4.452606201,34.3822403,-16.15203857,climbing_stairs
400,1.559653558e+36,-12.85736084,30.07683563,-21.47277832,climbing_stairs
401,1.559653558e+36,-33.85572815,18.43306732,-6.290405273,climbing_stairs
402,1.559653558e+36,-27.03025818,23.99517059,-14.87017822,climbing_stairs
403,1.559653558e+36,0.4954528809,37.16483307,-13.65374756,climbing_stairs
404,1.559653558e+36,-4.457901001,35.14838409,-17.98272705,climbing_stairs
405,1.559653558e+36,-31.80505371,18.65973663,-14.84210205,climbing_stairs
406,1.559653558e+36,-36.64851379,10.0541153,-11.64202881,climbing_stairs
407,1.559653558e+36,-11.79159546,31.55764008,-22.24890137,climbing_stairs
408,1.559653558e+36,7.322097778,35.06122589,-20.62078857,climbing_stairs
409,1.559653558e+36,-33.18353271,16.60895538,-19.99969482,climbing_stairs
410,1.559653558e+36,-36.97859192,-2.088874817,-3.508544922,climbing_stairs
411,1.559653558e+36,-35.7754364,4.245185852,-3.104980469,climbing_stairs
412,1.559653558e+36,-28.92030334,19.18831635,-12.3112793,climbing_stairs
413,1.559653558e+36,-16.71426392,31.54785919,-18.74932861,climbing_stairs
414,1.559653558e+36,-6.439025879,31.88446808,-21.26898193,climbing_stairs
415,1.559653558e+36,-25.23999023,22.21213531,-11.28710938,climbing_stairs
416,1.559653558e+36,-19.90008545,27.63121796,-8.29119873,climbing_stairs
417,1.559653558e+36,-10.20849609,35.10227203,-2.082641602,climbing_stairs
418,1.559653558e+36,1.136627197,36.72226715,1.854736328,climbing_stairs
419,1.559653558e+36,-7.418441772,35.9617691,-0.2119750977,climbing_stairs
420,1.559653558e+36,-25.23554993,26.90251923,5.667419434,climbing_stairs
421,1.559653558e+36,-6.175033569,36.92198944,1.225646973,climbing_stairs
422,1.559653558e+36,10.27688599,33.88741302,11.27630615,climbing_stairs
423,1.559653558e+36,-2.849945068,38.53951263,2.206604004,climbing_stairs
424,1.559653558e+36,-25.31027222,31.32378387,5.379333496,climbing_stairs
425,1.559653558e+36,-16.06443787,37.31842804,4.118286133,climbing_stairs
426,1.559653558e+36,7.366592407,37.87129974,8.305969238,climbing_stairs
427,1.559653558e+36,5.922210693,41.04477692,3.220581055,climbing_stairs
428,1.559653558e+36,-21.54283142,37.18946075,8.283081055,climbing_stairs
429,1.559653558e+36,-30.89633179,29.08191681,13.14093018,climbing_stairs
430,1.559653558e+36,3.445419312,41.98885345,10.86663818,climbing_stairs
431,1.559653558e+36,6.878433228,42.63686371,7.961730957,climbing_stairs
432,1.559653558e+36,-17.89126587,41.47003937,8.043640137,climbing_stairs
433,1.559653558e+36,-31.89512634,30.82041168,15.03265381,climbing_stairs
434,1.559653558e+36,-7.322433472,43.6654892,9.192077637,climbing_stairs
435,1.559653558e+36,1.913162231,42.08260345,14.38671875,climbing_stairs
436,1.559653558e+36,-11.13870239,42.17147064,10.65802002,climbing_stairs
437,1.559653558e+36,-27.5138855,28.41281891,18.21148682,climbing_stairs
438,1.559653558e+36,-16.604599,35.48020172,16.54095459,climbing_stairs
439,1.559653558e+36,-20.45466614,30.36660004,20.37176514,climbing_stairs
440,1.559653558e+36,-22.47518921,35.41114044,13.21459961,climbing_stairs
441,1.559653558e+36,-24.87388611,32.47206879,7.731872559,climbing_stairs
442,1.559653558e+36,-37.81121826,8.692466736,14.53326416,climbing_stairs
443,1.559653558e+36,-35.83670044,14.11148834,15.07666016,climbing_stairs
444,1.559653558e+36,-35.83894348,21.43061066,7.559631348,climbing_stairs
445,1.559653558e+36,-30.76196289,29.20909882,-5.409851074,climbing_stairs
446,1.559653558e+36,-24.2731781,31.0267868,-20.11669922,climbing_stairs
447,1.559653558e+36,-39.5461731,12.06305695,-9.375732422,climbing_stairs
448,1.559653558e+36,-38.77243042,8.36995697,-4.144897461,climbing_stairs
449,1.559653558e+36,-26.54109192,31.28487396,-7.603759766,climbing_stairs
450,1.559653558e+36,-7.985412598,40.27751923,-7.955200195,climbing_stairs
451,1.559653558e+36,-26.8730011,26.64019012,-10.61230469,climbing_stairs
452,1.559653558e+36,-37.20838928,6.351036072,-7.716552734,climbing_stairs
453,1.559653558e+36,-27.95349121,24.44037628,-12.15234375,climbing_stairs
454,1.559653558e+36,-3.458343506,35.99115753,-14.6762085,climbing_stairs
455,1.559653558e+36,-7.137939453,33.97098541,-17.25836182,climbing_stairs
456,1.559653558e+36,-28.09072876,24.75107574,-11.24310303,climbing_stairs
457,1.559653558e+36,-36.0279541,13.64206696,-11.59033203,climbing_stairs
458,1.559653558e+36,-14.68489075,31.10555267,-21.11169434,climbing_stairs
459,1.559653558e+36,-0.3147735596,36.36145782,-17.96105957,climbing_stairs
460,1.559653558e+36,-17.45019531,29.93527985,-22.40991211,climbing_stairs
461,1.559653558e+36,-37.83888245,15.87517548,-13.83563232,climbing_stairs
462,1.559653558e+36,-32.5475769,23.84223175,-17.08764648,climbing_stairs
463,1.559653558e+36,-5.095001221,37.65361786,-21.6206665,climbing_stairs
464,1.559653558e+36,-1.427627563,35.68576813,-26.91027832,climbing_stairs
465,1.559653558e+36,-35.18188477,24.71840668,-15.77087402,climbing_stairs
466,1.559653558e+36,-43.0660553,7.208992004,-14.9039917,climbing_stairs
467,1.559653558e+36,-25.38310242,31.88916779,-22.79278564,climbing_stairs
468,1.559653558e+36,-5.962921143,39.52146149,-24.70025635,climbing_stairs
469,1.559653558e+36,-7.50491333,35.55095673,-30.60479736,climbing_stairs
470,1.559653558e+36,-37.47122192,9.153160095,-24.92767334,climbing_stairs
471,1.559653558e+36,-38.83650208,1.933326721,-14.90710449,climbing_stairs
472,1.559653558e+36,-36.28985596,15.6125412,-10.6918335,climbing_stairs
473,1.559653558e+36,-29.81593323,23.95310211,-19.1350708,climbing_stairs
474,1.559653558e+36,-12.61856079,32.85051727,-25.54681396,climbing_stairs
475,1.559653558e+36,-19.8061676,26.0654068,-20.43835449,climbing_stairs
476,1.559653558e+36,-28.15988159,18.99701691,-7.081970215,climbing_stairs
477,1.559653558e+36,-22.95474243,27.57498932,-1.29510498,climbing_stairs
478,1.559653558e+36,-12.0398407,36.1738205,2.599975586,climbing_stairs
479,1.559653558e+36,-8.902206421,35.79755402,7.469665527,climbing_stairs
480,1.559653558e+36,-5.65385437,37.56247711,0.8850708008,climbing_stairs
481,1.559653558e+36,-25.66807556,27.77843475,5.999023438,climbing_stairs
482,1.559653558e+36,-25.85546875,27.88576508,6.974914551,climbing_stairs
483,1.559653558e+36,-2.246276855,37.16077423,9.378601074,climbing_stairs
484,1.559653558e+36,-9.322372437,36.25563812,11.57159424,climbing_stairs
485,1.559653558e+36,-15.93806458,36.9752121,11.42205811,climbing_stairs
486,1.559653558e+36,-26.97434998,32.67124176,8.747192383,climbing_stairs
487,1.559653558e+36,-6.516952515,41.67462921,7.66607666,climbing_stairs
488,1.559653558e+36,-2.630508423,40.32427216,11.95233154,climbing_stairs
489,1.559653558e+36,-4.240371704,40.5994339,11.82043457,climbing_stairs
490,1.559653558e+36,-17.67024231,40.24291229,3.237609863,climbing_stairs
491,1.559653558e+36,-30.67936707,30.29862213,4.607055664,climbing_stairs
492,1.559653558e+36,-13.23680115,40.00992584,8.505493164,climbing_stairs
493,1.559653558e+36,5.675582886,40.5426712,12.59539795,climbing_stairs
494,1.559653558e+36,-2.581359863,42.90044403,-1.835998535,climbing_stairs
495,1.559653558e+36,-25.8921051,32.27445221,6.202880859,climbing_stairs
496,1.559653558e+36,-24.29571533,32.15892792,5.460754395,climbing_stairs
497,1.559653558e+36,3.826675415,41.37081146,-0.4558105469,climbing_stairs
498,1.559653558e+36,-3.455703735,40.68985748,-0.2114868164,climbing_stairs
499,1.559653558e+36,-21.3986969,32.65155792,5.580627441,climbing_stairs
500,1.559653558e+36,-27.70524597,25.06620026,11.22833252,climbing_stairs
501,1.559653558e+36,-28.69779968,24.06493378,13.09173584,climbing_stairs
502,1.559653558e+36,-22.42234802,32.79695892,2.883728027,climbing_stairs
503,1.559653558e+36,-20.5234375,33.75244904,-1.644897461,climbing_stairs
504,1.559653558e+36,-34.88667297,24.12976837,2.296875,climbing_stairs
505,1.559653558e+36,-38.02905273,8.37776947,11.57849121,climbing_stairs
506,1.559653558e+36,-37.11024475,11.05464935,13.05511475,climbing_stairs
507,1.559653558e+36,-35.78941345,20.86385345,0.7006225586,climbing_stairs
508,1.559653558e+36,-24.34605408,32.35146332,-11.95056152,climbing_stairs
509,1.559653558e+36,-34.42366028,21.9182663,-14.98760986,climbing_stairs
510,1.559653558e+36,-41.71379089,8.692726135,-2.713195801,climbing_stairs
511,1.559653558e+36,-37.02061462,21.34067535,-6.565734863,climbing_stairs
512,1.559653558e+36,-25.02709961,35.08550262,-11.51416016,climbing_stairs
513,1.559653558e+36,-19.65786743,39.31629181,-6.346618652,climbing_stairs
514,1.559653558e+36,-31.47833252,22.09920502,-4.860168457,climbing_stairs
515,1.559653558e+36,-35.48826599,5.382896423,-4.72052002,climbing_stairs
516,1.559653558e+36,-23.33552551,25.25882721,-10.75299072,climbing_stairs
517,1.559653558e+36,-3.319641113,33.87593842,-7.937683105,climbing_stairs
518,1.559653558e+36,-16.47348022,24.53699493,-16.49499512,climbing_stairs
519,1.559653558e+36,-31.51615906,5.100151062,-12.26916504,climbing_stairs
520,1.559653558e+36,-30.02110291,11.87204742,-16.58575439,climbing_stairs
521,1.559653558e+36,-6.505645752,29.01482391,-24.68395996,climbing_stairs
522,1.559653558e+36,-8.232788086,28.04210663,-27.96844482,climbing_stairs
523,1.559653558e+36,-34.15106201,15.8499527,-15.61981201,climbing_stairs
524,1.559653558e+36,-36.90354919,7.331352234,-12.55627441,climbing_stairs
525,1.559653558e+36,-15.35224915,31.49704742,-23.27410889,climbing_stairs
526,1.559653558e+36,2.677612305,34.37410736,-25.59893799,climbing_stairs
527,1.559653558e+36,-24.176651,28.82979584,-14.18719482,climbing_stairs
528,1.559653558e+36,-37.20675659,6.478309631,-1.875366211,climbing_stairs
529,1.559653558e+36,-30.56117249,19.27329254,-14.18786621,climbing_stairs
530,1.559653558e+36,-3.117492676,30.7909317,-25.35137939,climbing_stairs
531,1.559653558e+36,-3.876098633,27.06398773,-29.08734131,climbing_stairs
532,1.559653558e+36,-34.51391602,6.721702576,-17.99298096,climbing_stairs
533,1.559653558e+36,-34.65628052,5.319648743,-7.405334473,climbing_stairs
534,1.559653558e+36,-30.62973022,14.62877655,-7.877075195,climbing_stairs
535,1.559653558e+36,-23.14678955,21.3685379,-15.47570801,climbing_stairs
536,1.559653558e+36,-4.44317627,31.36287689,-17.30584717,climbing_stairs
537,1.559653558e+36,-12.0559845,27.75373077,-17.8326416,climbing_stairs
538,1.559653558e+36,-24.78507996,22.30393219,-5.222351074,climbing_stairs
539,1.559653558e+36,-17.4675293,30.12397003,0.7460327148,climbing_stairs
540,1.559653558e+36,-10.40975952,33.10890961,1.960449219,climbing_stairs
541,1.559653558e+36,-1.727279663,33.41405487,5.975708008,climbing_stairs
542,1.559653558e+36,-6.794769287,37.16176605,5.467956543,climbing_stairs
543,1.559653558e+36,-28.80360413,24.12284088,8.728759766,climbing_stairs
544,1.559653558e+36,-15.2638855,34.45186615,12.44787598,climbing_stairs
545,1.559653558e+36,-9.927352905,30.48033905,21.94293213,climbing_stairs
546,1.559653558e+36,-7.169631958,36.7053299,16.25695801,climbing_stairs
547,1.559653558e+36,-24.97137451,29.88455963,10.72381592,climbing_stairs
548,1.559653558e+36,-22.29051208,31.34430695,11.29766846,climbing_stairs
549,1.559653558e+36,0.7298278809,39.25922394,14.074646,climbing_stairs
550,1.559653558e+36,3.809585571,38.1309433,16.42047119,climbing_stairs
551,1.559653558e+36,-7.995986938,41.59423065,7.72088623,climbing_stairs
552,1.559653558e+36,-23.2681427,34.86589813,13.31732178,climbing_stairs
553,1.559653558e+36,-16.21481323,39.36492157,15.21575928,climbing_stairs
554,1.559653558e+36,-3.672225952,39.56427765,20.36413574,climbing_stairs
555,1.559653558e+36,2.088287354,46.07071686,5.119445801,climbing_stairs
556,1.559653558e+36,-25.05810547,33.52140045,6.226196289,climbing_stairs
557,1.559653558e+36,-17.70555115,38.71681976,2.422729492,climbing_stairs
558,1.559653558e+36,5.543899536,42.04442596,11.72857666,climbing_stairs
559,1.559653558e+36,-6.881561279,40.96985626,8.109436035,climbing_stairs
560,1.559653558e+36,-26.31246948,27.08844757,7.904418945,climbing_stairs
561,1.559653558e+36,-31.33531189,16.3887558,16.84875488,climbing_stairs
562,1.559653558e+36,-25.93823242,21.60112762,18.96380615,climbing_stairs
563,1.559653558e+36,-24.97283936,24.08338165,17.019104,climbing_stairs
564,1.559653558e+36,-30.10745239,25.25208282,9.770751953,climbing_stairs
565,1.559653558e+36,-37.95570374,15.69275665,11.42858887,climbing_stairs
566,1.559653558e+36,-38.90490723,3.107765198,19.25524902,climbing_stairs
567,1.559653558e+36,-38.57252502,9.211433411,16.32208252,climbing_stairs
568,1.559653558e+36,-39.12542725,23.88516998,0.4888916016,climbing_stairs
569,1.559653558e+36,-25.11256409,35.15668488,-13.53253174,climbing_stairs
570,1.559653558e+36,-34.42472839,18.05951691,-6.151184082,climbing_stairs
571,1.559653558e+36,-36.71969604,2.062400818,-3.954345703,climbing_stairs
572,1.559653558e+36,-29.86834717,20.59886932,-10.33477783,climbing_stairs
573,1.559653558e+36,-10.74230957,36.74666595,-8.55291748,climbing_stairs
574,1.559653558e+36,-17.27818298,29.71430206,-17.52124023,climbing_stairs
575,1.559653558e+36,-37.14407349,7.013191223,-12.16693115,climbing_stairs
576,1.559653558e+36,-38.45106506,8.167533875,-8.496337891,climbing_stairs
577,1.559653558e+36,-21.18441772,28.07979584,-17.04345703,climbing_stairs
578,1.559653558e+36,-1.739440918,36.44472504,-13.74719238,climbing_stairs
579,1.559653558e+36,-20.31593323,28.2868576,-19.84234619,climbing_stairs
580,1.559653558e+36,-38.0145874,10.75084686,-7.935424805,climbing_stairs
581,1.559653558e+36,-31.26065063,16.25000763,-19.52740479,climbing_stairs
582,1.559653558e+36,-2.764556885,37.11774445,-14.50323486,climbing_stairs
583,1.559653558e+36,-4.809844971,34.34792328,-21.98388672,climbing_stairs
584,1.559653558e+36,-31.95878601,18.97634125,-14.91174316,climbing_stairs
585,1.559653558e+36,-35.15071106,10.0568924,-14.88092041,climbing_stairs
586,1.559653558e+36,-21.25457764,27.71920013,-20.10687256,climbing_stairs
587,1.559653558e+36,-0.6826782227,36.09462738,-19.31616211,climbing_stairs
588,1.559653558e+36,-16.71221924,27.96811676,-24.72070312,climbing_stairs
589,1.559653558e+36,-36.00973511,7.810691833,-22.01385498,climbing_stairs
590,1.559653558e+36,-32.09394836,11.97634125,-27.32489014,climbing_stairs
591,1.559653558e+36,-3.223770142,31.19968414,-31.00085449,climbing_stairs
592,1.559653558e+36,12.41714478,32.54262543,-29.61535645,climbing_stairs
593,1.559653558e+36,-30.54222107,9.111534119,-47.3013916,climbing_stairs
594,1.559653558e+36,-38.45840454,-1.0573349,-15.8180542,climbing_stairs
595,1.559653558e+36,-37.71353149,7.611579895,-6.829162598,climbing_stairs
596,1.559653558e+36,-34.25154114,14.04004669,-18.37561035,climbing_stairs
597,1.559653558e+36,-15.72999573,25.8456192,-28.97424316,climbing_stairs
598,1.559653558e+36,-17.02458191,28.33443451,-30.84088135,climbing_stairs
599,1.559653558e+36,-28.60121155,21.58031464,-9.096740723,climbing_stairs
600,1.559653558e+36,-20.54823303,30.36492157,0.8753051758,climbing_stairs
601,1.559653558e+36,-22.48782349,30.18447113,11.35552979,climbing_stairs
602,1.559653558e+36,-6.766281128,34.95336151,13.25201416,climbing_stairs
603,1.559653558e+36,-16.53329468,30.23511505,10.97991943,climbing_stairs
604,1.559653558e+36,-20.60673523,25.4708786,14.6494751,climbing_stairs
605,1.559653558e+36,-3.827804565,30.56459808,15.87463379,climbing_stairs
606,1.559653558e+36,-3.731445312,34.05454254,11.62634277,climbing_stairs
607,1.559653558e+36,-18.28918457,30.81517792,10.84765625,climbing_stairs
608,1.559653558e+36,-25.095047,26.25905609,12.04046631,climbing_stairs
609,1.559653558e+36,-12.52331543,28.5006485,20.56091309,climbing_stairs
610,1.559653558e+36,-9.666412354,32.63396454,17.80090332,climbing_stairs
611,1.559653558e+36,-10.68093872,38.69696808,8.719421387,climbing_stairs
612,1.559653558e+36,-27.07278442,29.56667328,15.14093018,climbing_stairs
613,1.559653558e+36,-11.87731934,37.1977005,14.71655273,climbing_stairs
614,1.559653558e+36,3.63583374,40.70035553,12.39849854,climbing_stairs
615,1.559653558e+36,-3.778823853,44.26868439,6.380004883,climbing_stairs
616,1.559653558e+36,-27.01431274,33.1975174,11.75360107,climbing_stairs
617,1.559653558e+36,-12.06533813,40.57904816,11.02215576,climbing_stairs
618,1.559653558e+36,4.411590576,41.91962433,9.211853027,climbing_stairs
619,1.559653558e+36,-8.50177002,40.73183441,9.502807617,climbing_stairs
620,1.559653558e+36,-23.85275269,31.97901154,10.67663574,climbing_stairs
621,1.559653558e+36,-5.041000366,41.43413544,2.696105957,climbing_stairs
622,1.559653558e+36,-18.83135986,30.60413361,13.75805664,climbing_stairs
623,1.559653558e+36,-26.2872467,29.33670807,5.098388672,climbing_stairs
624,1.559653558e+36,-24.78598022,30.37775421,3.946472168,climbing_stairs
625,1.559653558e+36,-36.38246155,9.963691711,13.20391846,climbing_stairs
626,1.559653558e+36,-35.60734558,9.497047424,15.07891846,climbing_stairs
627,1.559653558e+36,-36.3008728,17.74408722,4.296875,climbing_stairs
628,1.559653558e+36,-28.61105347,26.16959381,-12.8001709,climbing_stairs
629,1.559653558e+36,-32.52548218,20.95598602,-10.05865479,climbing_stairs
630,1.559653558e+36,-37.36538696,2.379737854,-3.240478516,climbing_stairs
631,1.559653558e+36,-35.2514801,12.92787933,-4.930664062,climbing_stairs
632,1.559653558e+36,-26.92687988,27.44470978,-9.818786621,climbing_stairs
633,1.559653558e+36,-13.89770508,36.22853851,-13.14190674,climbing_stairs
634,1.559653558e+36,-27.2183075,24.30475616,-7.043457031,climbing_stairs
635,1.559653558e+36,-32.6783905,9.387229919,-6.176269531,climbing_stairs
636,1.559653558e+36,-28.33392334,18.777565,-9.37121582,climbing_stairs
637,1.559653558e+36,-10.42086792,32.52437592,-11.42645264,climbing_stairs
638,1.559653558e+36,-7.469268799,31.80776215,-14.23638916,climbing_stairs
639,1.559653558e+36,-23.98841858,23.82872772,-9.842468262,climbing_stairs
640,1.559653558e+36,-33.5369873,11.52251434,-6.898193359,climbing_stairs
641,1.559653558e+36,-15.99723816,30.1391983,-13.59490967,climbing_stairs
642,1.559653558e+36,-2.889938354,33.23040009,-16.355896,climbing_stairs
643,1.559653558e+36,-22.7121582,26.66689301,-12.60571289,climbing_stairs
644,1.559653558e+36,-33.74754333,10.59355927,-5.9140625,climbing_stairs
645,1.559653558e+36,-22.43254089,25.27648163,-15.26153564,climbing_stairs
646,1.559653558e+36,-0.1908111572,33.95697784,-18.57977295,climbing_stairs
647,1.559653558e+36,-15.03938293,26.21877289,-22.75408936,climbing_stairs
648,1.559653558e+36,-35.7167511,8.142494202,-9.626281738,climbing_stairs
649,1.559653558e+36,-30.46353149,12.97440338,-20.21942139,climbing_stairs
650,1.559653558e+36,-7.693908691,30.27689362,-24.63336182,climbing_stairs
651,1.559653558e+36,2.298095703,32.57097626,-23.68811035,climbing_stairs
652,1.559653558e+36,-20.47773743,13.99701691,-32.02062988,climbing_stairs
653,1.559653558e+36,-34.64851379,0.006278991699,-15.90893555,climbing_stairs
654,1.559653558e+36,-34.79237366,4.218955994,-10.84619141,climbing_stairs
655,1.559653558e+36,-30.13711548,16.63912201,-12.33056641,climbing_stairs
656,1.559653558e+36,-14.63841248,27.74460602,-20.45605469,climbing_stairs
657,1.559653558e+36,-6.287948608,29.4605484,-22.91052246,climbing_stairs
658,1.559653558e+36,-27.79090881,19.83609772,-13.86956787,climbing_stairs
659,1.559653558e+36,-27.45553589,23.44243622,-5.477966309,climbing_stairs
660,1.559653558e+36,-16.20570374,31.4517746,-3.471313477,climbing_stairs
661,1.559653558e+36,-6.487060547,32.97219086,-4.86114502,climbing_stairs
662,1.559653558e+36,-4.745803833,38.70731354,-1.769836426,climbing_stairs
663,1.559653558e+36,-21.56590271,33.60959625,-1.508117676,climbing_stairs
664,1.559653558e+36,-27.50469971,29.52111053,2.135986328,climbing_stairs
665,1.559653558e+36,-12.18855286,38.69280243,6.094421387,climbing_stairs
666,1.559653558e+36,-9.60446167,35.58002472,15.0211792,climbing_stairs
667,1.559653558e+36,-8.796127319,40.42464447,7.397155762,climbing_stairs
668,1.559653558e+36,-29.89952087,27.32476044,4.39831543,climbing_stairs
669,1.559653558e+36,-29.14907837,29.27300262,5.641418457,climbing_stairs
670,1.559653558e+36,-9.703994751,37.3715744,17.79693604,climbing_stairs
671,1.559653558e+36,-14.41410828,38.54003143,13.38739014,climbing_stairs
672,1.559653558e+36,-10.1763916,42.14516449,1.383666992,climbing_stairs
673,1.559653558e+36,-30.33105469,30.11893463,8.380981445,climbing_stairs
674,1.559653558e+36,-22.34716797,33.76305389,14.65161133,climbing_stairs
675,1.559653558e+36,-9.775634766,40.26036835,12.84320068,climbing_stairs
676,1.559653558e+36,-0.9568786621,45.14907074,-4.291381836,climbing_stairs
677,1.559653558e+36,-17.83885193,39.23279572,11.75158691,climbing_stairs
678,1.559653558e+36,-21.01119995,36.85987091,8.735107422,climbing_stairs
679,1.559653558e+36,-1.370178223,41.21508026,11.59613037,climbing_stairs
680,1.559653558e+36,0.9651489258,41.65091705,5.367248535,climbing_stairs
681,1.559653558e+36,-14.13841248,37.76926422,17.61254883,climbing_stairs
682,1.559653558e+36,-23.9210968,28.92949677,15.58099365,climbing_stairs
683,1.559653558e+36,-14.17662048,35.00769806,12.39862061,climbing_stairs
684,1.559653558e+36,-10.55804443,32.84256744,18.84033203,climbing_stairs
685,1.559653558e+36,-16.80531311,30.67371368,20.22735596,climbing_stairs
686,1.559653558e+36,-20.17453003,31.41951752,9.429199219,climbing_stairs
687,1.559653558e+36,-33.29389954,14.4986496,14.42785645,climbing_stairs
688,1.559653558e+36,-32.38832092,18.61753082,11.67901611,climbing_stairs
689,1.559653558e+36,-30.15924072,23.37943268,10.73223877,climbing_stairs
690,1.559653558e+36,-29.96704102,26.90499115,-4.015441895,climbing_stairs
691,1.559653558e+36,-20.35023499,32.78083038,-13.04559326,climbing_stairs
692,1.559653558e+36,-34.1410675,13.99155426,4.235778809,climbing_stairs
693,1.559653558e+36,-33.11607361,8.975334167,1.14654541,climbing_stairs
694,1.559653558e+36,-25.93974304,23.07059479,-3.553161621,climbing_stairs
695,1.559653558e+36,-11.80271912,33.52544403,-10.9296875,climbing_stairs
696,1.559653558e+36,-17.55632019,27.34738922,-13.00842285,climbing_stairs
697,1.559653558e+36,-30.03234863,18.07621002,-8.58215332,climbing_stairs
698,1.559653558e+36,-27.37322998,21.73007965,-9.917541504,climbing_stairs
699,1.559653558e+36,-9.96546936,31.64165497,-11.94042969,climbing_stairs
700,1.559653558e+36,-5.26651001,33.6763382,-10.29925537,climbing_stairs
701,1.559653558e+36,-16.04083252,29.22396088,-15.31433105,climbing_stairs
702,1.559653558e+36,-29.33161926,22.09140778,-1.72442627,climbing_stairs
703,1.559653558e+36,-26.79634094,24.79450226,-11.77502441,climbing_stairs
704,1.559653558e+36,-5.921081543,33.70459747,-20.78161621,climbing_stairs
705,1.559653558e+36,-9.519638062,33.80419159,-19.83996582,climbing_stairs
706,1.559653558e+36,-29.76742554,27.75753021,-10.66070557,climbing_stairs
707,1.559653558e+36,-34.92718506,24.06316376,-9.249633789,climbing_stairs
708,1.559653558e+36,-19.40948486,34.8871994,-13.66027832,climbing_stairs
709,1.559653558e+36,-4.850540161,38.97290802,-16.54876709,climbing_stairs
710,1.559653558e+36,-19.75834656,30.62749481,-16.23907471,climbing_stairs
711,1.559653558e+36,-38.44407654,11.56925201,-10.11645508,climbing_stairs
712,1.559653558e+36,-34.98934937,16.50098419,-16.46936035,climbing_stairs
713,1.559653558e+36,-14.28527832,28.7596817,-26.2901001,climbing_stairs
714,1.559653558e+36,-12.45645142,26.69533539,-32.18139648,climbing_stairs
715,1.559653558e+36,-40.7208252,1.73651886,-13.80218506,climbing_stairs
716,1.559653558e+36,-39.92001343,0.3583755493,-5.644836426,climbing_stairs
717,1.559653558e+36,-37.2756958,15.33298492,-5.40435791,climbing_stairs
718,1.559653558e+36,-30.17202759,16.19589996,-23.85809326,climbing_stairs
719,1.559653558e+36,-10.90791321,34.73859406,-24.43914795,climbing_stairs
720,1.559653558e+36,-15.43659973,32.11188507,-27.75042725,climbing_stairs
721,1.559653558e+36,-37.08387756,15.75684357,-19.92932129,climbing_stairs
722,1.559653558e+36,-35.21670532,24.84250641,-15.01391602,climbing_stairs
723,1.559653558e+36,-29.3271637,34.18618011,-18.86431885,climbing_stairs
724,1.559653558e+36,-11.31596375,39.8600235,-18.62237549,climbing_stairs
725,1.559653558e+36,-13.82719421,38.88755035,-7.13067627,climbing_stairs
726,1.559653558e+36,-18.2993927,34.05608368,0.3767700195,climbing_stairs
727,1.559653558e+36,-23.94789124,28.37192535,9.59173584,climbing_stairs
728,1.559653558e+36,-11.44476318,35.31591034,10.87908936,climbing_stairs
729,1.559653558e+36,-7.884231567,35.93750763,10.75396729,climbing_stairs
730,1.559653558e+36,-5.67024231,38.11089325,5.997497559,climbing_stairs
731,1.559653558e+36,-19.96133423,34.26056671,4.815795898,climbing_stairs
732,1.559653558e+36,-11.67276001,37.7448349,8.331970215,climbing_stairs
733,1.559653558e+36,4.555175781,38.63542938,9.728820801,climbing_stairs
734,1.559653558e+36,2.357772827,40.28572845,7.029541016,climbing_stairs
735,1.559653558e+36,-9.984130859,42.70659637,2.114562988,climbing_stairs
736,1.559653558e+36,-24.53575134,39.11359406,4.42578125,climbing_stairs
737,1.559653558e+36,-11.79718018,42.20610809,7.719055176,climbing_stairs
738,1.559653558e+36,3.665237427,42.55037689,9.68157959,climbing_stairs
739,1.559653558e+36,-3.197570801,47.15416718,-4.981994629,climbing_stairs
740,1.559653558e+36,-38.51719666,27.93001556,13.99645996,climbing_stairs
741,1.559653558e+36,-29.08232117,36.81168365,9.466125488,climbing_stairs
742,1.559653558e+36,-1.634658813,45.35468292,8.653747559,climbing_stairs
743,1.559653558e+36,-7.63192749,46.07871246,1.144836426,climbing_stairs
744,1.559653558e+36,-29.3936615,34.63909149,8.703918457,climbing_stairs
745,1.559653558e+36,-30.5652771,32.21880341,1.045043945,climbing_stairs
746,1.559653558e+36,-26.8704071,33.58823395,4.19317627,climbing_stairs
747,1.559653558e+36,-22.39167786,37.47760773,2.444519043,climbing_stairs
748,1.559653558e+36,-20.31144714,39.12947845,-0.6784057617,climbing_stairs
749,1.559653558e+36,-39.54681396,14.24694061,7.573913574,climbing_stairs
750,1.559653558e+36,-39.30825806,12.6833725,8.61517334,climbing_stairs
751,1.559653558e+36,-35.5218811,23.96918488,2.733642578,climbing_stairs
752,1.559653558e+36,-34.72509766,24.19709015,-8.731994629,climbing_stairs
753,1.559653558e+36,-28.42330933,28.31632233,-16.33813477,climbing_stairs
754,1.559653558e+36,-38.0625,12.46799469,-13.57977295,climbing_stairs
755,1.559653558e+36,-39.88551331,2.204292297,-7.393859863,climbing_stairs
756,1.559653558e+36,-36.12257385,3.832252502,-11.15374756,climbing_stairs
757,1.559653558e+36,-29.83349609,26.06703949,-11.65228271,climbing_stairs
758,1.559653558e+36,-20.17625427,39.92671967,-9.262512207,climbing_stairs
759,1.559653558e+36,-21.22865295,28.43602753,-20.42071533,climbing_stairs
760,1.559653558e+36,-30.17016602,12.96723175,-0.7272949219,climbing_stairs
761,1.559653558e+36,-27.61499023,11.2569046,-3.702392578,climbing_stairs
762,1.559653558e+36,-18.34423828,24.11971283,-7.562194824,climbing_stairs
763,1.559653558e+36,-15.48052979,26.46425629,-11.06549072,climbing_stairs
764,1.559653558e+36,-19.47393799,17.30196381,-18.60931396,climbing_stairs
765,1.559653558e+36,0.708984375,-4.121360779,-40.72674561,climbing_stairs
766,1.559653558e+36,10.72380066,-12.63999176,-37.42572021,climbing_stairs
767,1.559653558e+36,14.75640869,-16.58338165,-34.15661621,climbing_stairs
768,1.559653558e+36,18.09411621,-13.90674591,-33.92431641,climbing_stairs
769,1.559653558e+36,20.98742676,-14.49411774,-33.9274292,climbing_stairs
770,1.559653558e+36,19.42686462,-15.2423172,-35.50958252,climbing_stairs
771,1.559653558e+36,21.83340454,-15.32624054,-35.92486572,climbing_stairs
772,1.559653558e+36,23.13275146,-16.21576691,-35.1182251,climbing_stairs
773,1.559653558e+36,1.829208374,-13.83975983,-42.13085938,climbing_stairs
774,1.559653558e+36,-34.04281616,-12.08747101,-23.08099365,climbing_stairs
775,1.559653558e+36,-32.17414856,20.94902802,-18.04321289,climbing_stairs
776,1.559653558e+36,-19.5871582,28.52632904,-25.53692627,climbing_stairs
777,1.559653558e+36,-7.932617188,34.45723724,-24.74786377,climbing_stairs
778,1.559653558e+36,-32.8243103,15.56772614,-26.84234619,climbing_stairs
779,1.559653558e+36,-39.14135742,-1.268531799,-9.979736328,climbing_stairs
780,1.559653558e+36,-37.23504639,8.042762756,-4.056152344,climbing_stairs
781,1.559653558e+36,-32.98742676,17.82614899,-13.07080078,climbing_stairs
782,1.559653558e+36,-19.64909363,27.21767426,-23.22705078,climbing_stairs
783,1.559653558e+36,-5.615509033,28.09920502,-27.82495117,climbing_stairs
784,1.559653558e+36,-25.99580383,18.30976105,-22.24810791,climbing_stairs
785,1.559653558e+36,-31.09106445,14.35608673,-12.94219971,climbing_stairs
786,1.559653558e+36,-21.45542908,27.22849274,-9.476135254,climbing_stairs
787,1.559653558e+36,-16.4152832,31.56264496,-7.751586914,climbing_stairs
788,1.559653558e+36,1.021911621,37.02744293,-11.88330078,climbing_stairs
789,1.559653558e+36,-17.00930786,36.2873764,-8.149841309,climbing_stairs
790,1.559653558e+36,-24.00236511,31.9938736,-3.425292969,climbing_stairs
791,1.559653558e+36,-7.977844238,40.0194931,-0.02874755859,climbing_stairs
792,1.559653558e+36,2.338943481,39.59552765,7.554016113,climbing_stairs
793,1.559653558e+36,-9.918167114,38.66976166,4.217956543,climbing_stairs
794,1.559653558e+36,-19.13594055,33.37436676,5.240356445,climbing_stairs
795,1.559653558e+36,-18.01623535,31.40628815,11.2590332,climbing_stairs
796,1.559653558e+36,3.827880859,38.70250702,6.842468262,climbing_stairs
797,1.559653558e+36,-3.881347656,37.32595062,10.58721924,climbing_stairs
798,1.559653558e+36,-6.916824341,36.49141693,3.629272461,climbing_stairs
799,1.559653558e+36,-19.48774719,25.59152985,9.273925781,climbing_stairs
800,1.559653558e+36,-5.553115845,35.73972321,-0.2476806641,climbing_stairs
801,1.559653558e+36,9.123947144,36.6476059,-3.471130371,climbing_stairs
802,1.559653558e+36,-1.204956055,35.28993988,-4.715698242,climbing_stairs
803,1.559653558e+36,-16.10183716,26.85604095,3.530639648,climbing_stairs
804,1.559653558e+36,-17.06092834,27.35811615,2.509338379,climbing_stairs
805,1.559653558e+36,5.895553589,35.55016327,-1.375793457,climbing_stairs
806,1.559653558e+36,1.227203369,35.27745819,-2.342163086,climbing_stairs
807,1.559653558e+36,-17.09364319,27.65468597,5.133850098,climbing_stairs
808,1.559653558e+36,-25.92329407,18.25200653,7.577148438,climbing_stairs
809,1.559653558e+36,-15.25596619,29.53704071,6.846618652,climbing_stairs
810,1.559653558e+36,-16.84185791,29.77475739,6.552062988,climbing_stairs
811,1.559653558e+36,-11.85610962,32.99799347,0.9855957031,climbing_stairs
812,1.559653558e+36,-10.33387756,33.75067902,-6.168273926,climbing_stairs
813,1.559653558e+36,-29.41130066,23.37223053,0.2106323242,climbing_stairs
814,1.559653558e+36,-34.59378052,12.10982513,10.60882568,climbing_stairs
815,1.559653558e+36,-33.09460449,15.60723114,13.51293945,climbing_stairs
816,1.559653558e+36,-39.34196472,11.94966888,0.330078125,climbing_stairs
817,1.559653558e+36,-27.65274048,30.13639069,-10.8147583,climbing_stairs
818,1.559653558e+36,-30.85939026,28.5896225,-9.863342285,climbing_stairs
819,1.559653558e+36,-36.00196838,11.29685211,4.751281738,climbing_stairs
820,1.559653558e+36,-36.04527283,10.80568695,3.771240234,climbing_stairs
821,1.559653558e+36,-21.6882782,33.07987213,-0.6522827148,climbing_stairs
822,1.559653558e+36,-14.38859558,38.58266449,4.502746582,climbing_stairs
823,1.559653558e+36,-19.2674408,29.46825409,-10.1539917,climbing_stairs
824,1.559653558e+36,-32.9066925,12.54915619,-2.272705078,climbing_stairs
825,1.559653558e+36,-30.79310608,11.93610382,-9.887207031,climbing_stairs
826,1.559653558e+36,-5.016921997,31.14134979,-12.28796387,climbing_stairs
827,1.559653558e+36,-5.890838623,30.14141083,-13.69134521,climbing_stairs
828,1.559653558e+36,-27.4524231,16.3358078,-6.161865234,climbing_stairs
829,1.559653558e+36,-32.23512268,6.076347351,-1.116333008,climbing_stairs
830,1.559653558e+36,-24.68089294,20.3967514,-12.74517822,climbing_stairs
831,1.559653558e+36,-4.727005005,28.81539154,-19.7756958,climbing_stairs
832,1.559653558e+36,-20.78062439,24.79587555,-16.86602783,climbing_stairs
833,1.559653558e+36,-34.20329285,6.004371643,-4.898864746,climbing_stairs
834,1.559653558e+36,-30.87065125,13.47769928,-10.71154785,climbing_stairs
835,1.559653558e+36,-8.209350586,32.55818939,-16.15228271,climbing_stairs
836,1.559653558e+36,-6.160629272,30.76203156,-19.97137451,climbing_stairs
837,1.559653558e+36,-30.87599182,19.51078033,-15.94830322,climbing_stairs
838,1.559653558e+36,-40.14624023,4.281822205,-9.54486084,climbing_stairs
839,1.559653558e+36,-32.26675415,16.45301056,-21.43475342,climbing_stairs
840,1.559653558e+36,-7.542175293,27.01741791,-33.11968994,climbing_stairs
841,1.559653558e+36,-21.12919617,19.53809357,-33.85736084,climbing_stairs
842,1.559653558e+36,-32.88269043,0.9717788696,-16.32891846,climbing_stairs
843,1.559653558e+36,-32.56352234,3.393119812,-13.82977295,climbing_stairs
844,1.559653558e+36,-30.62384033,16.10553741,-15.565979,climbing_stairs
845,1.559653558e+36,-16.16915894,29.83979034,-24.03356934,climbing_stairs
846,1.559653558e+36,3.794296265,29.48812103,-31.12213135,climbing_stairs
847,1.559653558e+36,-15.85723877,31.92539215,-23.49371338,climbing_stairs
848,1.559653558e+36,-30.87088013,28.38985443,-9.117614746,climbing_stairs
849,1.559653558e+36,-29.5916748,35.11910248,1.537780762,climbing_stairs
850,1.559653558e+36,-36.24237061,33.04505157,10.60778809,climbing_stairs
851,1.559653558e+36,-29.21191406,40.52425385,1.513244629,climbing_stairs
852,1.559653558e+36,-13.08078003,49.84029388,13.19390869,climbing_stairs
853,1.559653558e+36,-9.50553894,41.60480499,15.73626709,climbing_stairs
854,1.559653558e+36,-21.12742615,32.15390778,16.13372803,climbing_stairs
855,1.559653558e+36,0.02027893066,39.67719269,15.7956543,climbing_stairs
856,1.559653558e+36,4.523178101,38.16053009,15.83581543,climbing_stairs
857,1.559653558e+36,-7.978393555,37.22457123,9.290527344,climbing_stairs
858,1.559653558e+36,-24.21865845,25.07752228,16.215271,climbing_stairs
859,1.559653558e+36,-2.16418457,39.0807724,6.704956055,climbing_stairs
860,1.559653558e+36,11.84213257,37.14577484,7.557312012,climbing_stairs
861,1.559653558e+36,-3.839569092,39.88643646,4.822570801,climbing_stairs
862,1.559653558e+36,-14.33305359,37.26789093,12.88336182,climbing_stairs
863,1.559653558e+36,-22.31385803,32.42378998,16.02154541,climbing_stairs
864,1.559653558e+36,-4.556991577,43.17258453,8.887573242,climbing_stairs
865,1.559653558e+36,0.1515960693,44.75055695,7.569580078,climbing_stairs
866,1.559653558e+36,-5.683807373,44.50272369,10.10699463,climbing_stairs
867,1.559653558e+36,-21.9667511,31.97371674,16.78894043,climbing_stairs
868,1.559653558e+36,-6.148712158,43.16059113,5.370056152,climbing_stairs
869,1.559653558e+36,7.744506836,43.26845551,3.152282715,climbing_stairs
870,1.559653558e+36,-8.320556641,43.8020401,6.821228027,climbing_stairs
871,1.559653558e+36,-30.74632263,23.96227264,7.344787598,climbing_stairs
872,1.559653558e+36,-23.28343201,32.19046783,6.262023926,climbing_stairs
873,1.559653558e+36,-19.9165802,34.15557098,6.726379395,climbing_stairs
874,1.559653558e+36,-25.1633606,31.57880402,3.62487793,climbing_stairs
875,1.559653558e+36,-26.35183716,32.22389984,-3.234069824,climbing_stairs
876,1.559653558e+36,-38.25468445,14.70919037,7.541259766,climbing_stairs
877,1.559653558e+36,-40.10421753,8.687400818,6.385620117,climbing_stairs
878,1.559653558e+36,-33.69868469,22.42035675,-12.28930664,climbing_stairs
879,1.559653558e+36,-21.26094055,32.8237381,-17.26904297,climbing_stairs
880,1.559653558e+36,-19.33648682,30.16326141,-25.14703369,climbing_stairs
881,1.559653558e+36,-39.81227112,7.07408905,-11.87286377,climbing_stairs
882,1.559653558e+36,-37.64456177,11.68042755,-14.06976318,climbing_stairs
883,1.559653558e+36,-26.48146057,31.01422882,-15.38720703,climbing_stairs
884,1.559653558e+36,-7.648895264,40.57341766,-14.69677734,climbing_stairs
885,1.559653558e+36,-23.63121033,27.05075836,-17.02313232,climbing_stairs
886,1.559653558e+36,-30.92701721,14.24658966,-16.55169678,climbing_stairs
887,1.559653558e+36,-22.44894409,25.5810318,-18.01800537,climbing_stairs
888,1.559653558e+36,-2.120880127,36.38968658,-15.03631592,climbing_stairs
889,1.559653558e+36,-1.236434937,35.78116608,-14.95526123,climbing_stairs
890,1.559653558e+36,-21.69029236,26.2834549,-16.78753662,climbing_stairs
891,1.559653558e+36,-32.175354,17.50940704,-12.36120605,climbing_stairs
892,1.559653558e+36,-16.29527283,30.02185822,-20.80456543,climbing_stairs
893,1.559653558e+36,5.571456909,34.89920807,-20.82440186,climbing_stairs
894,1.559653558e+36,-2.191070557,32.64366913,-25.93920898,climbing_stairs
895,1.559653558e+36,-31.28207397,25.34165192,-9.994812012,climbing_stairs
896,1.559653558e+36,-34.96252441,22.60449982,-7.736999512,climbing_stairs
897,1.559653558e+36,-12.54251099,38.77136993,-13.41149902,climbing_stairs
898,1.559653558e+36,-0.7216796875,41.60062408,-13.19329834,climbing_stairs
899,1.559653558e+36,-27.82691956,27.57923126,-23.1651001,climbing_stairs
900,1.559653558e+36,-17.89155579,-8.853309631,-43.71307373,climbing_stairs
901,1.559653558e+36,2.610153198,-10.6629715,-48.1763916,climbing_stairs
902,1.559653558e+36,6.968658447,-12.56085968,-47.14105225,climbing_stairs
903,1.559653558e+36,24.93344116,-13.11559296,-41.16033936,climbing_stairs
904,1.559653558e+36,26.28352356,-14.58452606,-38.89611816,climbing_stairs
905,1.559653558e+36,26.5922699,-16.03986359,-37.27819824,climbing_stairs
906,1.559653558e+36,25.89602661,-17.81224823,-35.63128662,climbing_stairs
907,1.559653558e+36,22.45024109,-17.56201935,-36.78045654,climbing_stairs
908,1.559653558e+36,21.73582458,-17.28610992,-36.89160156,climbing_stairs
909,1.559653558e+36,24.57064819,-17.02346039,-33.23931885,climbing_stairs
910,1.559653558e+36,25.34687805,-17.14598846,-31.05725098,climbing_stairs
