,Time (s),X (µT),Y (µT),Z (µT),label
0,1.5596532e+18,-31.89509583,-1.268844604,-24.81549072,nothing
1,1.55965320025e+18,-31.89201355,-1.213638306,-24.80883789,nothing
2,1.5596532005e+18,-31.99943542,-1.259109497,-24.8480835,nothing
3,1.55965320075e+18,-31.72076416,-1.236022949,-25.02355957,nothing
4,1.559653201e+18,-32.2472229,-1.290328979,-24.78277588,nothing
5,1.55965320125e+18,-32.04663086,-1.140945435,-25.07592773,nothing
6,1.5596532015e+18,-32.04135132,-1.445251465,-24.75811768,nothing
7,1.55965320175e+18,-32.08280945,-1.3359375,-24.87207031,nothing
8,1.559653202e+18,-32.28367615,-1.105377197,-25.04388428,nothing
9,1.55965320225e+18,-32.07801819,-1.263015747,-24.72900391,nothing
10,1.5596532025e+18,-32.08888245,-1.324829102,-25.0447998,nothing
11,1.55965320275e+18,-32.35488892,-1.668914795,-24.6348877,nothing
12,1.55965320299e+18,-31.93655396,-1.439437866,-24.80755615,nothing
13,1.55965320324e+18,-31.93736267,-1.249221802,-24.70849609,nothing
14,1.55965320349e+18,-32.22198486,-1.599411011,-24.83093262,nothing
15,1.55965320374e+18,-32.14213562,-1.619415283,-24.97473145,nothing
16,1.55965320399e+18,-32.26211548,-1.236114502,-24.72338867,nothing
17,1.55965320424e+18,-32.16085815,-1.496414185,-25.01550293,nothing
18,1.55965320449e+18,-31.97592163,-1.167160034,-25.00854492,nothing
19,1.55965320474e+18,-31.7539978,-1.253585815,-25.01141357,nothing
20,1.55965320499e+18,-32.12733459,-1.183227539,-24.99731445,nothing
21,1.55965320524e+18,-32.08303833,-1.160629272,-24.81634521,nothing
22,1.55965320549e+18,-31.81390381,-1.505599976,-25.06262207,nothing
23,1.55965320574e+18,-31.74009705,-1.492767334,-25.20678711,nothing
24,1.55965320599e+18,-32.05178833,-1.460998535,-24.82385254,nothing
25,1.55965320624e+18,-31.95332336,-1.043807983,-24.82299805,nothing
26,1.55965320649e+18,-31.94029236,-1.370941162,-24.84783936,nothing
27,1.55965320674e+18,-31.85746765,-1.363876343,-24.88049316,nothing
28,1.55965320699e+18,-31.95419312,-1.617218018,-24.68780518,nothing
29,1.55965320724e+18,-31.7713623,-1.453826904,-24.9854126,nothing
30,1.55965320749e+18,-32.06610107,-1.214828491,-24.9206543,nothing
31,1.55965320774e+18,-31.92712402,-1.473297119,-24.84753418,nothing
32,1.55965320799e+18,-32.10342407,-1.370223999,-24.61999512,nothing
33,1.55965320824e+18,-32.10095215,-1.235748291,-24.8269043,nothing
34,1.55965320848e+18,-31.85523987,-1.187301636,-24.85931396,nothing
35,1.55965320873e+18,-32.01986694,-1.336166382,-25.17181396,nothing
36,1.55965320898e+18,-32.08895874,-1.128540039,-24.92114258,nothing
37,1.55965320923e+18,-31.95236206,-1.4947052,-24.61474609,nothing
38,1.55965320948e+18,-31.92276001,-1.434936523,-24.95721436,nothing
39,1.55965320973e+18,-31.71611023,-1.215164185,-24.97235107,nothing
40,1.55965320998e+18,-31.8874054,-1.571807861,-25.01379395,nothing
41,1.55965321023e+18,-32.04995728,-1.238815308,-24.81494141,nothing
42,1.55965321048e+18,-32.01850891,-1.325546265,-24.94165039,nothing
43,1.55965321073e+18,-31.86317444,-1.498733521,-24.97692871,nothing
44,1.55965321098e+18,-32.36149597,-1.457427979,-24.55493164,nothing
45,1.55965321123e+18,-31.90063477,-1.516891479,-24.76391602,nothing
46,1.55965321148e+18,-31.97180176,-1.360992432,-24.86364746,nothing
47,1.55965321173e+18,-32.11956787,-1.175933838,-24.79724121,nothing
48,1.55965321198e+18,-32.03410339,-1.284179688,-24.52429199,nothing
49,1.55965321223e+18,-31.990448,-1.146896362,-24.80932617,nothing
50,1.55965321248e+18,-32.17559814,-1.484176636,-24.74371338,nothing
51,1.55965321273e+18,-31.75015259,-1.340576172,-24.76715088,nothing
52,1.55965321298e+18,-32.11802673,-1.19543457,-24.67858887,nothing
53,1.55965321323e+18,-31.83982849,-1.351287842,-24.93896484,nothing
54,1.55965321348e+18,-32.37767029,-1.32649231,-24.80432129,nothing
55,1.55965321373e+18,-31.67782593,-1.139221191,-24.73590088,nothing
56,1.55965321398e+18,-31.71949768,-1.238296509,-24.89959717,nothing
57,1.55965321422e+18,-31.956604,-1.364273071,-24.74658203,nothing
58,1.55965321447e+18,-31.93179321,-1.234893799,-24.58850098,nothing
59,1.55965321472e+18,-31.77334595,-1.274169922,-24.62127686,nothing
60,1.55965321497e+18,-31.72068787,-1.319732666,-25.1651001,nothing
61,1.55965321522e+18,-31.80514526,-1.239624023,-24.85119629,nothing
62,1.55965321547e+18,-31.88383484,-0.9201049805,-24.77087402,nothing
63,1.55965321572e+18,-31.91326904,-1.332565308,-24.78546143,nothing
64,1.55965321597e+18,-31.75112915,-1.184494019,-24.84753418,nothing
65,1.55965321622e+18,-32.05464172,-1.236572266,-24.67755127,nothing
66,1.55965321647e+18,-31.87506104,-1.353942871,-24.75769043,nothing
67,1.55965321672e+18,-31.69261169,-1.315994263,-24.8067627,nothing
68,1.55965321697e+18,-32.292099,-1.099533081,-24.66442871,nothing
69,1.55965321722e+18,-31.9382019,-1.081100464,-24.47912598,nothing
70,1.55965321747e+18,-31.88934326,-1.284164429,-24.77819824,nothing
71,1.55965321772e+18,-31.94685364,-1.359527588,-24.95709229,nothing
72,1.55965321797e+18,-31.94174194,-1.51524353,-24.68994141,nothing
73,1.55965321822e+18,-31.88534546,-1.175354004,-24.65533447,nothing
74,1.55965321847e+18,-31.5488739,-1.277359009,-24.82647705,nothing
75,1.55965321872e+18,-31.91769409,-1.404190063,-24.86437988,nothing
76,1.55965321897e+18,-31.77726746,-0.9930877686,-24.8885498,nothing
77,1.55965321922e+18,-32.09545898,-1.385574341,-24.63409424,nothing
78,1.55965321947e+18,-31.88127136,-0.9353790283,-24.76586914,nothing
79,1.55965321972e+18,-32.11627197,-1.008529663,-24.87591553,nothing
80,1.55965321996e+18,-31.84616089,-1.188064575,-24.70153809,nothing
81,1.55965322021e+18,-32.06463623,-1.268173218,-24.77905273,nothing
82,1.55965322046e+18,-31.63537598,-1.333648682,-24.92120361,nothing
83,1.55965322071e+18,-31.68266296,-1.216705322,-24.72332764,nothing
84,1.55965322096e+18,-31.63574219,-1.485824585,-24.715271,nothing
85,1.55965322121e+18,-31.6254425,-1.484130859,-24.8236084,nothing
86,1.55965322146e+18,-31.85926819,-1.361526489,-24.73583984,nothing
87,1.55965322171e+18,-32.09512329,-1.442092896,-24.76885986,nothing
88,1.55965322196e+18,-32.01010132,-1.479309082,-24.80444336,nothing
89,1.55965322221e+18,-32.30224609,-1.366455078,-24.7779541,nothing
90,1.55965322246e+18,-32.28773499,-1.100616455,-24.88214111,nothing
91,1.55965322271e+18,-32.08004761,-1.308013916,-24.92840576,nothing
92,1.55965322296e+18,-32.13999939,-1.589263916,-24.77001953,nothing
93,1.55965322321e+18,-32.35307312,-1.328414917,-24.73980713,nothing
94,1.55965322346e+18,-31.86329651,-1.263031006,-24.78393555,nothing
95,1.55965322371e+18,-31.75140381,-1.114990234,-24.96459961,nothing
96,1.55965322396e+18,-31.91903687,-1.354248047,-24.95898438,nothing
97,1.55965322421e+18,-31.88299561,-1.034988403,-24.94592285,nothing
98,1.55965322446e+18,-31.67631531,-1.09463501,-25.03112793,nothing
99,1.55965322471e+18,-32.32092285,-0.8670196533,-24.65527344,nothing
100,1.55965322496e+18,-32.98426819,-1.281860352,-24.75268555,nothing
101,1.55965322521e+18,-32.0080719,-1.092483521,-24.83312988,nothing
102,1.55965322546e+18,-32.02833557,-1.101470947,-24.97406006,nothing
103,1.5596532257e+18,-32.28866577,-1.28352356,-25.2244873,nothing
104,1.55965322595e+18,-32.04083252,-1.459503174,-24.95501709,nothing
105,1.5596532262e+18,-31.9072876,-1.372634888,-24.8112793,nothing
106,1.55965322645e+18,-31.92541504,-1.148910522,-24.95092773,nothing
107,1.5596532267e+18,-31.91400146,-1.524795532,-24.99584961,nothing
108,1.55965322695e+18,-32.12765503,-1.27835083,-24.82757568,nothing
109,1.5596532272e+18,-31.80038452,-1.412689209,-24.86730957,nothing
110,1.55965322745e+18,-32.03727722,-1.39151001,-24.7755127,nothing
111,1.5596532277e+18,-32.04476929,-1.454666138,-24.91516113,nothing
112,1.55965322795e+18,-31.93438721,-1.598892212,-24.86303711,nothing
113,1.5596532282e+18,-31.63763428,-1.304763794,-24.98309326,nothing
114,1.55965322845e+18,-32.17001343,-1.625244141,-24.68481445,nothing
115,1.5596532287e+18,-31.95062256,-1.555496216,-25.03381348,nothing
116,1.55965322895e+18,-32.0453186,-1.328033447,-24.72979736,nothing
117,1.5596532292e+18,-32.25570679,-1.162078857,-24.78259277,nothing
118,1.55965322945e+18,-32.12289429,-1.307723999,-24.75622559,nothing
119,1.5596532297e+18,-31.90797424,-1.380722046,-24.60479736,nothing
120,1.55965322995e+18,-31.74726868,-1.340255737,-24.73059082,nothing
121,1.5596532302e+18,-31.99452209,-1.228729248,-25.00524902,nothing
122,1.55965323045e+18,-31.87910461,-1.315811157,-24.64196777,nothing
123,1.5596532307e+18,-31.96652222,-1.353256226,-24.746521,nothing
124,1.55965323095e+18,-32.17971802,-1.072433472,-24.82958984,nothing
125,1.5596532312e+18,-32.13801575,-1.335784912,-24.99865723,nothing
126,1.55965323144e+18,-31.87043762,-1.338394165,-24.56414795,nothing
127,1.55965323169e+18,-32.15179443,-1.300018311,-24.80627441,nothing
128,1.55965323194e+18,-32.38143921,-1.56388855,-24.7635498,nothing
129,1.55965323219e+18,-32.08192444,-1.011154175,-24.57836914,nothing
130,1.55965323244e+18,-31.85452271,-0.8859100342,-24.67346191,nothing
131,1.55965323269e+18,-32.14624023,-1.404022217,-24.72631836,nothing
132,1.55965323294e+18,-32.11245728,-1.100646973,-24.8338623,nothing
133,1.55965323319e+18,-31.86146545,-1.252380371,-24.76531982,nothing
134,1.55965323344e+18,-31.86087036,-1.495254517,-24.74725342,nothing
135,1.55965323369e+18,-32.06829834,-1.284942627,-24.64916992,nothing
136,1.55965323394e+18,-32.38053894,-1.133224487,-24.87713623,nothing
137,1.55965323419e+18,-32.05729675,-1.359634399,-25.04772949,nothing
138,1.55965323444e+18,-32.24009705,-1.136871338,-24.69287109,nothing
139,1.55965323469e+18,-32.22557068,-1.251296997,-24.56152344,nothing
140,1.55965323494e+18,-31.91993713,-1.230987549,-24.74639893,nothing
141,1.55965323519e+18,-32.05395508,-1.18182373,-24.79052734,nothing
142,1.55965323544e+18,-32.41899109,-1.081573486,-24.8460083,nothing
143,1.55965323569e+18,-31.90458679,-1.060577393,-24.75976562,nothing
144,1.55965323594e+18,-32.14030457,-1.275131226,-24.82336426,nothing
145,1.55965323619e+18,-32.21315002,-1.271209717,-24.84307861,nothing
146,1.55965323644e+18,-31.91365051,-1.577606201,-24.60772705,nothing
147,1.55965323669e+18,-31.88217163,-1.103118896,-24.68310547,nothing
148,1.55965323693e+18,-32.59042358,-1.265167236,-24.54528809,nothing
149,1.55965323718e+18,-32.18963623,-1.267456055,-24.7477417,nothing
150,1.55965323743e+18,-32.14804077,-1.494979858,-24.88427734,nothing
151,1.55965323768e+18,-32.07781982,-1.357376099,-24.64263916,nothing
152,1.55965323793e+18,-31.89851379,-1.383148193,-24.72216797,nothing
153,1.55965323818e+18,-32.37487793,-1.214660645,-24.51428223,nothing
154,1.55965323843e+18,-32.2487793,-1.167144775,-24.6932373,nothing
155,1.55965323868e+18,-31.99021912,-1.319091797,-24.59692383,nothing
156,1.55965323893e+18,-31.95303345,-1.101776123,-24.81591797,nothing
157,1.55965323918e+18,-32.12973022,-1.206130981,-24.7857666,nothing
158,1.55965323943e+18,-32.29548645,-1.368225098,-24.85046387,nothing
159,1.55965323968e+18,-32.2019043,-0.870300293,-24.58276367,nothing
160,1.55965323993e+18,-32.18367004,-0.9802246094,-24.5982666,nothing
161,1.55965324018e+18,-32.07060242,-1.203460693,-24.7699585,nothing
162,1.55965324043e+18,-31.84341431,-1.17678833,-24.57629395,nothing
163,1.55965324068e+18,-31.9723053,-1.151885986,-24.5534668,nothing
164,1.55965324093e+18,-31.70579529,-0.8815307617,-24.73266602,nothing
165,1.55965324118e+18,-32.34140015,-1.219070435,-24.76379395,nothing
166,1.55965324143e+18,-33.05465698,-1.063110352,-24.59301758,nothing
167,1.55965324168e+18,-32.20292664,-1.004730225,-24.46661377,nothing
168,1.55965324193e+18,-32.18786621,-1.575653076,-24.6317749,nothing
169,1.55965324218e+18,-32.09059143,-1.542892456,-24.42419434,nothing
170,1.55965324243e+18,-32.31437683,-1.079284668,-24.74188232,nothing
171,1.55965324267e+18,-31.94776917,-1.309707642,-24.54614258,nothing
172,1.55965324292e+18,-31.98672485,-1.345184326,-24.76379395,nothing
173,1.55965324317e+18,-32.39573669,-1.359161377,-24.41955566,nothing
174,1.55965324342e+18,-32.4703064,-1.083908081,-24.78540039,nothing
175,1.55965324367e+18,-32.29257202,-1.010482788,-24.51568604,nothing
176,1.55965324392e+18,-32.08683777,-1.230194092,-24.73217773,nothing
177,1.55965324417e+18,-32.13209534,-1.076965332,-24.73858643,nothing
178,1.55965324442e+18,-32.43292236,-1.091003418,-24.98657227,nothing
179,1.55965324467e+18,-32.03872681,-1.314712524,-24.53662109,nothing
180,1.55965324492e+18,-32.0632019,-1.234008789,-24.37158203,nothing
181,1.55965324517e+18,-31.93490601,-1.105438232,-24.66918945,nothing
182,1.55965324542e+18,-31.98052979,-1.057678223,-24.85510254,nothing
183,1.55965324567e+18,-32.02636719,-1.036315918,-25.13909912,nothing
184,1.55965324592e+18,-32.10151672,-1.296951294,-24.75598145,nothing
185,1.55965324617e+18,-31.94430542,-1.344802856,-24.64501953,nothing
186,1.55965324642e+18,-32.4163208,-1.365890503,-24.58422852,nothing
187,1.55965324667e+18,-32.48353577,-1.145568848,-24.60559082,nothing
188,1.55965324692e+18,-32.37548828,-1.125076294,-24.59399414,nothing
189,1.55965324717e+18,-31.88546753,-1.401763916,-25.01068115,nothing
190,1.55965324742e+18,-32.45310974,-1.123794556,-24.95471191,nothing
191,1.55965324767e+18,-32.1519165,-1.210586548,-24.6116333,nothing
192,1.55965324792e+18,-32.07559204,-0.9806060791,-24.58282471,nothing
193,1.55965324817e+18,-32.20069885,-1.435424805,-24.50720215,nothing
194,1.55965324841e+18,-32.1754303,-1.139251709,-24.86950684,nothing
195,1.55965324866e+18,-32.09619141,-1.397689819,-24.72375488,nothing
196,1.55965324891e+18,-32.0683136,-1.197036743,-24.88830566,nothing
197,1.55965324916e+18,-32.07717896,-1.270477295,-24.57946777,nothing
198,1.55965324941e+18,-32.1547699,-1.356445312,-24.39654541,nothing
199,1.55965324966e+18,-32.24676514,-1.249771118,-24.74249268,nothing
200,1.55965324991e+18,-32.04393005,-1.284103394,-24.13275146,nothing
201,1.55965325016e+18,-32.01783752,-1.150680542,-24.89562988,nothing
202,1.55965325041e+18,-31.72650146,-1.354660034,-24.84051514,nothing
203,1.55965325066e+18,-31.67778015,-1.341369629,-24.71759033,nothing
204,1.55965325091e+18,-31.99958801,-1.278762817,-24.82849121,nothing
205,1.55965325116e+18,-32.01072693,-1.144241333,-25.07611084,nothing
206,1.55965325141e+18,-32.13220215,-1.349822998,-24.72705078,nothing
207,1.55965325166e+18,-32.34103394,-1.317092896,-24.86816406,nothing
208,1.55965325191e+18,-32.12414551,-1.394638062,-24.77716064,nothing
209,1.55965325216e+18,-32.10113525,-1.504241943,-24.81652832,nothing
210,1.55965325241e+18,-31.96641541,-1.523986816,-24.72814941,nothing
211,1.55965325266e+18,-31.84686279,-1.353973389,-24.72521973,nothing
212,1.55965325291e+18,-32.11807251,-1.734207153,-24.76739502,nothing
213,1.55965325316e+18,-31.98101807,-1.696899414,-24.59765625,nothing
214,1.55965325341e+18,-31.9644928,-1.403076172,-24.75671387,nothing
215,1.55965325366e+18,-31.78192139,-1.481796265,-24.67871094,nothing
216,1.55965325391e+18,-31.88352966,-1.750762939,-24.86895752,nothing
217,1.55965325415e+18,-32.10649109,-1.567474365,-24.79296875,nothing
218,1.5596532544e+18,-32.10386658,-1.10585022,-25.01159668,nothing
219,1.55965325465e+18,-32.17764282,-1.443771362,-24.96777344,nothing
220,1.5596532549e+18,-32.05155945,-1.239959717,-24.94732666,nothing
221,1.55965325515e+18,-32.65739441,-1.327285767,-24.51599121,nothing
222,1.5596532554e+18,-32.08978271,-1.736968994,-24.92944336,nothing
223,1.55965325565e+18,-31.8729248,-1.499328613,-24.88964844,nothing
224,1.5596532559e+18,-31.94740295,-1.226867676,-24.82092285,nothing
225,1.55965325615e+18,-32.13139343,-1.194046021,-24.82971191,nothing
226,1.5596532564e+18,-32.07023621,-1.279541016,-24.8026123,nothing
227,1.55965325665e+18,-32.04360962,-1.480300903,-24.90759277,nothing
228,1.5596532569e+18,-32.00665283,-1.106994629,-24.90429688,nothing
229,1.55965325715e+18,-32.18312073,-1.27734375,-24.52203369,nothing
230,1.5596532574e+18,-32.1149292,-1.278396606,-24.73040771,nothing
231,1.55965325765e+18,-32.53805542,-1.504196167,-24.61315918,nothing
232,1.5596532579e+18,-32.14393616,-1.63041687,-24.78302002,nothing
233,1.55965325815e+18,-31.93125916,-1.712524414,-24.53051758,nothing
234,1.5596532584e+18,-32.0526886,-1.479034424,-24.52960205,nothing
235,1.55965325865e+18,-31.95567322,-1.459716797,-24.81707764,nothing
236,1.5596532589e+18,-31.95005798,-1.434738159,-24.77416992,nothing
237,1.55965325915e+18,-32.00257874,-1.496078491,-24.49523926,nothing
238,1.5596532594e+18,-32.23994446,-1.459793091,-24.90332031,nothing
239,1.55965325965e+18,-32.07202148,-1.315032959,-24.85797119,nothing
240,1.55965325989e+18,-31.76460266,-1.237106323,-24.515625,nothing
241,1.55965326014e+18,-31.88591003,-1.26461792,-24.83807373,nothing
242,1.55965326039e+18,-31.9707489,-1.480789185,-24.69677734,nothing
243,1.55965326064e+18,-32.28521729,-1.434646606,-24.62133789,nothing
244,1.55965326089e+18,-31.97509766,-1.139572144,-24.98779297,nothing
245,1.55965326114e+18,-32.20896912,-1.510116577,-24.80987549,nothing
246,1.55965326139e+18,-32.12652588,-1.451675415,-25.07421875,nothing
247,1.55965326164e+18,-32.35240173,-1.614715576,-24.35754395,nothing
248,1.55965326189e+18,-32.24780273,-1.661087036,-24.68341064,nothing
249,1.55965326214e+18,-32.16304016,-1.878570557,-24.7565918,nothing
250,1.55965326239e+18,-31.87522888,-1.300720215,-25.07550049,nothing
251,1.55965326264e+18,-31.96636963,-1.479171753,-24.51324463,nothing
252,1.55965326289e+18,-32.08007812,-1.244979858,-25.00805664,nothing
253,1.55965326314e+18,-32.04745483,-1.201171875,-24.76177979,nothing
254,1.55965326339e+18,-32.21374512,-1.637985229,-24.42303467,nothing
255,1.55965326364e+18,-32.45500183,-1.393493652,-24.58599854,nothing
256,1.55965326389e+18,-32.15328979,-1.37739563,-24.69671631,nothing
257,1.55965326414e+18,-32.11938477,-1.305648804,-24.43640137,nothing
258,1.55965326439e+18,-32.32878113,-1.473861694,-24.51513672,nothing
259,1.55965326464e+18,-32.14404297,-1.471618652,-24.70959473,nothing
260,1.55965326489e+18,-32.03967285,-1.45866394,-24.44165039,nothing
261,1.55965326514e+18,-32.09458923,-1.354873657,-24.51794434,nothing
262,1.55965326539e+18,-32.0585022,-1.285446167,-24.82147217,nothing
263,1.55965326563e+18,-32.24702454,-1.480636597,-24.82562256,nothing
264,1.55965326588e+18,-31.97219849,-1.890838623,-24.58032227,nothing
265,1.55965326613e+18,-32.43913269,-1.511352539,-24.86950684,nothing
266,1.55965326638e+18,-32.24473572,-1.385009766,-24.63092041,nothing
267,1.55965326663e+18,-31.96478271,-1.455429077,-24.86077881,nothing
268,1.55965326688e+18,-32.00653076,-1.342712402,-24.76898193,nothing
269,1.55965326713e+18,-32.08300781,-1.462402344,-24.55645752,nothing
270,1.55965326738e+18,-32.13206482,-1.362960815,-24.63458252,nothing
271,1.55965326763e+18,-31.88893127,-1.385787964,-24.49389648,nothing
272,1.55965326788e+18,-32.23780823,-1.331222534,-24.67608643,nothing
273,1.55965326813e+18,-32.0869751,-1.469116211,-24.59057617,nothing
274,1.55965326838e+18,-31.96432495,-1.286621094,-24.62310791,nothing
275,1.55965326863e+18,-32.22027588,-1.484405518,-24.55804443,nothing
276,1.55965326888e+18,-32.19996643,-1.505645752,-24.78295898,nothing
277,1.55965326913e+18,-31.92329407,-1.540908813,-24.72619629,nothing
278,1.55965326938e+18,-31.81646729,-1.185211182,-24.84106445,nothing
279,1.55965326963e+18,-32.00949097,-1.357696533,-24.73699951,nothing
280,1.55965326988e+18,-31.87893677,-1.499237061,-24.76373291,nothing
281,1.55965327013e+18,-31.94625854,-1.113800049,-24.7131958,nothing
282,1.55965327038e+18,-31.99667358,-1.487838745,-24.67224121,nothing
283,1.55965327063e+18,-32.22180176,-1.330612183,-24.49963379,nothing
284,1.55965327088e+18,-31.88293457,-0.9631500244,-24.57446289,nothing
285,1.55965327113e+18,-32.20787048,-1.070999146,-24.51635742,nothing
286,1.55965327137e+18,-32.30636597,-1.452438354,-24.86706543,nothing
287,1.55965327162e+18,-32.1963501,-1.52961731,-24.84039307,nothing
288,1.55965327187e+18,-32.10189819,-1.450454712,-24.64416504,nothing
289,1.55965327212e+18,-32.06878662,-1.428268433,-24.39367676,nothing
290,1.55965327237e+18,-32.07002258,-1.331665039,-24.79156494,nothing
291,1.55965327262e+18,-31.87413025,-1.087203979,-24.98370361,nothing
292,1.55965327287e+18,-32.02482605,-1.269744873,-24.3704834,nothing
293,1.55965327312e+18,-32.15461731,-1.022857666,-24.6751709,nothing
294,1.55965327337e+18,-32.07731628,-1.136764526,-24.85974121,nothing
295,1.55965327362e+18,-32.14398193,-1.442977905,-24.62158203,nothing
296,1.55965327387e+18,-31.74729919,-1.55871582,-24.45483398,nothing
297,1.55965327412e+18,-31.95755005,-1.364685059,-24.72106934,nothing
298,1.55965327437e+18,-31.78036499,-1.415878296,-24.74182129,nothing
299,1.55965327462e+18,-31.75679016,-1.362258911,-24.49841309,nothing
300,1.55965327487e+18,-31.87185669,-1.168655396,-24.86383057,nothing
301,1.55965327512e+18,-32.02185059,-1.588943481,-24.78222656,nothing
302,1.55965327537e+18,-32.13191223,-1.265380859,-24.60113525,nothing
303,1.55965327562e+18,-32.17628479,-1.20765686,-24.67553711,nothing
304,1.55965327587e+18,-32.38885498,-1.515167236,-24.65429688,nothing
305,1.55965327612e+18,-31.93229675,-1.32901001,-24.49938965,nothing
306,1.55965327637e+18,-32.03289795,-1.29498291,-24.40447998,nothing
307,1.55965327662e+18,-31.90336609,-1.342391968,-24.64379883,nothing
308,1.55965327687e+18,-32.25480652,-1.161102295,-24.58557129,nothing
309,1.55965327711e+18,-32.08692932,-1.245239258,-24.64093018,nothing
310,1.55965327736e+18,-32.09327698,-1.406005859,-24.69104004,nothing
311,1.55965327761e+18,-31.78720093,-1.305725098,-24.6875,nothing
312,1.55965327786e+18,-32.11541748,-1.36857605,-24.78027344,nothing
313,1.55965327811e+18,-32.66362,-1.316085815,-24.7623291,nothing
314,1.55965327836e+18,-31.97888184,-1.222183228,-24.78289795,nothing
315,1.55965327861e+18,-32.16870117,-1.574066162,-24.60656738,nothing
316,1.55965327886e+18,-32.13223267,-1.415893555,-24.5916748,nothing
317,1.55965327911e+18,-31.94842529,-1.596984863,-24.82531738,nothing
318,1.55965327936e+18,-32.15533447,-1.465820312,-24.62255859,nothing
319,1.55965327961e+18,-32.12315369,-1.237991333,-24.94689941,nothing
320,1.55965327986e+18,-31.85202026,-1.258300781,-24.80645752,nothing
321,1.55965328011e+18,-31.91030884,-1.138397217,-24.76098633,nothing
322,1.55965328036e+18,-31.89585876,-1.054367065,-24.54144287,nothing
323,1.55965328061e+18,-32.10362244,-1.565490723,-24.78265381,nothing
324,1.55965328086e+18,-32.06547546,-1.148696899,-24.74609375,nothing
325,1.55965328111e+18,-31.93008423,-1.41998291,-24.68225098,nothing
326,1.55965328136e+18,-32.19818115,-1.032485962,-24.71728516,nothing
327,1.55965328161e+18,-32.2830658,-1.504776001,-24.61694336,nothing
328,1.55965328186e+18,-32.25065613,-1.364486694,-24.71508789,nothing
329,1.55965328211e+18,-32.16650391,-1.280929565,-24.62353516,nothing
330,1.55965328236e+18,-32.37507629,-1.407012939,-24.53491211,nothing
331,1.5596532826e+18,-32.07505798,-1.245285034,-24.76080322,nothing
332,1.55965328285e+18,-32.20887756,-1.441513062,-24.84619141,nothing
333,1.5596532831e+18,-32.0569458,-1.308868408,-24.60205078,nothing
334,1.55965328335e+18,-32.1913147,-1.185043335,-24.75292969,nothing
335,1.5596532836e+18,-32.33631897,-1.373840332,-24.64434814,nothing
336,1.55965328385e+18,-31.92579651,-1.492218018,-24.60949707,nothing
337,1.5596532841e+18,-32.22958374,-1.542602539,-24.47271729,nothing
338,1.55965328435e+18,-32.82121277,-1.410644531,-24.47387695,nothing
339,1.5596532846e+18,-31.85604858,-1.705444336,-24.60858154,nothing
340,1.55965328485e+18,-31.90324402,-1.345657349,-24.92279053,nothing
341,1.5596532851e+18,-31.91419983,-1.342666626,-24.62701416,nothing
342,1.55965328535e+18,-32.2849884,-1.590499878,-24.79827881,nothing
343,1.5596532856e+18,-32.0005188,-1.256912231,-24.55761719,nothing
344,1.55965328585e+18,-31.8697052,-1.386459351,-24.56384277,nothing
345,1.5596532861e+18,-32.07315063,-1.205657959,-24.81896973,nothing
346,1.55965328635e+18,-32.0546875,-1.299758911,-24.69116211,nothing
347,1.5596532866e+18,-32.38378906,-0.9440765381,-24.6229248,nothing
348,1.55965328685e+18,-32.17999268,-1.184036255,-24.85144043,nothing
349,1.5596532871e+18,-31.97105408,-1.212615967,-24.53613281,nothing
350,1.55965328735e+18,-31.88368225,-1.369155884,-24.59777832,nothing
351,1.5596532876e+18,-32.03875732,-1.366241455,-24.45617676,nothing
352,1.55965328785e+18,-32.14021301,-1.318893433,-24.52502441,nothing
353,1.5596532881e+18,-32.09838867,-1.426040649,-24.54156494,nothing
354,1.55965328834e+18,-32.32473755,-1.403762817,-24.55255127,nothing
355,1.55965328859e+18,-32.20776367,-1.007858276,-24.55609131,nothing
356,1.55965328884e+18,-32.23603821,-1.089584351,-24.71923828,nothing
357,1.55965328909e+18,-31.85945129,-1.466171265,-24.87280273,nothing
358,1.55965328934e+18,-32.12895203,-1.501586914,-24.68798828,nothing
359,1.55965328959e+18,-31.88598633,-1.194335938,-24.61627197,nothing
360,1.55965328984e+18,-33.65113831,-1.360061646,-24.70556641,nothing
361,1.55965329009e+18,-32.03445435,-1.579467773,-24.75854492,nothing
362,1.55965329034e+18,-31.64505005,-1.34487915,-24.74450684,nothing
363,1.55965329059e+18,-32.14100647,-1.132415771,-24.81506348,nothing
364,1.55965329084e+18,-32.25784302,-1.315368652,-24.54516602,nothing
365,1.55965329109e+18,-32.08761597,-1.163192749,-24.7331543,nothing
366,1.55965329134e+18,-32.31948853,-1.564559937,-24.58782959,nothing
367,1.55965329159e+18,-32.51602173,-0.8723144531,-24.72125244,nothing
368,1.55965329184e+18,-32.36038208,-1.12322998,-24.37963867,nothing
369,1.55965329209e+18,-32.67488098,-1.342529297,-24.69592285,nothing
370,1.55965329234e+18,-32.63745117,-0.9719543457,-24.61132812,nothing
371,1.55965329259e+18,-32.30941772,-1.310394287,-24.93823242,nothing
372,1.55965329284e+18,-32.00889587,-0.8924102783,-24.64599609,nothing
373,1.55965329309e+18,-31.92930603,-1.196502686,-24.58282471,nothing
374,1.55965329334e+18,-32.33444214,-1.181365967,-24.54827881,nothing
375,1.55965329359e+18,-31.85580444,-1.667282104,-24.91748047,nothing
376,1.55965329384e+18,-32.5697937,-0.64503479,-24.53198242,nothing
377,1.55965329408e+18,-32.50378418,-1.112228394,-24.75097656,nothing
378,1.55965329433e+18,-32.21116638,-0.9000091553,-24.71826172,nothing
379,1.55965329458e+18,-32.16226196,-1.090682983,-24.54064941,nothing
380,1.55965329483e+18,-32.43173218,-0.8559265137,-24.59338379,nothing
381,1.55965329508e+18,-32.0630188,-1.185394287,-24.22814941,nothing
382,1.55965329533e+18,-31.86178589,-1.202590942,-24.61560059,nothing
383,1.55965329558e+18,-32.12840271,-0.8560180664,-24.63793945,nothing
384,1.55965329583e+18,-31.89401245,-1.276107788,-24.58172607,nothing
385,1.55965329608e+18,-31.91932678,-1.365036011,-24.56500244,nothing
386,1.55965329633e+18,-32.13192749,-1.322875977,-24.65332031,nothing
387,1.55965329658e+18,-32.36946106,-1.01449585,-24.6920166,nothing
388,1.55965329683e+18,-31.92193604,-0.7185821533,-24.63574219,nothing
389,1.55965329708e+18,-32.07943726,-1.347198486,-24.44677734,nothing
390,1.55965329733e+18,-32.12213135,-1.344146729,-24.78704834,nothing
391,1.55965329758e+18,-32.37542725,-1.203903198,-24.83789062,nothing
392,1.55965329783e+18,-32.41638184,-1.14112854,-24.54345703,nothing
393,1.55965329808e+18,-31.89689636,-1.351409912,-24.76013184,nothing
394,1.55965329833e+18,-32.14268494,-1.107955933,-24.75439453,nothing
395,1.55965329858e+18,-31.90948486,-1.342315674,-24.61816406,nothing
396,1.55965329883e+18,-31.94969177,-1.119873047,-24.75463867,nothing
397,1.55965329908e+18,-32.10281372,-1.210983276,-24.59301758,nothing
398,1.55965329933e+18,-32.3444519,-1.132736206,-24.68353271,nothing
399,1.55965329958e+18,-32.3591156,-1.123077393,-24.54864502,nothing
400,1.55965329982e+18,-32.21975708,-1.349624634,-24.93225098,nothing
401,1.55965330007e+18,-32.30363464,-1.319107056,-24.58642578,nothing
402,1.55965330032e+18,-32.08638,-1.484313965,-24.76275635,nothing
403,1.55965330057e+18,-32.08403015,-1.481307983,-24.59613037,nothing
404,1.55965330082e+18,-32.23722839,-1.49822998,-25.07623291,nothing
405,1.55965330107e+18,-32.02276611,-1.322479248,-24.88903809,nothing
406,1.55965330132e+18,-32.18467712,-1.357437134,-24.65454102,nothing
407,1.55965330157e+18,-32.1383667,-1.343948364,-24.93518066,nothing
408,1.55965330182e+18,-32.22659302,-1.173019409,-24.68786621,nothing
409,1.55965330207e+18,-32.18952942,-1.076766968,-24.85192871,nothing
410,1.55965330232e+18,-32.53964233,-1.524337769,-24.43060303,nothing
411,1.55965330257e+18,-32.20980835,-1.347625732,-24.59136963,nothing
412,1.55965330282e+18,-32.17741394,-1.522949219,-25.01641846,nothing
413,1.55965330307e+18,-32.12945557,-1.363189697,-24.5581665,nothing
414,1.55965330332e+18,-32.29890442,-1.284301758,-24.86651611,nothing
415,1.55965330357e+18,-32.15318298,-1.30645752,-24.76092529,nothing
416,1.55965330382e+18,-32.16818237,-1.088806152,-24.91082764,nothing
417,1.55965330407e+18,-32.51716614,-1.393051147,-24.84863281,nothing
418,1.55965330432e+18,-32.2311554,-1.522216797,-24.86462402,nothing
419,1.55965330457e+18,-32.192276,-1.342788696,-24.76025391,nothing
420,1.55965330482e+18,-32.51448059,-1.030853271,-24.76452637,nothing
421,1.55965330507e+18,-32.63114929,-1.393264771,-24.81433105,nothing
422,1.55965330532e+18,-32.24647522,-1.312957764,-24.66296387,nothing
423,1.55965330556e+18,-31.97357178,-1.359069824,-24.75,nothing
424,1.55965330581e+18,-32.15829468,-1.09475708,-24.51104736,nothing
425,1.55965330606e+18,-32.07131958,-1.115890503,-24.73291016,nothing
426,1.55965330631e+18,-31.68092346,-1.346862793,-24.92816162,nothing
427,1.55965330656e+18,-31.89160156,-1.324020386,-24.84375,nothing
428,1.55965330681e+18,-31.87652588,-1.34552002,-25.07446289,nothing
429,1.55965330706e+18,-31.93762207,-1.388061523,-24.83508301,nothing
430,1.55965330731e+18,-31.86538696,-1.431350708,-24.51837158,nothing
431,1.55965330756e+18,-32.00256348,-1.419082642,-24.95031738,nothing
432,1.55965330781e+18,-32.18699646,-1.656356812,-24.8190918,nothing
433,1.55965330806e+18,-32.34403992,-1.283676147,-24.72314453,nothing
434,1.55965330831e+18,-31.942276,-1.468826294,-24.78918457,nothing
435,1.55965330856e+18,-31.85310364,-1.548187256,-24.59716797,nothing
436,1.55965330881e+18,-32.41195679,-1.557357788,-24.83673096,nothing
437,1.55965330906e+18,-32.29519653,-1.752212524,-24.84942627,nothing
438,1.55965330931e+18,-32.02380371,-1.39024353,-24.92053223,nothing
439,1.55965330956e+18,-32.18151855,-1.299880981,-24.8034668,nothing
440,1.55965330981e+18,-32.18099976,-1.427124023,-24.63916016,nothing
441,1.55965331006e+18,-32.02548218,-1.484939575,-24.82818604,nothing
442,1.55965331031e+18,-31.88400269,-1.333374023,-24.72344971,nothing
443,1.55965331056e+18,-32.28849792,-1.430007935,-24.64483643,nothing
444,1.55965331081e+18,-32.104599,-1.035415649,-24.50378418,nothing
445,1.55965331106e+18,-32.28613281,-1.219772339,-24.75836182,nothing
446,1.5596533113e+18,-32.05496216,-1.674667358,-24.86413574,nothing
447,1.55965331155e+18,-32.16351318,-1.393493652,-24.88946533,nothing
448,1.5596533118e+18,-31.9499054,-1.48236084,-24.85595703,nothing
449,1.55965331205e+18,-31.91387939,-1.57131958,-24.52484131,nothing
450,1.5596533123e+18,-31.9303894,-1.488723755,-24.42010498,nothing
451,1.55965331255e+18,-32.22155762,-1.473052979,-24.76586914,nothing
452,1.5596533128e+18,-31.98638916,-1.361373901,-24.63623047,nothing
453,1.55965331305e+18,-32.17048645,-1.521636963,-24.55474854,nothing
454,1.5596533133e+18,-32.28514099,-1.238510132,-24.8626709,nothing
455,1.55965331355e+18,-32.18463135,-1.52456665,-24.86010742,nothing
456,1.5596533138e+18,-31.92027283,-1.16015625,-24.77905273,nothing
457,1.55965331405e+18,-32.37606812,-1.287475586,-24.75561523,nothing
458,1.5596533143e+18,-31.97996521,-1.455444336,-24.8026123,nothing
459,1.55965331455e+18,-32.10273743,-1.377746582,-24.58428955,nothing
460,1.5596533148e+18,-31.94880676,-1.481567383,-24.81237793,nothing
461,1.55965331505e+18,-32.18186951,-1.345703125,-24.7744751,nothing
462,1.5596533153e+18,-32.17997742,-1.283081055,-24.68469238,nothing
463,1.55965331555e+18,-32.34100342,-1.139694214,-24.3637085,nothing
464,1.5596533158e+18,-31.73529053,-1.187927246,-24.67059326,nothing
465,1.55965331605e+18,-31.89805603,-1.287277222,-24.48272705,nothing
466,1.5596533163e+18,-33.64274597,-1.041885376,-24.6619873,nothing
467,1.55965331655e+18,-32.10041809,-1.172119141,-24.49725342,nothing
468,1.5596533168e+18,-31.97080994,-1.27772522,-24.81433105,nothing
469,1.55965331704e+18,-32.03894043,-1.530441284,-24.73754883,nothing
470,1.55965331729e+18,-32.15727234,-1.295211792,-24.50793457,nothing
471,1.55965331754e+18,-32.173172,-1.472610474,-24.62225342,nothing
472,1.55965331779e+18,-32.0393219,-1.429046631,-24.69360352,nothing
473,1.55965331804e+18,-31.8441925,-1.510147095,-24.52087402,nothing
474,1.55965331829e+18,-32.383255,-1.267837524,-24.64190674,nothing
475,1.55965331854e+18,-31.89343262,-1.436645508,-24.65118408,nothing
476,1.55965331879e+18,-32.5085907,-1.461288452,-24.56811523,nothing
477,1.55965331904e+18,-32.1219635,-1.244842529,-24.45581055,nothing
478,1.55965331929e+18,-32.54116821,-1.548736572,-24.40332031,nothing
479,1.55965331954e+18,-32.19647217,-1.349838257,-24.44055176,nothing
480,1.55965331979e+18,-32.18530273,-1.250595093,-24.51062012,nothing
481,1.55965332004e+18,-32.22389221,-1.069717407,-24.78808594,nothing
482,1.55965332029e+18,-32.16998291,-1.065994263,-24.82220459,nothing
483,1.55965332054e+18,-32.20062256,-1.251434326,-24.0657959,nothing
484,1.55965332079e+18,-32.04429626,-1.467269897,-24.14892578,nothing
485,1.55965332104e+18,-31.94854736,-1.491271973,-24.61083984,nothing
486,1.55965332129e+18,-31.85462952,-1.158538818,-24.69360352,nothing
487,1.55965332154e+18,-32.16520691,-1.092987061,-24.56115723,nothing
488,1.55965332179e+18,-31.76608276,-1.319381714,-24.62322998,nothing
489,1.55965332204e+18,-32.23886108,-1.236175537,-24.54803467,nothing
490,1.55965332229e+18,-31.83140564,-1.256790161,-24.61096191,nothing
491,1.55965332254e+18,-32.01734924,-1.548019409,-24.36114502,nothing
492,1.55965332278e+18,-31.87286377,-1.313690186,-24.71325684,nothing
493,1.55965332303e+18,-31.83699036,-1.212722778,-24.82440186,nothing
494,1.55965332328e+18,-32.30848694,-1.72354126,-24.39453125,nothing
495,1.55965332353e+18,-32.19425964,-1.431838989,-24.50231934,nothing
496,1.55965332378e+18,-32.11849976,-1.557800293,-24.69677734,nothing
497,1.55965332403e+18,-32.21708679,-1.341201782,-24.49224854,nothing
498,1.55965332428e+18,-32.18849182,-1.271392822,-24.73706055,nothing
499,1.55965332453e+18,-32.58850098,-1.280609131,-24.63208008,nothing
500,1.55965332478e+18,-32.2928772,-1.420074463,-24.53283691,nothing
501,1.55965332503e+18,-32.22062683,-1.275619507,-24.49981689,nothing
502,1.55965332528e+18,-32.60995483,-1.433837891,-24.53417969,nothing
503,1.55965332553e+18,-32.01420593,-1.376876831,-24.48065186,nothing
504,1.55965332578e+18,-31.89424133,-1.068603516,-24.51812744,nothing
505,1.55965332603e+18,-32.33468628,-1.151138306,-24.40435791,nothing
506,1.55965332628e+18,-31.97183228,-1.508911133,-24.36169434,nothing
507,1.55965332653e+18,-31.9813385,-1.515594482,-24.68304443,nothing
508,1.55965332678e+18,-32.17460632,-1.114547729,-24.27587891,nothing
509,1.55965332703e+18,-31.98898315,-1.484436035,-24.48638916,nothing
510,1.55965332728e+18,-31.91737366,-1.31010437,-24.23413086,nothing
511,1.55965332753e+18,-32.23017883,-1.500595093,-24.54614258,nothing
512,1.55965332778e+18,-31.90583801,-1.396591187,-24.37487793,nothing
513,1.55965332803e+18,-32.41589355,-1.2318573,-24.50842285,nothing
514,1.55965332828e+18,-32.0093689,-1.360687256,-24.35632324,nothing
515,1.55965332852e+18,-32.21473694,-1.482406616,-24.50048828,nothing
516,1.55965332877e+18,-32.24349976,-1.22593689,-24.44885254,nothing
517,1.55965332902e+18,-32.21308899,-1.494750977,-24.49688721,nothing
518,1.55965332927e+18,-31.90614319,-1.492462158,-24.57275391,nothing
519,1.55965332952e+18,-32.00057983,-1.486907959,-24.47619629,nothing
520,1.55965332977e+18,-32.21998596,-1.389144897,-24.68518066,nothing
521,1.55965333002e+18,-31.86071777,-1.722015381,-24.85205078,nothing
522,1.55965333027e+18,-32.15203857,-1.005432129,-24.6362915,nothing
523,1.55965333052e+18,-32.23977661,-1.419662476,-24.69110107,nothing
524,1.55965333077e+18,-32.26721191,-1.320465088,-24.47558594,nothing
525,1.55965333102e+18,-32.01887512,-1.486297607,-24.47998047,nothing
526,1.55965333127e+18,-32.27194214,-1.154968262,-24.75402832,nothing
527,1.55965333152e+18,-32.13943481,-1.219207764,-24.71142578,nothing
528,1.55965333177e+18,-32.29013062,-1.746231079,-24.84680176,nothing
529,1.55965333202e+18,-32.18927002,-1.49848938,-24.70019531,nothing
530,1.55965333227e+18,-31.94096375,-1.457550049,-24.6920166,nothing
531,1.55965333252e+18,-32.13328552,-1.071563721,-24.50830078,nothing
532,1.55965333277e+18,-32.02749634,-1.154541016,-24.55175781,nothing
533,1.55965333302e+18,-32.14546204,-1.294692993,-24.74975586,nothing
534,1.55965333327e+18,-32.12364197,-1.126358032,-24.48681641,nothing
535,1.55965333352e+18,-31.94718933,-1.110443115,-24.3815918,nothing
536,1.55965333377e+18,-32.28662109,-1.410415649,-24.58935547,nothing
537,1.55965333402e+18,-32.53393555,-1.409484863,-24.53491211,nothing
538,1.55965333426e+18,-32.38569641,-1.193237305,-24.52593994,nothing
539,1.55965333451e+18,-32.34085083,-1.350845337,-24.51574707,nothing
540,1.55965333476e+18,-32.39370728,-1.405883789,-24.90197754,nothing
541,1.55965333501e+18,-32.30718994,-1.57194519,-24.60339355,nothing
542,1.55965333526e+18,-32.11471558,-1.262649536,-24.58105469,nothing
543,1.55965333551e+18,-31.8249054,-1.467849731,-24.63885498,nothing
544,1.55965333576e+18,-31.95988464,-1.232833862,-24.54486084,nothing
545,1.55965333601e+18,-32.21324158,-1.248794556,-24.53613281,nothing
546,1.55965333626e+18,-32.13604736,-1.271377563,-24.66369629,nothing
547,1.55965333651e+18,-32.07647705,-1.301651001,-24.58215332,nothing
548,1.55965333676e+18,-32.001297,-1.493286133,-24.60705566,nothing
549,1.55965333701e+18,-31.90260315,-1.321365356,-24.90252686,nothing
550,1.55965333726e+18,-31.86817932,-1.396682739,-24.65270996,nothing
551,1.55965333751e+18,-32.03695679,-1.454284668,-24.53381348,nothing
552,1.55965333776e+18,-32.15466309,-1.271911621,-24.34857178,nothing
553,1.55965333801e+18,-32.21928406,-1.31451416,-24.60906982,nothing
554,1.55965333826e+18,-32.06254578,-1.281723022,-24.7824707,nothing
555,1.55965333851e+18,-31.97854614,-1.07875061,-24.7333374,nothing
556,1.55965333876e+18,-32.22555542,-1.12059021,-24.44897461,nothing
557,1.55965333901e+18,-31.97984314,-1.334732056,-24.73944092,nothing
558,1.55965333926e+18,-32.12039185,-1.630691528,-24.64337158,nothing
559,1.55965333951e+18,-32.19630432,-1.589431763,-24.39251709,nothing
560,1.55965333976e+18,-32.06880188,-1.696609497,-24.60900879,nothing
561,1.55965334e+18,-32.5872345,-1.535217285,-24.74578857,nothing
562,1.55965334025e+18,-31.88981628,-1.489837646,-24.51318359,nothing
563,1.5596533405e+18,-32.39677429,-1.276290894,-24.41815186,nothing
564,1.55965334075e+18,-31.65638733,-1.59513855,-25.00390625,nothing
565,1.559653341e+18,-32.1605072,-1.569778442,-24.49047852,nothing
566,1.55965334125e+18,-31.90266418,-1.133361816,-24.84100342,nothing
567,1.5596533415e+18,-31.80648804,-1.357009888,-24.6630249,nothing
568,1.55965334175e+18,-31.6607666,-1.180923462,-24.61798096,nothing
569,1.559653342e+18,-31.67903137,-1.250442505,-24.54962158,nothing
570,1.55965334225e+18,-31.64651489,-1.516784668,-24.91833496,nothing
571,1.5596533425e+18,-31.83224487,-1.470779419,-24.61376953,nothing
572,1.55965334275e+18,-32.02122498,-1.522460938,-24.77209473,nothing
573,1.559653343e+18,-32.00636292,-1.40802002,-24.48156738,nothing
574,1.55965334325e+18,-32.28215027,-1.248901367,-24.06884766,nothing
575,1.5596533435e+18,-32.39910889,-1.652587891,-24.63183594,nothing
576,1.55965334375e+18,-32.08302307,-1.423370361,-24.27160645,nothing
577,1.559653344e+18,-32.0684967,-1.245178223,-24.5201416,nothing
578,1.55965334425e+18,-32.0304718,-1.232055664,-24.54956055,nothing
579,1.5596533445e+18,-31.87677002,-1.508209229,-24.78564453,nothing
580,1.55965334475e+18,-31.86514282,-1.501815796,-24.80004883,nothing
581,1.559653345e+18,-31.66929626,-1.427078247,-24.50610352,nothing
582,1.55965334525e+18,-32.41967773,-1.351470947,-24.78302002,nothing
583,1.5596533455e+18,-32.02389526,-1.457580566,-24.43804932,nothing
584,1.55965334574e+18,-31.94300842,-1.321426392,-24.61590576,nothing
585,1.55965334599e+18,-32.33274841,-1.658279419,-24.63171387,nothing
586,1.55965334624e+18,-32.173172,-1.657104492,-24.6282959,nothing
587,1.55965334649e+18,-32.07200623,-1.490875244,-24.08276367,nothing
588,1.55965334674e+18,-31.74856567,-1.33581543,-24.62658691,nothing
589,1.55965334699e+18,-31.71629333,-1.339996338,-24.66369629,nothing
590,1.55965334724e+18,-32.17840576,-1.592025757,-24.574646,nothing
591,1.55965334749e+18,-31.75839233,-1.529876709,-24.49182129,nothing
592,1.55965334774e+18,-31.90750122,-1.350646973,-24.55969238,nothing
593,1.55965334799e+18,-32.28842163,-1.419540405,-24.20825195,nothing
594,1.55965334824e+18,-31.81199646,-1.759552002,-24.61254883,nothing
595,1.55965334849e+18,-31.7555542,-1.457717896,-24.35974121,nothing
596,1.55965334874e+18,-32.35403442,-1.498291016,-24.40966797,nothing
597,1.55965334899e+18,-31.95860291,-1.185150146,-24.69042969,nothing
598,1.55965334924e+18,-31.97631836,-1.127502441,-24.21606445,nothing
599,1.55965334949e+18,-32.06436157,-1.145172119,-24.19378662,nothing
600,1.55965334974e+18,-31.88766479,-1.413452148,-24.44696045,nothing
601,1.55965334999e+18,-32.41242981,-1.52293396,-24.36535645,nothing
602,1.55965335024e+18,-32.4642334,-1.331115723,-24.37316895,nothing
603,1.55965335049e+18,-32.25569153,-1.381576538,-24.60906982,nothing
604,1.55965335074e+18,-32.1360321,-1.242019653,-24.33062744,nothing
605,1.55965335099e+18,-31.87005615,-1.285232544,-24.3671875,nothing
606,1.55965335124e+18,-32.19720459,-1.525665283,-24.47106934,nothing
607,1.55965335148e+18,-32.79751587,-1.384933472,-24.21368408,nothing
608,1.55965335173e+18,-31.98027039,-1.14414978,-24.46099854,nothing
609,1.55965335198e+18,-31.97677612,-1.316543579,-24.54925537,nothing
610,1.55965335223e+18,-31.96032715,-1.589416504,-24.46240234,nothing
611,1.55965335248e+18,-32.23257446,-1.24382019,-24.17468262,nothing
612,1.55965335273e+18,-31.70388794,-1.438201904,-24.53613281,nothing
613,1.55965335298e+18,-31.99447632,-1.227340698,-24.51452637,nothing
614,1.55965335323e+18,-32.00674438,-1.317886353,-24.49365234,nothing
615,1.55965335348e+18,-31.95832825,-1.39302063,-24.36273193,nothing
616,1.55965335373e+18,-32.10464478,-1.346389771,-24.51977539,nothing
617,1.55965335398e+18,-32.23501587,-1.529525757,-24.56164551,nothing
618,1.55965335423e+18,-32.11575317,-1.046890259,-24.42077637,nothing
619,1.55965335448e+18,-32.01405334,-1.146408081,-24.25915527,nothing
620,1.55965335473e+18,-32.24542236,-1.716567993,-24.31201172,nothing
621,1.55965335498e+18,-32.30422974,-1.783798218,-24.55511475,nothing
622,1.55965335523e+18,-32.26338196,-1.440963745,-24.54431152,nothing
623,1.55965335548e+18,-31.95095825,-1.526367188,-24.30224609,nothing
624,1.55965335573e+18,-32.28102112,-1.589675903,-24.79077148,nothing
625,1.55965335598e+18,-32.19403076,-1.317016602,-24.53417969,nothing
626,1.55965335623e+18,-32.54742432,-1.34336853,-24.45562744,nothing
627,1.55965335648e+18,-31.81977844,-1.495834351,-24.62585449,nothing
628,1.55965335673e+18,-31.92506409,-1.562942505,-24.58166504,nothing
629,1.55965335698e+18,-31.96403503,-1.430633545,-24.48571777,nothing
630,1.55965335722e+18,-31.89517212,-1.591217041,-24.38964844,nothing
631,1.55965335747e+18,-31.71740723,-1.656204224,-24.5546875,nothing
632,1.55965335772e+18,-31.76611328,-1.400299072,-24.69445801,nothing
633,1.55965335797e+18,-31.94354248,-1.312454224,-24.6987915,nothing
634,1.55965335822e+18,-32.03105164,-1.167221069,-24.6385498,nothing
635,1.55965335847e+18,-32.23345947,-1.205154419,-24.37054443,nothing
636,1.55965335872e+18,-31.9577179,-1.369094849,-24.38208008,nothing
637,1.55965335897e+18,-31.97688293,-1.598571777,-24.64007568,nothing
638,1.55965335922e+18,-32.44619751,-1.744689941,-24.58917236,nothing
639,1.55965335947e+18,-32.18060303,-1.570159912,-24.66107178,nothing
640,1.55965335972e+18,-32.15391541,-1.388458252,-24.60876465,nothing
641,1.55965335997e+18,-32.23510742,-1.457321167,-24.5723877,nothing
642,1.55965336022e+18,-32.63427734,-1.472900391,-24.5892334,nothing
643,1.55965336047e+18,-32.13847351,-1.740524292,-24.58837891,nothing
644,1.55965336072e+18,-32.25865173,-1.601135254,-24.5970459,nothing
645,1.55965336097e+18,-32.01290894,-1.392379761,-24.63238525,nothing
646,1.55965336122e+18,-31.97647095,-1.149353027,-24.39807129,nothing
647,1.55965336147e+18,-32.18418884,-1.683319092,-24.41424561,nothing
648,1.55965336172e+18,-31.8966217,-1.536499023,-24.5244751,nothing
649,1.55965336197e+18,-32.38119507,-1.705581665,-24.60046387,nothing
650,1.55965336222e+18,-32.11885071,-1.594070435,-24.60229492,nothing
651,1.55965336247e+18,-32.14231873,-1.367431641,-24.7220459,nothing
652,1.55965336272e+18,-32.09707642,-1.346450806,-24.65771484,nothing
653,1.55965336296e+18,-31.90449524,-1.586257935,-24.22973633,nothing
654,1.55965336321e+18,-31.91223145,-1.391830444,-24.64794922,nothing
655,1.55965336346e+18,-31.94540405,-1.555282593,-24.72119141,nothing
656,1.55965336371e+18,-31.83224487,-1.67364502,-24.63983154,nothing
657,1.55965336396e+18,-31.82830811,-1.585784912,-24.44293213,nothing
658,1.55965336421e+18,-31.86541748,-1.420791626,-24.5123291,nothing
659,1.55965336446e+18,-31.75349426,-1.37802124,-24.39190674,nothing
660,1.55965336471e+18,-32.11624146,-1.436203003,-24.55041504,nothing
661,1.55965336496e+18,-32.09342957,-1.569061279,-24.62530518,nothing
662,1.55965336521e+18,-32.30450439,-1.528320312,-24.45959473,nothing
663,1.55965336546e+18,-32.26998901,-1.553710938,-24.61010742,nothing
664,1.55965336571e+18,-32.0091095,-1.537307739,-24.60571289,nothing
665,1.55965336596e+18,-32.45918274,-1.584335327,-24.84075928,nothing
666,1.55965336621e+18,-31.92597961,-1.501739502,-24.63720703,nothing
667,1.55965336646e+18,-32.04753113,-1.596908569,-24.38928223,nothing
668,1.55965336671e+18,-32.04463196,-1.294631958,-24.46240234,nothing
669,1.55965336696e+18,-32.31086731,-1.302368164,-24.68499756,nothing
670,1.55965336721e+18,-32.2492981,-1.544647217,-24.40063477,nothing
671,1.55965336746e+18,-31.98905945,-1.678924561,-24.59411621,nothing
672,1.55965336771e+18,-32.05523682,-1.56628418,-24.5413208,nothing
673,1.55965336796e+18,-32.21730042,-1.556793213,-24.44744873,nothing
674,1.55965336821e+18,-31.95198059,-1.559539795,-24.48010254,nothing
675,1.55965336846e+18,-31.96565247,-1.561279297,-24.22473145,nothing
676,1.5596533687e+18,-31.93415833,-1.743255615,-24.37670898,nothing
677,1.55965336895e+18,-32.26145935,-1.748001099,-24.16912842,nothing
678,1.5596533692e+18,-32.23696899,-1.527450562,-24.36346436,nothing
679,1.55965336945e+18,-32.10487366,-1.683456421,-24.62139893,nothing
680,1.5596533697e+18,-32.39178467,-1.77684021,-24.32781982,nothing
681,1.55965336995e+18,-32.07922363,-1.776748657,-24.50817871,nothing
682,1.5596533702e+18,-31.97102356,-1.927536011,-24.27740479,nothing
683,1.55965337045e+18,-32.60868835,-1.556304932,-24.40667725,nothing
684,1.5596533707e+18,-32.49455261,-1.732192993,-24.15899658,nothing
685,1.55965337095e+18,-32.25212097,-1.588989258,-24.49694824,nothing
686,1.5596533712e+18,-32.37350464,-1.492965698,-24.60742188,nothing
687,1.55965337145e+18,-32.04335022,-1.569519043,-24.2890625,nothing
688,1.5596533717e+18,-32.47270203,-1.467025757,-24.58288574,nothing
689,1.55965337195e+18,-32.16339111,-1.768310547,-24.38238525,nothing
690,1.5596533722e+18,-32.1709137,-1.514816284,-24.14453125,nothing
691,1.55965337245e+18,-32.32559204,-1.596542358,-24.34161377,nothing
692,1.5596533727e+18,-32.05699158,-1.810821533,-24.16040039,nothing
693,1.55965337295e+18,-32.39189148,-1.665481567,-24.45849609,nothing
694,1.5596533732e+18,-32.37347412,-1.340515137,-24.2043457,nothing
695,1.55965337345e+18,-32.43182373,-2.043502808,-24.49884033,nothing
696,1.5596533737e+18,-32.55137634,-1.738128662,-24.46466064,nothing
697,1.55965337395e+18,-32.25650024,-1.742858887,-24.54882812,nothing
698,1.5596533742e+18,-32.1829834,-1.616500854,-24.21337891,nothing
699,1.55965337444e+18,-32.11993408,-1.613189697,-24.80029297,nothing
700,1.55965337469e+18,-32.21411133,-1.585098267,-24.41278076,nothing
701,1.55965337494e+18,-32.29934692,-1.668960571,-24.59857178,nothing
702,1.55965337519e+18,-32.28297424,-1.559448242,-24.36859131,nothing
703,1.55965337544e+18,-32.47021484,-1.493591309,-24.38641357,nothing
704,1.55965337569e+18,-31.93696594,-1.625411987,-24.5246582,nothing
705,1.55965337594e+18,-32.21354675,-1.456008911,-24.27252197,nothing
706,1.55965337619e+18,-32.54753113,-1.497680664,-24.66107178,nothing
707,1.55965337644e+18,-32.21972656,-1.76121521,-24.44049072,nothing
708,1.55965337669e+18,-32.11018372,-2.063842773,-24.52349854,nothing
709,1.55965337694e+18,-32.18960571,-1.554229736,-24.57458496,nothing
710,1.55965337719e+18,-32.48654175,-1.934509277,-24.12805176,nothing
711,1.55965337744e+18,-32.12753296,-1.778320312,-24.49194336,nothing
712,1.55965337769e+18,-32.24380493,-1.527099609,-24.35974121,nothing
713,1.55965337794e+18,-32.21182251,-1.762420654,-24.24627686,nothing
714,1.55965337819e+18,-32.28382874,-1.772125244,-24.16656494,nothing
715,1.55965337844e+18,-32.62480164,-1.817855835,-24.38964844,nothing
716,1.55965337869e+18,-32.30854797,-1.803833008,-24.5526123,nothing
717,1.55965337894e+18,-32.39941406,-1.808074951,-24.51330566,nothing
718,1.55965337919e+18,-32.00691223,-1.684234619,-24.77606201,nothing
719,1.55965337944e+18,-32.08091736,-1.68637085,-24.29205322,nothing
720,1.55965337969e+18,-32.02989197,-1.824295044,-24.3258667,nothing
721,1.55965337994e+18,-32.05882263,-1.824615479,-24.55328369,nothing
722,1.55965338018e+18,-32.11938477,-1.167984009,-24.2611084,nothing
723,1.55965338043e+18,-32.09405518,-1.457931519,-24.38574219,nothing
724,1.55965338068e+18,-31.8609314,-1.26210022,-24.4074707,nothing
725,1.55965338093e+18,-31.96174622,-1.609573364,-24.13818359,nothing
726,1.55965338118e+18,-32.42062378,-1.627212524,-24.32061768,nothing
727,1.55965338143e+18,-32.36421204,-1.632751465,-24.46392822,nothing
728,1.55965338168e+18,-32.44424438,-1.878768921,-24.39758301,nothing
729,1.55965338193e+18,-32.30097961,-1.623764038,-24.5234375,nothing
730,1.55965338218e+18,-32.0900116,-1.724807739,-24.14257812,nothing
731,1.55965338243e+18,-32.11576843,-1.514801025,-24.37585449,nothing
732,1.55965338268e+18,-32.33229065,-1.755935669,-24.36090088,nothing
733,1.55965338293e+18,-32.38438416,-1.254821777,-24.32507324,nothing
734,1.55965338318e+18,-32.50904846,-1.431259155,-24.38830566,nothing
735,1.55965338343e+18,-32.24072266,-1.397720337,-24.45666504,nothing
736,1.55965338368e+18,-32.29953003,-1.66355896,-24.50805664,nothing
737,1.55965338393e+18,-32.39279175,-1.695358276,-24.55780029,nothing
738,1.55965338418e+18,-32.23486328,-1.535095215,-24.22900391,nothing
739,1.55965338443e+18,-32.26040649,-1.651412964,-24.32220459,nothing
740,1.55965338468e+18,-32.06048584,-1.494934082,-24.46691895,nothing
741,1.55965338493e+18,-32.30218506,-1.796585083,-24.32489014,nothing
742,1.55965338518e+18,-32.26824951,-1.600341797,-24.71264648,nothing
743,1.55965338543e+18,-32.44346619,-1.626434326,-24.38378906,nothing
744,1.55965338568e+18,-32.42834473,-1.408050537,-24.34240723,nothing
745,1.55965338592e+18,-32.05149841,-1.540802002,-24.46508789,nothing
746,1.55965338617e+18,-32.63458252,-1.457275391,-24.27612305,nothing
747,1.55965338642e+18,-32.11978149,-1.231384277,-24.31982422,nothing
748,1.55965338667e+18,-32.13276672,-1.416244507,-24.36608887,nothing
749,1.55965338692e+18,-32.23858643,-1.521560669,-24.41296387,nothing
750,1.55965338717e+18,-32.34230042,-1.194747925,-24.28851318,nothing
751,1.55965338742e+18,-32.13723755,-1.758224487,-24.4887085,nothing
752,1.55965338767e+18,-32.45129395,-1.751296997,-24.06384277,nothing
753,1.55965338792e+18,-32.34658813,-1.31552124,-24.54589844,nothing
754,1.55965338817e+18,-32.29512024,-1.548492432,-24.35266113,nothing
755,1.55965338842e+18,-32.07385254,-1.489028931,-24.29602051,nothing
756,1.55965338867e+18,-32.62789917,-1.542526245,-24.54748535,nothing
757,1.55965338892e+18,-32.22891235,-1.595413208,-24.52740479,nothing
758,1.55965338917e+18,-32.5554657,-1.379180908,-24.34185791,nothing
759,1.55965338942e+18,-32.23271179,-1.416641235,-24.55041504,nothing
760,1.55965338967e+18,-32.2061615,-1.597061157,-24.22650146,nothing
761,1.55965338992e+18,-32.24932861,-1.551803589,-24.51281738,nothing
762,1.55965339017e+18,-32.36489868,-1.475997925,-24.5703125,nothing
763,1.55965339042e+18,-32.04278564,-1.555358887,-24.3112793,nothing
764,1.55965339067e+18,-31.84742737,-1.280349731,-24.5032959,nothing
765,1.55965339092e+18,-31.93513489,-1.32673645,-24.48431396,nothing
766,1.55965339117e+18,-31.97692871,-1.398071289,-24.3326416,nothing
767,1.55965339142e+18,-32.58929443,-1.654266357,-24.56970215,nothing
768,1.55965339166e+18,-32.11431885,-1.517486572,-24.3302002,nothing
769,1.55965339191e+18,-32.0776825,-1.532699585,-24.49621582,nothing
770,1.55965339216e+18,-32.0836792,-1.121170044,-24.3427124,nothing
771,1.55965339241e+18,-32.23947144,-1.482925415,-24.34130859,nothing
772,1.55965339266e+18,-32.42504883,-1.3306427,-24.33764648,nothing
773,1.55965339291e+18,-32.19584656,-1.387878418,-24.41589355,nothing
774,1.55965339316e+18,-32.44369507,-1.563812256,-24.5057373,nothing
775,1.55965339341e+18,-32.10754395,-1.330810547,-24.52905273,nothing
776,1.55965339366e+18,-32.07862854,-1.549026489,-24.55310059,nothing
777,1.55965339391e+18,-32.29289246,-1.508560181,-24.47412109,nothing
778,1.55965339416e+18,-32.31814575,-1.492599487,-24.43157959,nothing
779,1.55965339441e+18,-32.08181763,-1.531097412,-24.32385254,nothing
780,1.55965339466e+18,-31.8656311,-1.3465271,-23.87890625,nothing
781,1.55965339491e+18,-31.88618469,-1.659912109,-24.54760742,nothing
782,1.55965339516e+18,-31.95451355,-1.752624512,-24.49609375,nothing
783,1.55965339541e+18,-32.29165649,-1.903060913,-24.4822998,nothing
784,1.55965339566e+18,-31.95832825,-1.452331543,-24.33288574,nothing
785,1.55965339591e+18,-31.86904907,-1.594100952,-24.51953125,nothing
786,1.55965339616e+18,-32.71784973,-1.512817383,-24.47790527,nothing
787,1.55965339641e+18,-32.50941467,-1.818786621,-24.49633789,nothing
788,1.55965339666e+18,-32.33076477,-1.551696777,-24.4786377,nothing
789,1.55965339691e+18,-32.456604,-1.655853271,-24.2711792,nothing
790,1.55965339716e+18,-32.10687256,-1.519561768,-24.2487793,nothing
791,1.5596533974e+18,-32.13537598,-1.246704102,-24.32617188,nothing
792,1.55965339765e+18,-32.07879639,-1.315567017,-24.33691406,nothing
793,1.5596533979e+18,-32.36889648,-1.421783447,-24.55328369,nothing
794,1.55965339815e+18,-32.28367615,-1.567596436,-24.29260254,nothing
795,1.5596533984e+18,-32.10061646,-1.663574219,-24.11712646,nothing
796,1.55965339865e+18,-32.01324463,-1.519332886,-24.46313477,nothing
797,1.5596533989e+18,-32.09565735,-1.478561401,-24.45776367,nothing
798,1.55965339915e+18,-32.44804382,-1.694046021,-24.48553467,nothing
799,1.5596533994e+18,-32.11024475,-1.35609436,-24.1439209,nothing
800,1.55965339965e+18,-31.88305664,-1.341629028,-24.58087158,nothing
801,1.5596533999e+18,-32.08349609,-1.341186523,-24.3079834,nothing
802,1.55965340015e+18,-32.33560181,-1.324508667,-24.31323242,nothing
803,1.5596534004e+18,-32.26345825,-1.511489868,-24.4307251,nothing
804,1.55965340065e+18,-32.08511353,-1.527603149,-24.27880859,nothing
805,1.5596534009e+18,-32.30580139,-1.3019104,-24.35693359,nothing
806,1.55965340115e+18,-32.07537842,-1.343551636,-24.37268066,nothing
807,1.5596534014e+18,-32.3815155,-1.309921265,-24.42089844,nothing
808,1.55965340165e+18,-32.62176514,-1.403442383,-24.50482178,nothing
809,1.5596534019e+18,-32.70559692,-1.552886963,-24.29150391,nothing
810,1.55965340215e+18,-32.35153198,-1.226486206,-24.44152832,nothing
811,1.5596534024e+18,-32.46177673,-1.570571899,-24.39691162,nothing
812,1.55965340265e+18,-32.34434509,-1.159591675,-24.55603027,nothing
813,1.5596534029e+18,-32.44259644,-1.547973633,-24.08300781,nothing
814,1.55965340314e+18,-32.08171082,-1.522949219,-24.59344482,nothing
815,1.55965340339e+18,-32.41267395,-1.390930176,-24.48931885,nothing
816,1.55965340364e+18,-32.20651245,-1.230880737,-24.21374512,nothing
817,1.55965340389e+18,-32.34463501,-1.470474243,-24.30523682,nothing
818,1.55965340414e+18,-32.57823181,-1.357315063,-24.50549316,nothing
819,1.55965340439e+18,-32.64242554,-1.488739014,-24.79882812,nothing
820,1.55965340464e+18,-32.80821228,-1.484771729,-24.34613037,nothing
821,1.55965340489e+18,-32.19854736,-1.377075195,-24.43798828,nothing
822,1.55965340514e+18,-32.76376343,-1.366241455,-24.54364014,nothing
823,1.55965340539e+18,-32.49943542,-1.549087524,-24.51818848,nothing
824,1.55965340564e+18,-32.42965698,-1.242614746,-24.44329834,nothing
825,1.55965340589e+18,-32.34217834,-1.370361328,-24.50653076,nothing
826,1.55965340614e+18,-32.15080261,-1.308258057,-24.71325684,nothing
827,1.55965340639e+18,-32.20262146,-1.329345703,-24.29833984,nothing
828,1.55965340664e+18,-32.28038025,-1.12550354,-24.4631958,nothing
829,1.55965340689e+18,-32.15953064,-1.132537842,-24.35107422,nothing
830,1.55965340714e+18,-32.39129639,-1.278671265,-24.13208008,nothing
831,1.55965340739e+18,-32.54162598,-1.275466919,-24.33227539,nothing
832,1.55965340764e+18,-32.30107117,-1.407791138,-24.49212646,nothing
833,1.55965340789e+18,-32.48921204,-1.578155518,-24.33679199,nothing
834,1.55965340814e+18,-32.30192566,-1.469543457,-24.66748047,nothing
835,1.55965340839e+18,-32.5544281,-1.120300293,-24.53607178,nothing
836,1.55965340864e+18,-31.92300415,-1.497024536,-24.35986328,nothing
837,1.55965340888e+18,-32.12132263,-1.331802368,-24.58496094,nothing
838,1.55965340913e+18,-32.04283142,-1.41835022,-24.19213867,nothing
839,1.55965340938e+18,-32.27127075,-1.28276062,-24.40118408,nothing
840,1.55965340963e+18,-32.34310913,-1.493026733,-24.31762695,nothing
841,1.55965340988e+18,-32.30335999,-1.348388672,-24.16113281,nothing
842,1.55965341013e+18,-32.402771,-1.364608765,-24.65252686,nothing
843,1.55965341038e+18,-32.6103363,-1.338973999,-24.45983887,nothing
844,1.55965341063e+18,-32.56437683,-1.287689209,-24.61065674,nothing
845,1.55965341088e+18,-32.14733887,-1.351364136,-24.43896484,nothing
846,1.55965341113e+18,-32.14546204,-1.303146362,-24.4543457,nothing
847,1.55965341138e+18,-32.07292175,-1.568618774,-24.58966064,nothing
848,1.55965341163e+18,-31.90542603,-1.315765381,-24.62670898,nothing
849,1.55965341188e+18,-32.04859924,-1.658172607,-24.71081543,nothing
850,1.55965341213e+18,-32.67189026,-1.361022949,-24.27764893,nothing
851,1.55965341238e+18,-32.39677429,-1.239227295,-24.46697998,nothing
852,1.55965341263e+18,-32.63552856,-1.278244019,-24.58856201,nothing
853,1.55965341288e+18,-32.26193237,-1.263076782,-24.56420898,nothing
854,1.55965341313e+18,-32.38166809,-1.501861572,-24.51025391,nothing
855,1.55965341338e+18,-32.26921082,-1.091629028,-24.43225098,nothing
856,1.55965341363e+18,-32.30047607,-1.311981201,-24.38012695,nothing
857,1.55965341388e+18,-32.57121277,-1.493331909,-24.29870605,nothing
858,1.55965341413e+18,-32.52215576,-1.248321533,-24.14086914,nothing
859,1.55965341438e+18,-32.41828918,-1.321594238,-24.56854248,nothing
860,1.55965341462e+18,-32.30535889,-1.536804199,-24.6138916,nothing
861,1.55965341487e+18,-32.41113281,-1.230041504,-24.61456299,nothing
862,1.55965341512e+18,-32.58860779,-1.202560425,-24.28936768,nothing
863,1.55965341537e+18,-32.58100891,-1.362289429,-24.4588623,nothing
864,1.55965341562e+18,-32.86912537,-1.308944702,-24.37670898,nothing
865,1.55965341587e+18,-32.39093018,-1.336288452,-24.62805176,nothing
866,1.55965341612e+18,-32.43153381,-1.704055786,-24.38433838,nothing
867,1.55965341637e+18,-32.34294128,-1.359481812,-24.59466553,nothing
868,1.55965341662e+18,-32.40888977,-1.368621826,-24.777771,nothing
869,1.55965341687e+18,-32.21665955,-1.520614624,-24.24035645,nothing
870,1.55965341712e+18,-32.19584656,-1.69090271,-24.53649902,nothing
871,1.55965341737e+18,-32.4019165,-1.738677979,-24.42572021,nothing
872,1.55965341762e+18,-32.41204834,-1.263778687,-24.43212891,nothing
873,1.55965341787e+18,-32.18119812,-1.38583374,-24.40118408,nothing
874,1.55965341812e+18,-32.23512268,-1.584747314,-24.22351074,nothing
875,1.55965341837e+18,-32.15917969,-1.007049561,-24.4041748,nothing
876,1.55965341862e+18,-32.08172607,-1.412872314,-24.28509521,nothing
877,1.55965341887e+18,-32.20715332,-1.454559326,-24.74816895,nothing
878,1.55965341912e+18,-32.35140991,-1.309234619,-24.46282959,nothing
879,1.55965341937e+18,-32.16940308,-1.232650757,-24.24151611,nothing
880,1.55965341962e+18,-32.34959412,-1.710067749,-24.3336792,nothing
881,1.55965341987e+18,-32.7210083,-1.111373901,-24.62109375,nothing
882,1.55965342012e+18,-32.93447876,-1.55645752,-24.35827637,nothing
883,1.55965342036e+18,-32.76799011,-1.459533691,-24.53509521,nothing
884,1.55965342061e+18,-32.56654358,-1.349014282,-24.51434326,nothing
885,1.55965342086e+18,-32.56945801,-1.34954834,-24.61120605,nothing
886,1.55965342111e+18,-32.19963074,-1.435668945,-24.31091309,nothing
887,1.55965342136e+18,-32.39326477,-1.508682251,-24.4105835,nothing
888,1.55965342161e+18,-32.24931335,-1.702316284,-24.50262451,nothing
889,1.55965342186e+18,-32.1741333,-1.549346924,-24.64105225,nothing
890,1.55965342211e+18,-32.12693787,-1.506469727,-24.76824951,nothing
891,1.55965342236e+18,-31.93777466,-1.297668457,-24.70178223,nothing
892,1.55965342261e+18,-32.06080627,-1.480239868,-24.45654297,nothing
893,1.55965342286e+18,-32.21876526,-1.692886353,-24.38885498,nothing
894,1.55965342311e+18,-32.28259277,-1.584442139,-24.54614258,nothing
895,1.55965342336e+18,-32.20269775,-1.713546753,-24.50408936,nothing
896,1.55965342361e+18,-32.47953796,-1.405639648,-24.37805176,nothing
897,1.55965342386e+18,-32.15809631,-1.480560303,-24.3605957,nothing
898,1.55965342411e+18,-32.43928528,-1.397003174,-24.41644287,nothing
899,1.55965342436e+18,-32.42155457,-1.254516602,-24.62286377,nothing
900,1.55965342461e+18,-32.35437012,-1.715789795,-24.70349121,nothing
901,1.55965342486e+18,-33.04571533,-1.340637207,-24.43756104,nothing
902,1.55965342511e+18,-32.3522644,-1.452713013,-24.32409668,nothing
903,1.55965342536e+18,-32.35165405,-1.750579834,-24.25537109,nothing
904,1.55965342561e+18,-32.364151,-1.528747559,-24.67193604,nothing
905,1.55965342586e+18,-32.12962341,-1.366973877,-24.43804932,nothing
906,1.5596534261e+18,-32.1653595,-1.607925415,-24.36572266,nothing
907,1.55965342635e+18,-32.49945068,-1.742294312,-24.78106689,nothing
908,1.5596534266e+18,-32.32090759,-1.503326416,-24.71350098,nothing
909,1.55965342685e+18,-32.16366577,-1.48298645,-24.36499023,nothing
910,1.5596534271e+18,-32.6169281,-1.465377808,-24.10339355,nothing
911,1.55965342735e+18,-32.12818909,-1.696594238,-24.4128418,nothing
912,1.5596534276e+18,-31.87742615,-1.466796875,-24.40197754,nothing
913,1.55965342785e+18,-31.93026733,-1.520553589,-24.328125,nothing
914,1.5596534281e+18,-32.23394775,-1.394577026,-24.42944336,nothing
915,1.55965342835e+18,-32.50767517,-1.521713257,-24.37243652,nothing
916,1.5596534286e+18,-32.30819702,-1.53213501,-24.32873535,nothing
917,1.55965342885e+18,-32.37496948,-1.470153809,-24.50323486,nothing
918,1.5596534291e+18,-32.55847168,-1.744827271,-24.31176758,nothing
919,1.55965342935e+18,-32.36676025,-1.279769897,-24.36474609,nothing
920,1.5596534296e+18,-32.36476135,-1.495361328,-24.69116211,nothing
921,1.55965342985e+18,-32.41810608,-1.413223267,-24.46624756,nothing
922,1.5596534301e+18,-32.31173706,-1.583114624,-24.37908936,nothing
923,1.55965343035e+18,-32.69743347,-1.381835938,-24.14605713,nothing
924,1.5596534306e+18,-32.29664612,-1.577789307,-24.3458252,nothing
925,1.55965343085e+18,-32.36376953,-1.225952148,-24.38800049,nothing
926,1.5596534311e+18,-32.39115906,-1.687255859,-24.40667725,nothing
927,1.55965343135e+18,-32.52746582,-1.431594849,-24.52630615,nothing
928,1.5596534316e+18,-32.41326904,-1.448364258,-24.45910645,nothing
929,1.55965343184e+18,-32.61070251,-1.224822998,-24.19921875,nothing
930,1.55965343209e+18,-32.4228363,-1.4112854,-24.57348633,nothing
931,1.55965343234e+18,-32.02458191,-1.500198364,-24.52764893,nothing
932,1.55965343259e+18,-32.02963257,-1.458679199,-24.57110596,nothing
933,1.55965343284e+18,-32.31365967,-1.561752319,-24.5256958,nothing
934,1.55965343309e+18,-32.31724548,-1.558074951,-24.50360107,nothing
935,1.55965343334e+18,-32.43727112,-1.744216919,-24.40899658,nothing
936,1.55965343359e+18,-32.27375793,-1.512420654,-24.68444824,nothing
937,1.55965343384e+18,-32.38920593,-1.00994873,-24.57757568,nothing
938,1.55965343409e+18,-32.33934021,-1.77557373,-24.51220703,nothing
939,1.55965343434e+18,-32.36698914,-1.342483521,-24.52362061,nothing
940,1.55965343459e+18,-32.54139709,-1.432861328,-24.54162598,nothing
941,1.55965343484e+18,-32.52580261,-1.565307617,-24.35876465,nothing
942,1.55965343509e+18,-32.08354187,-1.714508057,-24.4541626,nothing
943,1.55965343534e+18,-32.66627502,-1.367782593,-24.6295166,nothing
944,1.55965343559e+18,-32.23532104,-1.239837646,-24.23052979,nothing
945,1.55965343584e+18,-32.47402954,-1.267028809,-24.40057373,nothing
946,1.55965343609e+18,-32.31840515,-1.748397827,-24.48327637,nothing
947,1.55965343634e+18,-32.25334167,-1.479751587,-24.15960693,nothing
948,1.55965343659e+18,-32.37863159,-1.620697021,-24.41357422,nothing
949,1.55965343684e+18,-32.40483093,-1.553359985,-24.42053223,nothing
950,1.55965343709e+18,-32.31243896,-1.480545044,-24.53894043,nothing
951,1.55965343734e+18,-32.33853149,-1.524398804,-24.18670654,nothing
952,1.55965343758e+18,-32.48568726,-1.703125,-24.54064941,nothing
953,1.55965343783e+18,-33.45864868,-1.661605835,-24.49401855,nothing
954,1.55965343808e+18,-32.13314819,-1.36946106,-24.29058838,nothing
955,1.55965343833e+18,-32.23991394,-1.17086792,-24.30169678,nothing
956,1.55965343858e+18,-32.07859802,-1.497924805,-24.56994629,nothing
957,1.55965343883e+18,-32.11859131,-1.434265137,-24.53173828,nothing
958,1.55965343908e+18,-32.28027344,-1.726318359,-24.44116211,nothing
959,1.55965343933e+18,-32.10316467,-1.4322052,-24.27404785,nothing
960,1.55965343958e+18,-32.26539612,-1.127548218,-24.3614502,nothing
961,1.55965343983e+18,-32.32920837,-1.216659546,-24.53973389,nothing
962,1.55965344008e+18,-32.28495789,-1.665527344,-24.31445312,nothing
963,1.55965344033e+18,-32.46763611,-1.285110474,-24.72241211,nothing
964,1.55965344058e+18,-32.57554626,-1.469528198,-24.53344727,nothing
965,1.55965344083e+18,-32.62835693,-1.464370728,-24.79119873,nothing
966,1.55965344108e+18,-32.3790741,-1.144546509,-24.39556885,nothing
967,1.55965344133e+18,-32.31265259,-1.331344604,-24.44024658,nothing
968,1.55965344158e+18,-32.12384033,-1.449249268,-24.18572998,nothing
969,1.55965344183e+18,-32.13893127,-1.230300903,-24.37054443,nothing
970,1.55965344208e+18,-32.46264648,-1.268585205,-24.48425293,nothing
971,1.55965344233e+18,-32.16087341,-1.294082642,-24.41204834,nothing
972,1.55965344258e+18,-31.95454407,-1.071762085,-24.40997314,nothing
973,1.55965344283e+18,-31.97987366,-1.292831421,-24.61767578,nothing
974,1.55965344308e+18,-31.97422791,-1.25579834,-24.27331543,nothing
975,1.55965344332e+18,-32.26551819,-1.219207764,-24.50097656,nothing
976,1.55965344357e+18,-31.91313171,-1.276412964,-24.54406738,nothing
977,1.55965344382e+18,-32.0990448,-1.211227417,-24.28271484,nothing
978,1.55965344407e+18,-32.12518311,-1.332519531,-24.3338623,nothing
979,1.55965344432e+18,-32.82652283,-1.078842163,-24.3223877,nothing
980,1.55965344457e+18,-32.55738831,-1.298080444,-24.35778809,nothing
981,1.55965344482e+18,-32.36024475,-1.736999512,-24.24304199,nothing
982,1.55965344507e+18,-32.29231262,-1.301559448,-24.49707031,nothing
983,1.55965344532e+18,-32.43899536,-1.560806274,-24.38867188,nothing
984,1.55965344557e+18,-32.35935974,-1.2605896,-24.29101562,nothing
985,1.55965344582e+18,-32.19801331,-1.434753418,-24.35455322,nothing
986,1.55965344607e+18,-32.26187134,-1.229888916,-24.06689453,nothing
987,1.55965344632e+18,-32.10090637,-1.371429443,-24.24053955,nothing
988,1.55965344657e+18,-32.53118896,-1.377258301,-24.51654053,nothing
989,1.55965344682e+18,-31.95692444,-1.480194092,-24.24682617,nothing
990,1.55965344707e+18,-32.1124115,-1.374725342,-24.34320068,nothing
991,1.55965344732e+18,-31.94535828,-1.171813965,-24.05535889,nothing
992,1.55965344757e+18,-32.40470886,-1.544326782,-24.25683594,nothing
993,1.55965344782e+18,-32.15129089,-1.472900391,-24.30303955,nothing
994,1.55965344807e+18,-31.92463684,-1.106735229,-24.28308105,nothing
995,1.55965344832e+18,-32.04411316,-1.483398438,-24.46844482,nothing
996,1.55965344857e+18,-32.06219482,-1.369430542,-24.42712402,nothing
997,1.55965344882e+18,-32.14511108,-1.345733643,-24.34960938,nothing
998,1.55965344906e+18,-32.08178711,-1.298187256,-24.39758301,nothing
999,1.55965344931e+18,-32.55737305,-1.401687622,-24.29931641,nothing
1000,1.55965344956e+18,-32.54170227,-1.634506226,-24.51867676,nothing
1001,1.55965344981e+18,-32.21092224,-1.228027344,-24.3694458,nothing
1002,1.55965345006e+18,-32.19238281,-1.237579346,-24.33044434,nothing
1003,1.55965345031e+18,-32.16542053,-1.470504761,-24.30615234,nothing
1004,1.55965345056e+18,-32.786026,-1.314147949,-24.48937988,nothing
1005,1.55965345081e+18,-32.53395081,-1.324768066,-24.28564453,nothing
1006,1.55965345106e+18,-32.5953064,-1.478469849,-24.39978027,nothing
1007,1.55965345131e+18,-32.16203308,-1.466445923,-24.45776367,nothing
1008,1.55965345156e+18,-32.1191864,-1.385574341,-24.40759277,nothing
1009,1.55965345181e+18,-32.13040161,-1.622055054,-24.51245117,nothing
1010,1.55965345206e+18,-32.88505554,-1.75579834,-24.45837402,nothing
1011,1.55965345231e+18,-32.3253479,-1.488647461,-24.53961182,nothing
1012,1.55965345256e+18,-32.41125488,-1.48324585,-24.23828125,nothing
1013,1.55965345281e+18,-32.33456421,-1.411346436,-24.62072754,nothing
1014,1.55965345306e+18,-32.49781799,-1.13079834,-24.38525391,nothing
1015,1.55965345331e+18,-31.86987305,-1.245437622,-24.52215576,nothing
1016,1.55965345356e+18,-31.81384277,-1.635467529,-24.50805664,nothing
1017,1.55965345381e+18,-31.9932251,-1.555938721,-24.69866943,nothing
1018,1.55965345406e+18,-32.15196228,-1.175323486,-24.40960693,nothing
1019,1.55965345431e+18,-32.08702087,-1.239517212,-24.48944092,nothing
1020,1.55965345456e+18,-31.97450256,-1.54486084,-24.62139893,nothing
1021,1.5596534548e+18,-32.03892517,-1.30607605,-24.44299316,nothing
1022,1.55965345505e+18,-32.34936523,-1.377990723,-24.20483398,nothing
1023,1.5596534553e+18,-32.12210083,-1.491043091,-24.55169678,nothing
1024,1.55965345555e+18,-32.0856781,-1.451980591,-24.63464355,nothing
1025,1.5596534558e+18,-32.38830566,-1.384689331,-24.40905762,nothing
1026,1.55965345605e+18,-32.09762573,-1.408493042,-24.38586426,nothing
1027,1.5596534563e+18,-32.30818176,-1.466552734,-24.24914551,nothing
1028,1.55965345655e+18,-32.13386536,-1.130813599,-24.0692749,nothing
1029,1.5596534568e+18,-32.33708191,-1.302856445,-24.51025391,nothing
1030,1.55965345705e+18,-32.1232605,-1.453445435,-24.46740723,nothing
1031,1.5596534573e+18,-32.3351593,-1.369796753,-24.43109131,nothing
1032,1.55965345755e+18,-32.36390686,-1.365356445,-24.52258301,nothing
1033,1.5596534578e+18,-32.21897888,-1.40663147,-24.2713623,nothing
1034,1.55965345805e+18,-32.10520935,-1.412353516,-24.6270752,nothing
1035,1.5596534583e+18,-32.41917419,-1.492507935,-24.39044189,nothing
1036,1.55965345855e+18,-32.83503723,-1.181503296,-24.48553467,nothing
1037,1.5596534588e+18,-32.53930664,-1.479476929,-24.37353516,nothing
1038,1.55965345905e+18,-32.49461365,-1.549041748,-24.55249023,nothing
1039,1.5596534593e+18,-32.09732056,-1.289428711,-24.28527832,nothing
1040,1.55965345955e+18,-32.43037415,-1.484664917,-24.30499268,nothing
1041,1.5596534598e+18,-32.16886902,-1.508224487,-24.39099121,nothing
1042,1.55965346005e+18,-32.25880432,-1.518829346,-24.54901123,nothing
1043,1.5596534603e+18,-32.53016663,-1.167388916,-24.41162109,nothing
1044,1.55965346055e+18,-32.53085327,-1.449554443,-24.56005859,nothing
1045,1.55965346079e+18,-32.05769348,-1.31552124,-24.53967285,nothing
1046,1.55965346104e+18,-32.30912781,-1.489959717,-24.48168945,nothing
1047,1.55965346129e+18,-32.50201416,-1.575637817,-24.39050293,nothing
1048,1.55965346154e+18,-32.09814453,-1.480941772,-24.59204102,nothing
1049,1.55965346179e+18,-32.6496582,-1.38104248,-24.3092041,nothing
1050,1.55965346204e+18,-32.04176331,-1.4609375,-24.5324707,nothing
1051,1.55965346229e+18,-32.48855591,-1.49987793,-24.34057617,nothing
1052,1.55965346254e+18,-31.78205872,-1.560134888,-24.28155518,nothing
1053,1.55965346279e+18,-32.33674622,-1.742675781,-24.45617676,nothing
1054,1.55965346304e+18,-32.59399414,-1.557250977,-24.64086914,nothing
1055,1.55965346329e+18,-32.1893158,-1.579299927,-24.57458496,nothing
1056,1.55965346354e+18,-32.45639038,-1.492111206,-24.46820068,nothing
1057,1.55965346379e+18,-32.21533203,-1.481887817,-24.46337891,nothing
1058,1.55965346404e+18,-32.12841797,-1.551483154,-24.40002441,nothing
1059,1.55965346429e+18,-32.20170593,-1.484451294,-24.50408936,nothing
1060,1.55965346454e+18,-32.894104,-1.332504272,-24.60809326,nothing
1061,1.55965346479e+18,-31.97488403,-1.152938843,-24.81567383,nothing
1062,1.55965346504e+18,-31.87747192,-1.21307373,-24.42797852,nothing
1063,1.55965346529e+18,-32.1036377,-1.428131104,-24.6027832,nothing
1064,1.55965346554e+18,-32.20036316,-1.194152832,-24.39422607,nothing
1065,1.55965346579e+18,-32.49613953,-1.459854126,-24.38421631,nothing
1066,1.55965346604e+18,-32.30966187,-1.359725952,-24.54248047,nothing
1067,1.55965346629e+18,-32.46279907,-1.303604126,-24.54931641,nothing
1068,1.55965346653e+18,-32.95205688,-1.155273438,-24.53881836,nothing
1069,1.55965346678e+18,-32.2124939,-1.39881897,-24.40722656,nothing
1070,1.55965346703e+18,-32.04193115,-1.411148071,-24.14904785,nothing
1071,1.55965346728e+18,-32.14533997,-1.130493164,-24.57391357,nothing
1072,1.55965346753e+18,-32.11393738,-1.338043213,-24.47387695,nothing
1073,1.55965346778e+18,-32.19697571,-1.479797363,-24.29931641,nothing
1074,1.55965346803e+18,-32.17703247,-1.290863037,-24.2902832,nothing
1075,1.55965346828e+18,-32.36528015,-1.131896973,-23.97387695,nothing
1076,1.55965346853e+18,-32.29191589,-1.325958252,-24.52124023,nothing
1077,1.55965346878e+18,-32.30839539,-1.359100342,-24.2835083,nothing
1078,1.55965346903e+18,-32.17576599,-1.040054321,-24.41046143,nothing
1079,1.55965346928e+18,-32.20466614,-1.314941406,-24.61981201,nothing
1080,1.55965346953e+18,-32.92059326,-1.322387695,-24.15930176,nothing
1081,1.55965346978e+18,-32.19195557,-1.241271973,-24.25897217,nothing
1082,1.55965347003e+18,-32.08230591,-1.535217285,-24.63433838,nothing
1083,1.55965347028e+18,-32.10093689,-1.507385254,-24.62036133,nothing
1084,1.55965347053e+18,-32.26686096,-1.498031616,-24.58044434,nothing
1085,1.55965347078e+18,-32.3343811,-1.742721558,-24.3928833,nothing
1086,1.55965347103e+18,-32.55064392,-1.422592163,-24.50866699,nothing
1087,1.55965347128e+18,-32.25875854,-1.1796875,-24.1583252,nothing
1088,1.55965347153e+18,-32.34941101,-1.607070923,-24.31573486,nothing
1089,1.55965347178e+18,-32.16952515,-1.514175415,-24.28033447,nothing
1090,1.55965347203e+18,-32.66398621,-1.191543579,-24.46459961,nothing
1091,1.55965347227e+18,-32.08068848,-1.522720337,-24.38342285,nothing
1092,1.55965347252e+18,-32.2220459,-1.453277588,-24.47790527,nothing
1093,1.55965347277e+18,-32.22981262,-1.521194458,-24.05352783,nothing
1094,1.55965347302e+18,-32.15608215,-1.523147583,-24.21643066,nothing
1095,1.55965347327e+18,-32.32080078,-1.355392456,-24.70703125,nothing
1096,1.55965347352e+18,-32.15953064,-1.620376587,-24.6350708,nothing
1097,1.55965347377e+18,-32.20552063,-1.364852905,-24.68591309,nothing
1098,1.55965347402e+18,-32.42228699,-1.610580444,-24.44213867,nothing
1099,1.55965347427e+18,-32.54820251,-1.49446106,-24.42773438,nothing
1100,1.55965347452e+18,-32.1633606,-1.571792603,-24.44799805,nothing
1101,1.55965347477e+18,-32.50860596,-1.372268677,-24.59985352,nothing
1102,1.55965347502e+18,-31.71186829,-1.491714478,-24.6809082,nothing
1103,1.55965347527e+18,-32.16481018,-1.455413818,-24.62194824,nothing
1104,1.55965347552e+18,-32.15608215,-1.377639771,-24.30804443,nothing
1105,1.55965347577e+18,-32.41073608,-1.543487549,-24.62451172,nothing
1106,1.55965347602e+18,-32.23905945,-1.37890625,-24.7164917,nothing
1107,1.55965347627e+18,-32.17886353,-1.58164978,-24.46679688,nothing
1108,1.55965347652e+18,-32.11929321,-1.455444336,-24.41271973,nothing
1109,1.55965347677e+18,-32.21031189,-1.346710205,-24.5279541,nothing
1110,1.55965347702e+18,-32.4057312,-1.515777588,-24.42028809,nothing
1111,1.55965347727e+18,-32.19630432,-1.389266968,-24.6394043,nothing
1112,1.55965347752e+18,-32.11802673,-1.818313599,-24.58508301,nothing
1113,1.55965347777e+18,-32.85214233,-1.567977905,-24.38562012,nothing
1114,1.55965347801e+18,-32.35913086,-1.370529175,-24.63287354,nothing
1115,1.55965347826e+18,-32.53395081,-1.631576538,-24.62756348,nothing
1116,1.55965347851e+18,-32.44271851,-1.459854126,-24.49316406,nothing
1117,1.55965347876e+18,-32.39665222,-1.277435303,-24.79296875,nothing
1118,1.55965347901e+18,-32.2668457,-1.360641479,-24.7510376,nothing
1119,1.55965347926e+18,-32.65919495,-1.180282593,-24.51953125,nothing
1120,1.55965347951e+18,-32.2731781,-1.369338989,-24.41986084,nothing
1121,1.55965347976e+18,-32.3427124,-1.658096313,-24.69848633,nothing
1122,1.55965348001e+18,-31.96447754,-1.281341553,-24.26342773,nothing
1123,1.55965348026e+18,-32.11257935,-1.541717529,-24.35192871,nothing
1124,1.55965348051e+18,-32.13128662,-0.9595947266,-24.62915039,nothing
1125,1.55965348076e+18,-32.10263062,-1.521286011,-24.79187012,nothing
1126,1.55965348101e+18,-32.10040283,-1.27456665,-24.7487793,nothing
1127,1.55965348126e+18,-31.87440491,-1.318023682,-24.73449707,nothing
1128,1.55965348151e+18,-32.13638306,-1.193023682,-24.74438477,nothing
1129,1.55965348176e+18,-32.28755188,-1.719802856,-24.22723389,nothing
1130,1.55965348201e+18,-32.44473267,-1.30645752,-24.45593262,nothing
1131,1.55965348226e+18,-32.10342407,-1.557525635,-24.52941895,nothing
1132,1.55965348251e+18,-32.49815369,-1.381591797,-24.38208008,nothing
1133,1.55965348276e+18,-32.08117676,-1.581176758,-24.49847412,nothing
1134,1.55965348301e+18,-32.42549133,-1.410446167,-24.62304688,nothing
1135,1.55965348326e+18,-32.21038818,-1.547805786,-24.625,nothing
1136,1.55965348351e+18,-32.34669495,-1.542098999,-24.28887939,nothing
1137,1.55965348375e+18,-32.12101746,-1.590835571,-24.52410889,nothing
1138,1.559653484e+18,-32.30195618,-1.531005859,-24.59411621,nothing
1139,1.55965348425e+18,-32.13468933,-1.614852905,-24.27709961,nothing
1140,1.5596534845e+18,-32.5690918,-1.476272583,-24.61010742,nothing
1141,1.55965348475e+18,-32.00022888,-1.68107605,-24.38342285,nothing
1142,1.559653485e+18,-32.25900269,-1.822769165,-24.48260498,nothing
1143,1.55965348525e+18,-32.42951965,-1.743362427,-24.38415527,nothing
1144,1.5596534855e+18,-32.07899475,-1.734191895,-24.68762207,nothing
1145,1.55965348575e+18,-32.32984924,-1.494125366,-24.51074219,nothing
1146,1.559653486e+18,-32.12014771,-1.582183838,-24.33557129,nothing
1147,1.55965348625e+18,-32.00923157,-1.729690552,-24.52893066,nothing
1148,1.5596534865e+18,-32.18257141,-1.737716675,-24.38146973,nothing
1149,1.55965348675e+18,-32.35675049,-1.803115845,-24.49224854,nothing
1150,1.559653487e+18,-32.43051147,-1.550216675,-24.29553223,nothing
1151,1.55965348725e+18,-32.1603241,-1.594696045,-24.47717285,nothing
1152,1.5596534875e+18,-32.30389404,-1.535430908,-24.40576172,nothing
1153,1.55965348775e+18,-32.33609009,-1.4659729,-24.39904785,nothing
1154,1.559653488e+18,-32.50436401,-1.580718994,-24.27697754,nothing
1155,1.55965348825e+18,-32.10464478,-1.618377686,-24.27282715,nothing
1156,1.5596534885e+18,-32.16497803,-1.264663696,-24.29663086,nothing
1157,1.55965348875e+18,-32.05329895,-1.599746704,-24.30725098,nothing
1158,1.559653489e+18,-32.30096436,-1.338699341,-23.90148926,nothing
1159,1.55965348925e+18,-32.1098938,-1.332214355,-24.54718018,nothing
1160,1.55965348949e+18,-32.31245422,-1.510894775,-24.33068848,nothing
1161,1.55965348974e+18,-32.3478241,-2.009277344,-23.98120117,nothing
1162,1.55965348999e+18,-32.51304626,-1.561279297,-24.56921387,nothing
1163,1.55965349024e+18,-31.74276733,-1.696762085,-24.25891113,nothing
1164,1.55965349049e+18,-31.81225586,-1.764785767,-24.44677734,nothing
1165,1.55965349074e+18,-32.12333679,-1.598770142,-24.3347168,nothing
1166,1.55965349099e+18,-32.18544006,-1.463684082,-24.26898193,nothing
1167,1.55965349124e+18,-32.24560547,-1.543060303,-24.12530518,nothing
1168,1.55965349149e+18,-32.06300354,-1.303726196,-24.08880615,nothing
1169,1.55965349174e+18,-32.13935852,-1.663787842,-24.22668457,nothing
1170,1.55965349199e+18,-32.08831787,-1.771148682,-24.16967773,nothing
1171,1.55965349224e+18,-32.97401428,-1.755889893,-24.20220947,nothing
1172,1.55965349249e+18,-32.39183044,-1.439727783,-23.96087646,nothing
1173,1.55965349274e+18,-32.32820129,-1.582427979,-24.41680908,nothing
1174,1.55965349299e+18,-32.23660278,-1.515411377,-24.27825928,nothing
1175,1.55965349324e+18,-32.57867432,-1.890289307,-24.27734375,nothing
1176,1.55965349349e+18,-32.57453918,-1.601303101,-24.30950928,nothing
1177,1.55965349374e+18,-32.44822693,-1.812774658,-24.1652832,nothing
1178,1.55965349399e+18,-32.35406494,-1.339797974,-23.82806396,nothing
1179,1.55965349424e+18,-32.52967834,-1.67578125,-24.08099365,nothing
1180,1.55965349449e+18,-32.3820343,-1.497802734,-24.02844238,nothing
1181,1.55965349474e+18,-32.30062866,-1.333587646,-23.97753906,nothing
1182,1.55965349499e+18,-32.54115295,-1.424621582,-24.26696777,nothing
1183,1.55965349523e+18,-32.35531616,-1.737304688,-24.17041016,nothing
1184,1.55965349548e+18,-32.39959717,-1.720993042,-24.17767334,nothing
1185,1.55965349573e+18,-32.36741638,-1.532073975,-24.53961182,nothing
1186,1.55965349598e+18,-32.74102783,-1.706069946,-24.25708008,nothing
1187,1.55965349623e+18,-32.19354248,-1.545883179,-24.08850098,nothing
1188,1.55965349648e+18,-31.99214172,-1.469985962,-24.36468506,nothing
1189,1.55965349673e+18,-32.31884766,-1.160400391,-24.14788818,nothing
1190,1.55965349698e+18,-32.20999146,-1.31401062,-23.90386963,nothing
1191,1.55965349723e+18,-32.08946228,-1.684646606,-24.33959961,nothing
1192,1.55965349748e+18,-32.15750122,-1.419372559,-24.21789551,nothing
1193,1.55965349773e+18,-32.16130066,-1.260620117,-24.31573486,nothing
1194,1.55965349798e+18,-32.63806152,-1.293212891,-24.31665039,nothing
1195,1.55965349823e+18,-32.23118591,-1.579986572,-24.21685791,nothing
1196,1.55965349848e+18,-32.59884644,-1.376464844,-24.14660645,nothing
1197,1.55965349873e+18,-32.37153625,-1.297866821,-24.40783691,nothing
1198,1.55965349898e+18,-32.36392212,-1.39074707,-24.05560303,nothing
1199,1.55965349923e+18,-32.1789093,-1.418930054,-24.34631348,nothing
1200,1.55965349948e+18,-32.55691528,-1.386032104,-24.26037598,nothing
1201,1.55965349973e+18,-32.2787323,-1.32661438,-24.33978271,nothing
1202,1.55965349998e+18,-32.40821838,-1.349746704,-23.99066162,nothing
1203,1.55965350023e+18,-32.58638,-1.319351196,-24.07250977,nothing
1204,1.55965350048e+18,-32.16319275,-1.343215942,-24.10809326,nothing
1205,1.55965350073e+18,-31.92922974,-1.589706421,-24.23431396,nothing
1206,1.55965350097e+18,-32.10768127,-1.34828186,-24.168396,nothing
1207,1.55965350122e+18,-32.33766174,-1.34236145,-24.36340332,nothing
1208,1.55965350147e+18,-32.21679688,-1.54675293,-24.17114258,nothing
1209,1.55965350172e+18,-32.35865784,-1.194549561,-23.6640625,nothing
1210,1.55965350197e+18,-32.39065552,-1.201202393,-24.26068115,nothing
1211,1.55965350222e+18,-32.11102295,-1.352157593,-24.30725098,nothing
1212,1.55965350247e+18,-32.31767273,-1.311752319,-24.26702881,nothing
1213,1.55965350272e+18,-32.33848572,-1.340423584,-24.31494141,nothing
1214,1.55965350297e+18,-32.14888,-1.4506073,-24.36437988,nothing
1215,1.55965350322e+18,-32.33056641,-1.277816772,-24.15411377,nothing
1216,1.55965350347e+18,-32.14759827,-1.526382446,-24.10534668,nothing
1217,1.55965350372e+18,-32.12120056,-1.361465454,-24.28363037,nothing
1218,1.55965350397e+18,-32.11584473,-1.235916138,-24.42871094,nothing
1219,1.55965350422e+18,-32.64587402,-1.305236816,-24.09411621,nothing
1220,1.55965350447e+18,-32.31973267,-1.27545166,-24.26959229,nothing
1221,1.55965350472e+18,-32.0728302,-1.538070679,-24.34130859,nothing
1222,1.55965350497e+18,-31.96159363,-1.542694092,-24.33905029,nothing
1223,1.55965350522e+18,-32.2297821,-1.247406006,-24.15686035,nothing
1224,1.55965350547e+18,-32.01753235,-1.475967407,-24.07165527,nothing
1225,1.55965350572e+18,-32.33451843,-1.469573975,-24.0760498,nothing
1226,1.55965350597e+18,-32.35845947,-1.468109131,-24.35943604,nothing
1227,1.55965350622e+18,-32.42185974,-1.574172974,-24.0592041,nothing
1228,1.55965350647e+18,-32.0358429,-1.370544434,-24.21374512,nothing
1229,1.55965350671e+18,-32.34439087,-1.4947052,-24.27441406,nothing
1230,1.55965350696e+18,-32.07017517,-1.473251343,-24.35791016,nothing
1231,1.55965350721e+18,-31.71481323,-1.533843994,-24.33526611,nothing
1232,1.55965350746e+18,-31.87843323,-1.166229248,-24.17181396,nothing
1233,1.55965350771e+18,-31.99699402,-1.22064209,-24.14697266,nothing
1234,1.55965350796e+18,-32.47520447,-1.565887451,-24.26623535,nothing
1235,1.55965350821e+18,-31.97407532,-1.575302124,-24.2769165,nothing
1236,1.55965350846e+18,-32.10740662,-1.527084351,-24.41467285,nothing
1237,1.55965350871e+18,-32.11100769,-1.515213013,-24.24975586,nothing
1238,1.55965350896e+18,-32.21444702,-1.483963013,-24.52026367,nothing
1239,1.55965350921e+18,-32.20191956,-1.690261841,-24.53320312,nothing
1240,1.55965350946e+18,-32.70315552,-1.457138062,-23.99121094,nothing
1241,1.55965350971e+18,-32.30633545,-1.624954224,-24.32324219,nothing
1242,1.55965350996e+18,-32.24256897,-1.330459595,-24.28430176,nothing
1243,1.55965351021e+18,-31.99855042,-1.304946899,-24.55236816,nothing
1244,1.55965351046e+18,-32.07751465,-1.416748047,-24.44049072,nothing
1245,1.55965351071e+18,-32.59347534,-1.578140259,-24.34375,nothing
1246,1.55965351096e+18,-32.22436523,-1.687393188,-24.32073975,nothing
1247,1.55965351121e+18,-32.55917358,-1.552902222,-24.18365479,nothing
1248,1.55965351146e+18,-32.39402771,-1.599853516,-24.31958008,nothing
1249,1.55965351171e+18,-32.11459351,-1.534439087,-24.34851074,nothing
1250,1.55965351196e+18,-32.44186401,-1.411849976,-24.16760254,nothing
1251,1.55965351221e+18,-32.3210144,-1.711914062,-24.36578369,nothing
1252,1.55965351245e+18,-32.0553894,-1.362457275,-24.09729004,nothing
1253,1.5596535127e+18,-32.27476501,-1.598220825,-24.46234131,nothing
1254,1.55965351295e+18,-32.04576111,-1.916900635,-24.31719971,nothing
1255,1.5596535132e+18,-32.0940094,-1.220443726,-24.44445801,nothing
1256,1.55965351345e+18,-32.44259644,-1.347869873,-24.21887207,nothing
1257,1.5596535137e+18,-32.30603027,-1.542098999,-24.10040283,nothing
1258,1.55965351395e+18,-32.11915588,-1.610031128,-23.89471436,nothing
1259,1.5596535142e+18,-32.07830811,-1.816619873,-24.46673584,nothing
1260,1.55965351445e+18,-32.28283691,-1.519515991,-23.95605469,nothing
1261,1.5596535147e+18,-32.24595642,-1.618270874,-24.32122803,nothing
1262,1.55965351495e+18,-32.46656799,-1.578231812,-24.3404541,nothing
1263,1.5596535152e+18,-32.11451721,-1.608978271,-24.26300049,nothing
1264,1.55965351545e+18,-32.34199524,-1.545639038,-24.08190918,nothing
1265,1.5596535157e+18,-32.13040161,-1.551940918,-24.0723877,nothing
1266,1.55965351595e+18,-31.99757385,-1.411209106,-24.16564941,nothing
1267,1.5596535162e+18,-32.54980469,-1.845108032,-24.04730225,nothing
1268,1.55965351645e+18,-32.10302734,-1.758682251,-24.07232666,nothing
1269,1.5596535167e+18,-32.3465271,-1.811355591,-24.27099609,nothing
1270,1.55965351695e+18,-32.34992981,-1.310379028,-24.31842041,nothing
1271,1.5596535172e+18,-32.36029053,-1.544128418,-24.14398193,nothing
1272,1.55965351745e+18,-32.19723511,-1.352294922,-24.36968994,nothing
1273,1.5596535177e+18,-32.24346924,-1.444671631,-24.16986084,nothing
1274,1.55965351795e+18,-32.17359924,-1.564147949,-24.0682373,nothing
1275,1.55965351819e+18,-31.95210266,-1.551177979,-24.04748535,nothing
1276,1.55965351844e+18,-32.10151672,-1.581375122,-24.17871094,nothing
1277,1.55965351869e+18,-32.08068848,-1.242797852,-24.18756104,nothing
1278,1.55965351894e+18,-31.92276001,-1.482788086,-24.1973877,nothing
1279,1.55965351919e+18,-31.96026611,-1.341125488,-24.13867188,nothing
1280,1.55965351944e+18,-31.97677612,-1.594039917,-24.10473633,nothing
1281,1.55965351969e+18,-32.12583923,-1.5909729,-24.29748535,nothing
1282,1.55965351994e+18,-32.13500977,-1.567047119,-24.28668213,nothing
1283,1.55965352019e+18,-32.00561523,-1.596343994,-24.2230835,nothing
1284,1.55965352044e+18,-32.08151245,-1.84803772,-23.94592285,nothing
1285,1.55965352069e+18,-32.29772949,-1.488845825,-24.49291992,nothing
1286,1.55965352094e+18,-32.40736389,-1.5493927,-24.31152344,nothing
1287,1.55965352119e+18,-32.12341309,-1.382034302,-24.30541992,nothing
1288,1.55965352144e+18,-32.14335632,-1.592391968,-24.2277832,nothing
1289,1.55965352169e+18,-32.14482117,-1.32901001,-24.26501465,nothing
1290,1.55965352194e+18,-32.13017273,-1.023986816,-24.17321777,nothing
1291,1.55965352219e+18,-32.09284973,-1.249053955,-24.28393555,nothing
1292,1.55965352244e+18,-32.41802979,-1.562561035,-23.99273682,nothing
1293,1.55965352269e+18,-31.93730164,-1.583618164,-24.19390869,nothing
1294,1.55965352294e+18,-32.34507751,-1.13053894,-24.4397583,nothing
1295,1.55965352319e+18,-32.11436462,-1.066558838,-23.90649414,nothing
1296,1.55965352344e+18,-32.11024475,-1.565704346,-24.31390381,nothing
1297,1.55965352369e+18,-32.42585754,-1.317871094,-24.06640625,nothing
1298,1.55965352393e+18,-32.34770203,-1.435119629,-24.33172607,nothing
1299,1.55965352418e+18,-32.08795166,-1.403457642,-24.17205811,nothing
1300,1.55965352443e+18,-32.05360413,-1.697158813,-24.52331543,nothing
1301,1.55965352468e+18,-32.34947205,-1.569519043,-24.28521729,nothing
1302,1.55965352493e+18,-32.46424866,-1.485595703,-24.36413574,nothing
1303,1.55965352518e+18,-32.22212219,-1.586044312,-24.38470459,nothing
1304,1.55965352543e+18,-32.36726379,-1.161834717,-24.49609375,nothing
1305,1.55965352568e+18,-32.40042114,-1.207931519,-24.15435791,nothing
1306,1.55965352593e+18,-32.59020996,-1.426101685,-24.31079102,nothing
1307,1.55965352618e+18,-32.52429199,-1.795150757,-24.29553223,nothing
1308,1.55965352643e+18,-32.49159241,-1.551254272,-24.30639648,nothing
1309,1.55965352668e+18,-32.36166382,-1.589004517,-24.3548584,nothing
1310,1.55965352693e+18,-32.1893158,-1.3384552,-24.18927002,nothing
1311,1.55965352718e+18,-32.05027771,-1.323226929,-24.21289062,nothing
1312,1.55965352743e+18,-31.86175537,-1.228347778,-24.29492188,nothing
1313,1.55965352768e+18,-32.00234985,-1.137954712,-24.21838379,nothing
1314,1.55965352793e+18,-32.01220703,-1.27520752,-24.21337891,nothing
1315,1.55965352818e+18,-32.35585022,-1.471466064,-24.35491943,nothing
1316,1.55965352843e+18,-31.95600891,-1.458679199,-24.37078857,nothing
1317,1.55965352868e+18,-31.99050903,-1.582595825,-24.19458008,nothing
1318,1.55965352893e+18,-32.12533569,-1.38092041,-24.40307617,nothing
1319,1.55965352918e+18,-32.2116394,-1.397064209,-24.20709229,nothing
1320,1.55965352943e+18,-31.84985352,-1.725585938,-24.30273438,nothing
1321,1.55965352968e+18,-32.33746338,-1.292892456,-24.13256836,nothing
1322,1.55965352992e+18,-32.35528564,-1.425994873,-24.47558594,nothing
1323,1.55965353017e+18,-32.09786987,-1.627731323,-24.37329102,nothing
1324,1.55965353042e+18,-32.3041687,-1.30859375,-24.25817871,nothing
1325,1.55965353067e+18,-32.31776428,-1.235412598,-24.06738281,nothing
1326,1.55965353092e+18,-32.06813049,-1.213104248,-24.36572266,nothing
1327,1.55965353117e+18,-32.33874512,-1.282546997,-24.00921631,nothing
1328,1.55965353142e+18,-32.27861023,-1.511184692,-24.1418457,nothing
1329,1.55965353167e+18,-32.23979187,-1.340698242,-24.09692383,nothing
1330,1.55965353192e+18,-32.36228943,-1.323028564,-23.95324707,nothing
1331,1.55965353217e+18,-32.40847778,-1.238937378,-24.47851562,nothing
1332,1.55965353242e+18,-32.19508362,-1.333999634,-24.2487793,nothing
1333,1.55965353267e+18,-32.3004303,-1.746063232,-24.1685791,nothing
1334,1.55965353292e+18,-32.34074402,-1.312896729,-24.37426758,nothing
1335,1.55965353317e+18,-32.27742004,-1.466842651,-24.14178467,nothing
1336,1.55965353342e+18,-32.24081421,-1.349975586,-24.1192627,nothing
1337,1.55965353367e+18,-32.46975708,-1.289016724,-24.19720459,nothing
1338,1.55965353392e+18,-32.51828003,-1.250244141,-23.68041992,nothing
1339,1.55965353417e+18,-32.55430603,-1.370742798,-24.14569092,nothing
1340,1.55965353442e+18,-32.57395935,-1.472961426,-24.17816162,nothing
1341,1.55965353467e+18,-32.30107117,-1.411880493,-24.02990723,nothing
1342,1.55965353492e+18,-32.56402588,-1.559066772,-23.88226318,nothing
1343,1.55965353517e+18,-32.55856323,-1.511459351,-24.12487793,nothing
1344,1.55965353542e+18,-32.27670288,-1.593841553,-24.05059814,nothing
1345,1.55965353566e+18,-32.56222534,-1.407058716,-24.18035889,nothing
1346,1.55965353591e+18,-32.65602112,-1.469055176,-23.95007324,nothing
1347,1.55965353616e+18,-32.30749512,-1.371368408,-24.11999512,nothing
1348,1.55965353641e+18,-32.22557068,-1.566070557,-23.82818604,nothing
1349,1.55965353666e+18,-32.59423828,-1.527908325,-24.16796875,nothing
1350,1.55965353691e+18,-32.20933533,-1.491989136,-23.96069336,nothing
1351,1.55965353716e+18,-32.17074585,-1.472091675,-23.91339111,nothing
1352,1.55965353741e+18,-32.385849,-1.35798645,-24.14892578,nothing
1353,1.55965353766e+18,-32.64352417,-1.483901978,-24.15026855,nothing
1354,1.55965353791e+18,-32.32310486,-1.154983521,-23.85339355,nothing
1355,1.55965353816e+18,-32.31745911,-1.405044556,-24.21020508,nothing
1356,1.55965353841e+18,-32.24279785,-1.372756958,-23.95098877,nothing
1357,1.55965353866e+18,-32.0294342,-1.522735596,-24.13000488,nothing
1358,1.55965353891e+18,-32.03082275,-1.371139526,-24.30426025,nothing
1359,1.55965353916e+18,-33.08047485,-1.384841919,-24.14978027,nothing
1360,1.55965353941e+18,-32.234375,-1.404800415,-24.12365723,nothing
1361,1.55965353966e+18,-32.25927734,-1.641571045,-24.14154053,nothing
1362,1.55965353991e+18,-32.3553009,-1.570648193,-24.0524292,nothing
1363,1.55965354016e+18,-32.16017151,-1.732589722,-24.02111816,nothing
1364,1.55965354041e+18,-32.32676697,-1.305099487,-23.9956665,nothing
1365,1.55965354066e+18,-31.86703491,-1.518615723,-23.9675293,nothing
1366,1.55965354091e+18,-32.58137512,-1.227539062,-23.97729492,nothing
1367,1.55965354116e+18,-32.5433197,-1.642028809,-24.1159668,nothing
1368,1.5596535414e+18,-32.30050659,-1.460830688,-23.85211182,nothing
1369,1.55965354165e+18,-32.35649109,-1.473205566,-24.16668701,nothing
1370,1.5596535419e+18,-32.46749878,-1.195098877,-24.11132812,nothing
1371,1.55965354215e+18,-32.87184143,-1.189849854,-24.04455566,nothing
1372,1.5596535424e+18,-32.39759827,-1.607711792,-24.17687988,nothing
1373,1.55965354265e+18,-32.56835938,-1.412002563,-23.80023193,nothing
1374,1.5596535429e+18,-32.59553528,-1.530090332,-24.03027344,nothing
1375,1.55965354315e+18,-32.44337463,-1.588577271,-24.11907959,nothing
1376,1.5596535434e+18,-32.13519287,-1.461090088,-23.71697998,nothing
1377,1.55965354365e+18,-32.10174561,-1.755050659,-23.84069824,nothing
1378,1.5596535439e+18,-32.64993286,-1.399795532,-23.91119385,nothing
1379,1.55965354415e+18,-32.39894104,-1.46206665,-24.15936279,nothing
1380,1.5596535444e+18,-32.42510986,-1.419174194,-23.92938232,nothing
1381,1.55965354465e+18,-32.13757324,-1.749160767,-23.77453613,nothing
1382,1.5596535449e+18,-32.08177185,-1.051040649,-24.29681396,nothing
1383,1.55965354515e+18,-32.03768921,-1.541885376,-24.11499023,nothing
1384,1.5596535454e+18,-32.34689331,-1.781234741,-24.11627197,nothing
1385,1.55965354565e+18,-32.07218933,-1.711349487,-24.2243042,nothing
1386,1.5596535459e+18,-32.26850891,-1.529708862,-23.98803711,nothing
1387,1.55965354615e+18,-32.15919495,-1.505386353,-24.02893066,nothing
1388,1.5596535464e+18,-32.35810852,-1.743774414,-24.13830566,nothing
1389,1.55965354665e+18,-32.16018677,-1.668869019,-23.84155273,nothing
1390,1.5596535469e+18,-32.20941162,-1.698913574,-24.26843262,nothing
1391,1.55965354714e+18,-32.20457458,-1.748184204,-24.29699707,nothing
1392,1.55965354739e+18,-32.16967773,-1.432281494,-24.24353027,nothing
1393,1.55965354764e+18,-32.55871582,-1.569076538,-24.16113281,nothing
1394,1.55965354789e+18,-32.13352966,-1.291137695,-24.03039551,nothing
1395,1.55965354814e+18,-32.48835754,-1.430496216,-23.79382324,nothing
1396,1.55965354839e+18,-32.21577454,-1.524078369,-23.82678223,nothing
1397,1.55965354864e+18,-32.22236633,-1.58744812,-24.05255127,nothing
1398,1.55965354889e+18,-32.2348175,-1.467010498,-24.15576172,nothing
1399,1.55965354914e+18,-32.37203979,-1.394424438,-24.17004395,nothing
1400,1.55965354939e+18,-32.76158142,-1.691711426,-24.19342041,nothing
1401,1.55965354964e+18,-32.54959106,-1.697296143,-23.92828369,nothing
1402,1.55965354989e+18,-32.5196228,-1.362167358,-23.79125977,nothing
1403,1.55965355014e+18,-32.32910156,-1.266174316,-24.23077393,nothing
1404,1.55965355039e+18,-32.26106262,-1.522369385,-24.1864624,nothing
1405,1.55965355064e+18,-32.22193909,-1.972549438,-24.05664062,nothing
1406,1.55965355089e+18,-32.58345032,-1.668731689,-24.34259033,nothing
1407,1.55965355114e+18,-32.1151123,-1.6769104,-23.82501221,nothing
1408,1.55965355139e+18,-32.13543701,-1.746582031,-23.95812988,nothing
1409,1.55965355164e+18,-32.51737976,-1.735122681,-24.2088623,nothing
1410,1.55965355189e+18,-32.33197021,-1.503250122,-24.12268066,nothing
1411,1.55965355214e+18,-32.09947205,-1.680435181,-24.04248047,nothing
1412,1.55965355239e+18,-32.56324768,-1.627960205,-24.19140625,nothing
1413,1.55965355264e+18,-32.51376343,-1.475967407,-24.125,nothing
1414,1.55965355288e+18,-32.57910156,-1.544418335,-23.95410156,nothing
1415,1.55965355313e+18,-32.5422821,-1.694549561,-23.76422119,nothing
1416,1.55965355338e+18,-32.24986267,-1.57749939,-23.9128418,nothing
1417,1.55965355363e+18,-32.28631592,-1.473373413,-23.93548584,nothing
1418,1.55965355388e+18,-32.6162262,-1.674880981,-24.10864258,nothing
1419,1.55965355413e+18,-32.69142151,-1.970077515,-24.08117676,nothing
1420,1.55965355438e+18,-32.58232117,-1.538543701,-24.26281738,nothing
1421,1.55965355463e+18,-32.31994629,-1.494308472,-24.00891113,nothing
1422,1.55965355488e+18,-32.07687378,-1.396911621,-24.12347412,nothing
