"Time (s)"	"X (m/s^2)"	"Y (m/s^2)"	"Z (m/s^2)"
0.000000000E0	-3.994144135E0	5.001848602E0	7.807913361E0
4.016410000E-1	-1.021176453E0	4.363575897E0	8.664581909E0
8.033145000E-1	-1.604663086E-1	4.034260712E0	9.045689392E0
1.204956500E0	3.308120728E-2	1.397643585E0	8.965156860E0
1.606628167E0	-1.524130554E0	3.314707031E0	8.626111908E0
2.008270167E0	4.860841827E0	-4.740791473E0	4.328848114E0
2.409973167E0	1.149309998E1	-3.573818207E0	5.616021423E0
2.811604750E0	1.106992996E1	-5.884263611E0	-1.340163116E0
3.213276750E0	1.229588058E1	-4.654720459E0	1.373394012E0
3.614920125E0	6.389612732E0	-4.396507416E0	-6.465055847E-1
4.016562125E0	7.676187286E0	-6.337071991E0	-3.411405945E-1
4.418203125E0	1.120569763E1	-6.638994141E0	5.887257385E-1
4.819787125E0	5.526357880E0	-9.639205170E0	-2.476749573E0
5.221429125E0	9.335187378E0	-5.753285980E0	1.374142456E-1
5.623047625E0	8.389603729E0	-6.718179474E0	-1.688488770E-1
6.024628625E0	5.347779236E0	1.725461884E0	4.759652252E0
6.426239625E0	4.608915710E0	4.018842773E0	1.074974579E1
6.827893375E0	2.821333008E0	2.066153412E0	6.029162292E0
7.229535375E0	3.583697662E0	3.811074829E0	1.000145187E1
7.631132667E0	6.752757568E0	-4.002227325E0	2.799777832E0
8.032774667E0	8.372389526E0	-6.859934692E0	5.480104065E-1
8.434507667E0	6.019432526E0	-6.974147186E0	-5.487588501E-1
8.836197292E0	8.132737885E0	-7.609575806E0	9.870474243E-1
9.237869292E0	9.185049591E0	-9.734107819E0	-7.116201782E-1
9.639459667E0	9.381441193E0	-1.159593613E1	-9.481283569E-1
1.004107167E1	6.975344696E0	-5.756130066E0	-3.604504395E-1
1.044268267E1	7.994575195E0	-1.145298340E1	1.694326630E0
1.084434487E1	6.630761261E0	-1.076815750E1	1.221459961E-1
1.124604787E1	1.034004776E1	-9.334588623E0	1.915267181E0
1.164768775E1	2.367476807E0	-8.884324951E0	-5.881269836E-1
1.204932875E1	8.201594696E0	-7.869734802E0	3.724255371E-1
1.245094075E1	9.320218506E0	-1.286095551E1	6.197113037E-1
1.285252825E1	4.811145172E0	-1.022852966E1	-1.698966980E-1
1.325410925E1	8.801696777E0	-9.850116577E0	6.719526672E-1
1.365572088E1	3.881129150E0	-7.426207123E0	-8.012837219E-1
1.405733287E1	1.005743546E1	-1.167407364E1	1.660047913E0
1.445894387E1	8.578361206E0	-5.103038177E0	6.231541443E-1
1.486049817E1	8.884175262E0	-9.020391998E0	-3.911366272E-1
1.526211017E1	5.458997955E0	-1.412013702E0	-6.518943787E-1
1.566372850E1	6.390660553E0	-5.106481018E0	7.554789734E-1
1.606533950E1	1.039767792E1	-1.072863968E1	1.215173035E0
1.646698150E1	4.684957581E0	-9.555828552E0	-1.927990723E0
1.686854400E1	5.431305542E0	-5.513933716E0	-7.351213074E-1
1.727012500E1	6.811136169E0	-9.170679474E0	-7.649093628E-2
1.767170788E1	4.732408905E0	-1.025322830E1	-3.800596619E-1
1.807328887E1	7.568561096E0	-8.753047943E0	-7.964936829E-1
1.847486987E1	5.325924683E0	-6.865622864E0	-1.191522217E-1
1.887640925E1	4.962929535E0	-7.574698334E0	-6.593788147E-1
1.927792925E1	7.671696625E0	-8.206534424E0	-9.833052063E-1
1.967941975E1	4.935237122E0	-1.249137405E1	6.191125488E-1
2.008097075E1	6.246360626E0	-6.958729248E0	-4.525090027E-1
2.048248975E1	6.504573669E0	-9.658515015E0	8.843609619E-1
2.088400138E1	7.869435425E0	-8.035440216E0	-8.970845032E-1
2.128552138E1	5.282365265E0	-6.102360077E0	3.875440979E-1
2.168700737E1	9.211095428E0	-6.396947479E0	-8.131091309E-1
2.208852737E1	3.125201111E0	-4.710554352E0	-1.425934753E0
2.249001637E1	4.906047821E0	-5.405708771E0	4.314028931E-1
2.289148950E1	8.639134827E0	-7.635771332E0	-1.790426788E0
2.329300950E1	5.885610809E0	-1.296918045E1	4.171824646E-1
2.369453612E1	7.502398682E0	-6.717131653E0	-9.059161377E-1
2.409602512E1	6.744824066E0	-8.456813965E0	5.325924683E-1
2.449751412E1	6.845115509E0	-9.185498657E0	-1.669029236E-1
2.489904829E1	9.517657928E0	-1.024843826E1	-2.281256104E-1
2.530053829E1	3.480262756E0	-8.089328156E0	-2.716850281E-1
2.570203842E1	7.177723846E0	-8.871451721E0	-4.300556946E-1
2.610352742E1	7.950417023E0	-9.046288147E0	-4.204756165E-1
2.650501642E1	2.487826538E0	-1.088805817E1	-2.285746765E-1
2.690649842E1	6.889573059E0	-6.715485077E0	-5.457650757E-1
2.730798742E1	5.951324158E0	-9.546248474E0	1.547332306E0
2.770951912E1	6.096222839E0	-1.031190628E1	4.378395081E-1
2.811103912E1	8.631500702E0	-9.456285553E0	-1.996847534E-1
2.851258912E1	3.452121277E0	-6.712940369E0	-1.544338531E0
2.891412075E1	5.183271332E0	-8.647966461E0	-5.313949585E-2
2.931564075E1	7.398814087E0	-6.251749420E0	7.514373779E-1
2.971715825E1	6.892866211E0	-1.153142029E1	-5.507048035E-1
3.011864725E1	6.260281677E0	-8.050858154E0	-1.975891113E0
3.052016725E1	7.588170319E0	-7.330556030E0	1.465452576E0
3.092167350E1	7.516020355E0	-8.288563843E0	4.471202087E-1
3.132319350E1	5.617667999E0	-9.400002594E0	2.465373230E-1
3.172474267E1	9.967472534E0	-7.625442810E0	-4.852908325E-1
3.212629267E1	2.559527435E0	-6.355034637E0	-7.932005310E-1
3.252781267E1	7.114255829E0	-7.908653870E0	-2.360591125E-1
3.292935417E1	8.082741852E0	-8.533454590E0	-3.692820740E-1
3.333090517E1	4.433480530E0	-1.296498917E1	2.424957275E-2
3.373240562E1	9.126670990E0	-8.088280334E0	-7.644602966E-1
3.413392562E1	5.558391266E0	-8.530760193E0	1.131946106E0
3.453547662E1	5.609734497E0	-8.676107941E0	-8.265811157E-1
3.493703162E1	7.808811493E0	-7.947572937E0	-9.042695618E-1
3.533855162E1	5.554349670E0	-5.098547516E0	-1.438658295E0
3.574007850E1	7.776778107E0	-9.520202637E0	5.508544922E-1
3.614162950E1	7.592211914E0	-6.179599457E0	5.255570984E-1
3.654317950E1	5.542524261E0	-8.216413879E0	9.370513916E-2
3.694470288E1	5.701343994E0	-1.015039215E1	1.074765015E-1
3.734625287E1	7.405400391E0	-6.421795807E0	1.127156067E0
3.774781663E1	6.629563751E0	-8.089477844E0	4.781057739E-1
3.814933662E1	6.431076508E0	-1.053374496E1	2.568808136E0
3.855085562E1	9.752369843E0	-1.004635849E1	2.526745605E-1
3.895244075E1	3.913910980E0	-8.168064423E0	2.948867798E-2
3.935399075E1	7.670050049E0	-9.342671814E0	-3.068618774E-2
3.975551267E1	7.563621368E0	-7.599247284E0	-6.285429382E-1
4.015703267E1	3.209924927E0	-1.190100174E1	-8.173004150E-2
4.055858267E1	1.019140686E1	-8.289461975E0	-1.611548767E0
4.096014650E1	6.418652344E0	-1.000968475E1	2.357447662E0
4.136175750E1	4.675377502E0	-8.174800415E0	4.956193542E-1
4.176330629E1	7.710615692E0	-7.956105194E0	-1.504820709E0
4.216485629E1	4.067491608E0	-1.088222031E1	4.559518433E-1
4.256640629E1	7.760012970E0	-4.828958130E0	-4.692741394E-1
4.296796425E1	7.642956390E0	-9.496252441E0	-7.785310364E-1
4.336948325E1	7.535779266E0	-3.275488586E0	-1.786834259E0
4.377104200E1	6.717431030E0	-8.570128326E0	-3.110531616E-1
4.417259200E1	9.652078400E0	-1.253508316E1	4.185296631E-1
4.457408100E1	2.990181885E0	-5.644312592E0	-1.290017395E0
4.497557525E1	6.006708984E0	-7.490273895E0	1.013392639E0
4.537706525E1	8.571325836E0	-7.889344025E0	-7.274871826E-1
4.577851200E1	3.622317352E0	-1.136601425E1	-4.779560852E-1
4.618000200E1	7.533234558E0	-8.168962555E0	-3.803590393E-1
4.658149100E1	7.089407501E0	-9.333540802E0	2.432441711E0
4.698297338E1	4.360432434E0	1.445244598E0	7.023694153E0
4.738446337E1	1.068328400E0	5.857619019E0	1.115959351E1
4.778596000E1	1.301244049E0	3.342399445E0	7.228019257E0
4.818744900E1	7.817194061E0	-8.659193115E0	8.780740356E-1
4.858891262E1	1.014500336E1	-6.486910400E0	6.463558960E-1
4.899037162E1	3.570375366E0	-9.475894775E0	-9.746232605E-1
4.939182962E1	7.784711609E0	-8.032596130E0	7.373666382E-1
4.979322925E1	7.819289703E0	-8.628506927E0	7.688012695E-1
5.019468825E1	6.385421448E0	-3.411855011E0	-8.961863708E-1
5.059616288E1	8.266260223E0	-8.024213562E0	6.174659729E-1
5.099765187E1	8.555907898E0	-1.132934052E1	-1.170565796E-1
5.139911087E1	3.437451782E0	-5.079237671E0	-1.723366241E0
5.180060925E1	7.394772491E0	-8.229287109E0	8.472381592E-2
5.220206825E1	9.832752686E0	-1.089494385E1	-8.177494812E-1
5.260352638E1	3.868555298E0	-6.555018768E0	-5.737568665E-1
5.300504638E1	6.940317535E0	-6.364914093E0	-1.968406677E-1
5.340656638E1	7.618108063E0	-9.837393036E0	1.944456482E-1
5.380805492E1	4.080364838E0	-1.148187332E1	4.041595459E-2
5.420954392E1	7.476652222E0	-8.346194000E0	-1.905537415E-1
5.461099179E1	5.573809204E0	-9.332942047E0	7.767347717E-1
5.501244979E1	5.442981262E0	-8.556955719E0	1.077758789E-2
5.541387779E1	7.236701202E0	-8.152047729E0	-3.420387268E-1
5.581533438E1	3.445984039E0	-1.214574280E1	6.027964783E-1
5.621679337E1	7.939938812E0	-9.250463562E0	1.486408997E-1
5.661822837E1	5.965245209E0	-9.168434143E0	8.396040344E-1
5.701965637E1	5.730682983E0	-8.212821350E0	-4.348457336E-1
5.742111538E1	6.882837067E0	-9.862690430E0	2.607577515E-1
5.782251854E1	4.534969482E0	-7.816146240E0	-1.502874756E-1
5.822397754E1	5.566175079E0	-5.465434570E0	-1.755699005E0
5.862541242E1	6.419550476E0	-6.870861969E0	5.686674500E-1
5.902687142E1	7.728129272E0	-7.358847198E0	-6.692582703E-1
5.942829942E1	6.665189667E0	-2.091600494E0	5.269342346E0
5.982973025E1	9.889933777E-1	3.158731384E0	6.049819336E0
6.023112725E1	1.130149841E0	5.192552032E0	1.123593475E1
6.063262512E1	8.713530121E0	-4.324207764E0	3.864813080E0
6.103414512E1	7.113357697E0	-4.278103638E0	-1.087039490E0
6.143563512E1	7.228019257E0	-9.105415192E0	-1.760489044E0
6.183708362E1	6.577322388E0	-1.221205490E1	-1.506467285E0
6.223857362E1	7.070995789E0	-6.817872162E0	-1.542991333E0
6.264003187E1	5.933960266E0	-8.703500977E0	1.702409821E0
6.304152087E1	5.057532806E0	-9.100026398E0	-1.359173584E-1
6.344297987E1	7.298822021E0	-1.080228653E1	3.835025024E-1
6.384447600E1	4.571044464E0	-7.840395813E0	6.695576477E-1
6.424596500E1	5.982459412E0	-8.056845703E0	6.765930176E-2
6.464747625E1	7.117698669E0	-1.029154861E1	-3.736230469E-1
6.504899525E1	3.442092133E0	-5.234165497E0	-4.337979126E-1
6.545051525E1	6.620283051E0	-9.665251007E0	1.121767273E0
6.585202275E1	6.223009186E0	-6.766079865E0	9.075627136E-1
6.625354275E1	6.967710571E0	-1.055036041E1	-7.622149658E-1
6.665501537E1	4.892875214E0	-4.736749878E0	-7.360194397E-1
6.705656538E1	5.777685242E0	-6.686894531E0	1.704804840E0
6.745808538E1	8.138575745E0	-7.726333008E0	-2.304158478E0
6.785961812E1	5.041067047E0	-6.887926483E0	-2.444416809E-1
6.826107612E1	6.652166748E0	-6.459966431E0	-2.694396973E-2
6.866257987E1	7.192093964E0	-7.054979095E0	-3.001258850E-1
6.906406887E1	4.261039124E0	-1.109343109E1	-6.256988525E-2
6.946552787E1	6.180048523E0	-5.294490051E0	6.735992432E-2
6.986694187E1	7.790998535E0	-1.152827682E1	1.507664795E0
7.026846187E1	5.415438538E0	-1.243329483E1	5.755531311E-1
7.067003929E1	7.166497192E0	-7.945028229E0	-7.408094788E-1
7.107161929E1	6.695875854E0	-8.498427429E0	1.277144165E0
7.147310929E1	5.808820496E0	-9.666298828E0	1.228944397E-1
7.187462687E1	9.146579590E0	-9.473499756E0	-2.906954956E-1
7.227611688E1	4.051923981E0	-7.654781799E0	6.893165588E-1
7.267761050E1	6.812483368E0	-8.883576508E0	3.849993896E-1
7.307913050E1	8.360264740E0	-1.115210907E1	-7.078779602E-1
7.348061950E1	4.463867340E0	-4.474046173E0	-1.672023010E0
7.388215254E1	9.197922821E0	-9.536818085E0	1.513352966E-1
7.428373354E1	8.757837982E0	-8.522527313E0	1.691482544E-1
7.468529900E1	6.443201294E0	-7.705975342E0	-1.946851501E0
7.508685000E1	1.045695465E1	-1.077519287E1	1.310973816E0
7.548840000E1	8.410111084E0	-7.430398407E0	-1.832189941E0
7.588991112E1	5.833369446E0	-7.899073792E0	8.232879639E-2
7.629146113E1	7.134164429E0	-9.797276459E0	-9.081614685E-1
7.669297079E1	8.583899689E0	-1.098430801E1	-5.053491211E-1
7.709449079E1	3.983965302E0	-7.633376312E0	2.493814087E-1
7.749604079E1	7.449408875E0	-9.543853455E0	-3.454815674E-1
7.789756979E1	7.621251526E0	-9.873617706E0	7.334747314E-3
7.829911979E1	4.462669830E0	-1.130943192E1	-3.427871704E-2
7.870061688E1	7.259004822E0	-6.209387512E0	-8.753796387E-1
7.910216687E1	7.279212799E0	-9.684111786E0	6.959028625E-1
7.950374788E1	4.201762390E0	-1.041159897E1	3.987707520E-1
7.990534187E1	4.808450775E0	-6.251450043E0	-7.289840698E-2
8.030689187E1	7.394024048E0	-8.279283142E0	3.354524231E-1
8.070843000E1	8.279432831E0	-2.789149933E0	-3.196003876E0
8.110995000E1	5.162763977E0	-7.827971649E0	1.487905884E-1
8.151150000E1	8.677754517E0	-9.280700684E0	2.242337036E-1
8.191311892E1	5.906118164E0	-8.376580811E0	-1.704954529E0
8.231469892E1	9.420060883E0	-9.678273926E0	-1.104702759E-1
8.271629629E1	8.828940125E0	-8.325836334E0	4.213737488E-1
8.311787729E1	5.718707886E0	-8.457562408E0	-5.409750366E-1
8.351942729E1	7.764204254E0	-1.002360580E1	-8.336164856E-1
8.392100900E1	8.983269196E0	-1.089644073E1	-6.580316162E-1
8.432249800E1	3.554807739E0	-7.475754089E0	-1.071771240E-1
8.472401462E1	5.586083679E0	-7.985294495E0	5.463638306E-2
8.512556462E1	8.123606873E0	-1.021939865E1	-2.656974792E-1
8.552705362E1	2.806214447E0	-1.002151016E1	3.143463135E-2
8.592858142E1	7.147636414E0	-6.694828033E0	-9.463320923E-1
8.633010142E1	6.857090607E0	-9.341324615E0	7.232958984E-1
8.673161363E1	5.043462067E0	-1.258268417E1	-3.382965088E-2
8.713316362E1	7.407346344E0	-6.061944122E0	-8.327183533E-1
8.753471362E1	6.133495331E0	-9.488318939E0	1.061891785E0
8.793630879E1	4.584217072E0	-1.006057892E1	9.175918579E-2
8.833785879E1	6.050717468E0	-5.298681335E0	7.167095947E-1
8.873933229E1	5.695955200E0	-9.260642395E0	9.475296021E-2
8.914085229E1	6.686894531E0	-4.534071350E0	-1.668131104E0
8.954237229E1	5.310806122E0	-7.144492950E0	5.399272156E-1
8.994382517E1	7.825576630E0	-6.417005768E0	-2.368075562E-1
9.034531417E1	3.317551117E0	-4.414919128E0	-1.588197327E0
9.074681300E1	5.457201691E0	-6.479126587E0	-2.619552612E-2
9.114830300E1	9.505682831E0	-7.097191315E0	-8.213420105E-1
9.154976100E1	4.136348419E0	-1.224498642E1	3.272195435E-1
9.195123929E1	7.528743896E0	-7.940088501E0	-2.649490356E-1
9.235266729E1	6.995852051E0	-9.949958954E0	1.375789032E0
9.275411429E1	6.319708099E0	-8.948840790E0	1.730401611E-1
9.315557229E1	9.111402740E0	-9.951156464E0	2.275268555E-1
9.355703129E1	5.328918457E0	-8.124954071E0	6.164181519E-1
9.395850050E1	5.295537872E0	-7.636669464E0	2.070195007E-1
9.435998950E1	8.531957703E0	-9.494605865E0	4.041595459E-3
9.476152204E1	4.484973450E0	-1.127021347E1	2.847079468E-1
9.516301104E1	5.940995636E0	-6.767427063E0	-1.141226807E0
9.556450004E1	7.385940857E0	-8.925489349E0	-4.194277954E-1
9.596596237E1	8.177943878E0	-3.550317078E0	-3.228486328E0
9.636742037E1	5.629493408E0	-7.545209656E0	-6.548881531E-1
9.676893962E1	7.485334167E0	-8.344697113E0	5.625302124E-1
9.717039862E1	7.897427216E0	-6.830595703E0	-1.701511688E0
9.757188762E1	9.250313873E0	-1.032373169E1	2.313738556E0
9.797334562E1	8.128396912E0	-6.708599396E0	7.896080017E-1
9.837483462E1	7.977061615E0	-1.008213409E1	-3.397933960E-1
9.877629279E1	8.075407104E0	-1.217987183E1	2.133962402E0
9.917778179E1	7.396718445E0	-8.104746094E0	-9.656419373E-1
9.957930179E1	6.232738953E0	-7.318131866E0	-7.704478455E-1
9.998082275E1	7.130721588E0	-9.877509613E0	-4.478686523E-1
1.003823727E2	9.102720795E0	-9.807155914E0	-4.185296631E-1
1.007839036E2	3.628604279E0	-7.558981018E0	-1.481918335E-1
1.011854226E2	5.691763916E0	-8.344697113E0	-1.140628052E-1
1.015869736E2	7.891589355E0	-1.169248535E1	6.182144165E-1
1.019884630E2	4.383035431E0	-8.321195984E0	8.307723999E-1
1.023899830E2	7.979456635E0	-8.985364838E0	-7.562274170E-1
1.027914506E2	8.288713531E0	-1.004755600E1	-2.453398132E-1
1.031929396E2	5.326224060E0	-2.994822235E0	3.789519653E0
1.035944596E2	2.934048615E0	3.497926025E0	6.969357147E0
1.039959460E2	5.072651367E0	3.244802399E0	1.147783173E1
1.043974660E2	1.782792664E0	3.898642731E0	5.582042084E0
1.047989672E2	1.111214218E1	-1.028226791E1	2.242636414E0
1.052004872E2	6.623276825E0	-6.627468109E0	-9.351054382E-1
1.056020072E2	6.514453125E0	-8.678802338E0	-6.149212646E-1
1.060035531E2	6.078709259E0	-8.545729065E0	-1.750759277E0
1.064050731E2	6.014792175E0	-6.895410919E0	7.596702576E-1
1.068065964E2	7.706574097E0	-8.285420380E0	-1.563498688E0
1.072081164E2	4.496948547E0	-1.165416504E1	-3.969744873E-1
1.076096354E2	7.687413940E0	-8.035440216E0	-5.379812622E-1
1.080111484E2	6.081104279E0	-9.256151733E0	6.797364807E-1
1.084126684E2	7.632178802E0	-9.179211731E0	-7.843688965E-1
1.088141162E2	8.152646484E0	-1.071202423E1	3.755690002E-1
1.092156662E2	4.888234863E0	-7.718549194E0	-2.207908630E-1
1.096171862E2	5.998925171E0	-7.283104706E0	-1.953138428E0
1.100186639E2	8.015232239E0	-1.139849670E1	-2.549198914E-1
1.104201839E2	4.777315521E0	-8.900042267E0	4.153862000E-1
1.108216902E2	6.608457642E0	-1.053479279E1	3.469784546E-1
1.112231792E2	7.600594482E0	-7.949818268E0	-1.131646729E0
1.116246682E2	5.564528503E0	-4.863985291E0	-2.409389648E0
1.120261616E2	6.250252533E0	-7.679779816E0	-6.168672180E-1
1.124276506E2	4.884642334E0	-6.676116943E0	-2.383044434E-1
1.128290865E2	6.420448608E0	-1.078447357E1	7.902067566E-1
1.132306055E2	5.173691254E0	-5.599405975E0	-1.399439850E0
1.136320645E2	5.547913055E0	-6.686894531E0	1.824705505E0
1.140335655E2	9.296118622E0	-9.766290894E0	-1.633253632E0
1.144350555E2	5.987399139E0	-1.220052887E1	3.300636292E-1
1.148365269E2	6.253994751E0	-5.710924072E0	3.278182983E-2
1.152380469E2	7.057673492E0	-9.151968384E0	-4.822970581E-1
1.156395669E2	5.878425751E0	-1.160641434E1	8.081694031E-1
1.160410706E2	7.297175446E0	-7.831264801E0	-4.343966675E-1
1.164425296E2	5.738317108E0	-8.477321320E0	1.603465576E0
1.168440035E2	5.542374573E0	-9.095835114E0	-4.475692749E-1
1.172455235E2	8.526419220E0	-1.031549881E1	1.701960754E-1
1.176469515E2	3.980522461E0	-7.013665009E0	3.706292725E-1
1.180483898E2	6.124663696E0	-8.067772980E0	4.873864746E-1
1.184498488E2	8.206384735E0	-1.265333725E1	3.070115662E-1
1.188513124E2	5.683381348E0	-6.920708313E0	3.056643677E-1
1.192528014E2	5.395529938E0	-6.825506287E0	-1.109792175E0
1.196542904E2	7.176975403E0	-1.190833649E1	-5.331912231E-1
1.200558181E2	3.937711487E0	-6.787784729E0	-8.352630615E-1
1.204574301E2	6.295009460E0	-8.227790222E0	-1.180445251E0
1.208590298E2	5.464087372E0	-6.978338470E0	1.116677856E-1
1.212605198E2	8.007747803E0	-7.637417908E0	-2.099084930E0
1.216620483E2	3.614982605E0	-4.679868164E0	-1.502874756E0
1.220635372E2	4.524790649E0	-6.865323486E0	1.211281128E0
1.224650882E2	7.778873749E0	-6.731651459E0	-1.866169281E0
1.228666582E2	4.101171570E0	-1.079195801E1	-9.313632202E-1
1.232682092E2	6.287375336E0	-5.824986877E0	-6.129753113E-1
1.236697755E2	6.747069397E0	-8.099656677E0	7.813751221E-2
1.240712955E2	5.374872894E0	-1.304686890E1	-1.546284485E-1
1.244728455E2	6.217321014E0	-5.991291046E0	-1.327738953E0
1.248744068E2	5.904022522E0	-9.173673248E0	6.429130554E-1
1.252759877E2	3.834575958E0	-8.694669342E0	4.851411438E-1
1.256775788E2	7.428003387E0	-1.050665131E1	1.038240967E0
1.260791297E2	4.399800568E0	-8.193062439E0	-6.331832886E-2
1.264806497E2	5.857768707E0	-7.804320831E0	-6.053411865E-1
1.268821995E2	7.344028015E0	-9.638157349E0	-4.605921936E-1
1.272837805E2	5.470673676E0	-4.406835938E0	-1.365759888E0
1.276853444E2	7.059918823E0	-9.024732971E0	-8.442443848E-1
1.280869254E2	6.708300018E0	-6.290369110E0	-6.982978821E-1
1.284884764E2	6.305787048E0	-8.807384949E0	-4.999603271E-2
1.288900638E2	6.264622650E0	-7.015012207E0	-1.149609375E0
1.292916448E2	7.365882568E0	-6.684649200E0	4.098477173E-1
1.296932548E2	8.478518829E0	-1.008587631E1	-8.207432556E-1
1.300948668E2	7.348219299E0	-1.189501419E1	-6.027964783E-1
1.304964478E2	4.664899292E0	-5.518424377E0	-1.064286804E-1
1.308980605E2	7.096742249E0	-8.595126343E0	-6.218069458E-1
1.312996415E2	4.608017578E0	-8.694669342E0	3.138972473E-1
1.317012616E2	7.184908905E0	-9.611063690E0	-6.219566345E-1
1.321028426E2	4.152215424E0	-6.907086639E0	6.045927429E-1
1.325043926E2	6.158493347E0	-8.524024200E0	-1.389111328E-1
1.329059541E2	7.231611786E0	-1.023227188E1	-2.993774414E-2
1.333075351E2	5.167104950E0	-1.101574265E1	-2.158511353E-1
1.337091286E2	7.341932373E0	-7.927215271E0	-4.493655396E-1
1.341107086E2	7.185208282E0	-1.016116974E1	2.498304749E-1
1.345122286E2	4.845573578E0	-1.151824768E1	-1.951940918E-1
1.349137294E2	5.770649872E0	-6.026916962E0	2.180964661E-1
1.353152494E2	5.352868652E0	-8.787326660E0	-7.731422424E-1
1.357167282E2	7.562872925E0	-4.536915436E0	-2.804717560E0
1.361181872E2	5.140909424E0	-7.508086853E0	-7.897576904E-1
1.365196762E2	8.058941345E0	-9.022337952E0	1.093625793E0
1.369211910E2	4.966222687E0	-8.354875946E0	-2.053429871E0
1.373226190E2	9.350305939E0	-1.120854172E1	2.083816681E0
1.377240830E2	7.749684448E0	-8.228688354E0	-1.465153198E0
1.381255410E2	5.093308411E0	-7.941585388E0	3.537144470E-1
1.385270000E2	6.622079315E0	-8.363108826E0	-6.303392029E-1
1.389284990E2	7.868686981E0	-1.054631882E1	-4.683760071E-1
1.393299890E2	3.044818268E0	-6.160439301E0	-8.689430237E-1
1.397314544E2	5.464237061E0	-6.507717133E0	-3.197351074E-1
1.401329444E2	7.360793152E0	-1.112336884E1	-6.858737183E-1
1.405344334E2	3.970343628E0	-1.082039886E1	-2.978805542E-1
1.409358924E2	6.829847260E0	-6.800657959E0	-1.107247467E0
1.413373514E2	7.657326508E0	-1.071876022E1	1.347198486E-1
1.417387880E2	6.029311981E0	-1.172077652E1	-5.179229736E-2
1.421402470E2	6.674919434E0	-7.435188446E0	-1.210532684E0
1.425417360E2	6.951544189E0	-9.043893127E0	3.499722290E-1
1.429432254E2	8.935368805E0	-8.809779968E0	-1.551822968E0
1.433446844E2	4.760400696E0	-6.893614655E0	-4.435276794E-1
1.437461287E2	6.712491302E0	-1.004186783E1	-2.080673218E-2
1.441476178E2	4.783752136E0	-8.181835785E0	2.401007080E-1
1.445490768E2	6.578968964E0	-1.103445374E1	5.309458923E-1
1.449505760E2	7.371421051E0	-8.027506714E0	2.131567383E-1
1.453520650E2	6.303092651E0	-9.807604980E0	-1.565444641E0
1.457535267E2	6.535409546E0	-1.108953918E1	-4.471202087E-1
1.461549857E2	5.901178436E0	-4.733456726E0	-3.665876770E-1
1.465564747E2	5.728587341E0	-7.025041351E0	-1.559157715E0
1.469579575E2	4.702471161E0	-1.353260880E1	8.304730225E-1
1.473594165E2	7.107819214E0	-6.248156891E0	-8.951385498E-1
1.477608727E2	7.681127014E0	-1.027822632E1	2.106269989E0
1.481623618E2	7.344028015E0	-1.168964127E1	-1.201850739E0
1.485639127E2	6.393504639E0	-6.428681488E0	-5.635780334E-1
1.489655063E2	5.217849426E0	-6.770121460E0	-1.368603973E0
1.493670873E2	4.057612152E0	-1.000654129E1	-3.486250305E-1
1.497686450E2	6.645131378E0	-5.768853607E0	-8.906478882E-1
1.501701650E2	7.744445343E0	-8.377029877E0	2.695893860E-1
1.505716540E2	5.273383942E0	-1.123668320E1	3.002755737E-1
1.509731870E2	8.248896332E0	-6.881190491E0	-7.066804504E-1
1.513746760E2	5.189408569E0	-8.614286499E0	-7.589218140E-2
1.517761651E2	6.441554718E0	-5.575455780E0	-3.906875610E-1
1.521776241E2	4.561913452E0	-6.951693878E0	6.804849243E-1
1.525790831E2	9.234446869E0	-1.237192245E1	2.439926147E-1
1.529805205E2	6.256090393E0	-7.004533997E0	-1.579814758E0
1.533819495E2	1.056338333E1	-1.020502853E1	7.782316589E-1
1.537834147E2	7.437134399E0	-9.222920837E0	-3.293151855E-2
1.541848737E2	6.910978546E0	-9.032816162E0	4.011657715E-2
1.545863327E2	5.750441895E0	-1.036399796E1	-1.400188293E0
1.549877732E2	7.412884827E0	-9.743837585E0	-7.702981567E-1
1.553892312E2	6.500981140E0	-7.715405731E0	-2.029779053E-1
1.557906779E2	7.315587158E0	-7.671546936E0	-9.738748169E-1
1.561920749E2	8.416996765E0	-1.186911804E1	6.415658569E-1
1.565934729E2	4.454137573E0	-7.465575256E0	-3.046165466E-1
1.569949006E2	5.352868652E0	-7.813601532E0	-4.435276794E-1
1.573962676E2	6.998845825E0	-7.692054291E0	-8.888516235E-1
1.577976957E2	2.668201447E0	-1.099224152E1	-1.741777954E0
1.581991537E2	5.032534790E0	-4.921765137E0	-1.114282837E0
1.586006127E2	6.323150940E0	-8.785829773E0	-6.491999817E-1
1.590020979E2	6.313720551E0	-3.947590942E0	-9.189390564E-1
1.594035269E2	5.021906891E0	-6.856342163E0	-2.644999695E-1
1.598049593E2	6.116430817E0	-6.853049011E0	-1.220561829E0
1.602063873E2	6.614894257E0	-8.805888062E0	-1.886077881E0
1.606078153E2	4.941074982E0	-6.115682373E0	-1.023721161E0
1.610092604E2	6.320905609E0	-7.952512665E0	1.951940918E0
1.614106884E2	9.451046448E0	-1.092607910E1	-1.484912109E-1
1.618121231E2	6.675218811E0	-5.745951233E0	-1.043031006E0
1.622135211E2	7.716453552E0	-7.894732819E0	8.376580811E-1
1.626149491E2	6.878945160E0	-9.889933777E0	-7.887098694E-1
1.630163572E2	9.272617493E0	-8.755293274E0	-1.140029297E0
1.634177852E2	4.118385773E0	1.254990234E0	6.471791840E0
1.638192878E2	2.442470856E0	5.400769043E0	9.964478760E0
1.642207768E2	2.405048676E0	1.070723419E0	3.441044312E0
1.646222058E2	9.734257507E0	-6.988517303E0	-1.896556091E-1
1.650236196E2	6.966513062E0	-9.042845306E0	-8.422984314E-1
1.654250786E2	3.739373932E0	-9.206754456E0	-1.442101135E0
1.658265335E2	6.693181458E0	-7.061864777E0	-8.791218567E-1
1.662279925E2	7.035369873E0	-7.636819153E0	-1.172362061E0
1.666294515E2	4.812043304E0	-1.069031937E1	-7.321275330E-1
1.670309171E2	7.183561707E0	-6.314019928E0	-1.447789307E0
1.674324061E2	6.788682861E0	-8.989705811E0	-5.873785400E-1
1.678339007E2	7.428901520E0	-5.544470215E0	-2.068099365E0
1.682353897E2	8.458460541E0	-8.746012573E0	-1.101708984E0
1.686368797E2	6.834487610E0	-6.509663086E0	-1.387913818E0
1.690383617E2	6.948101349E0	-9.878258057E0	-1.671873322E0
1.694398207E2	4.999303894E0	-4.230053558E0	-1.967358856E0
1.698413481E2	5.877826996E0	-7.299420776E0	7.861651611E-1
1.702428681E2	1.010294083E1	-7.222630463E0	-1.259929962E0
1.706444181E2	4.769681396E0	-9.450148315E0	-8.144563293E-1
1.710459826E2	6.779402161E0	-6.456673279E0	-8.888516235E-1
1.714475326E2	7.833809509E0	-9.178313599E0	-1.007704468E0
1.718490877E2	5.188660126E0	-9.659712524E0	-1.096020813E0
1.722506077E2	6.286926270E0	-5.526357880E0	-9.996212769E-1
1.727063567E2	6.917714539E0	-8.795559540E0	4.249662781E-1
1.729573574E2	4.521497498E0	-1.061652283E1	-4.963677979E-1
1.732083344E2	5.685177612E0	-7.927065582E0	-6.887178040E-1
1.734593414E2	6.666387177E0	-7.378157043E0	-8.464897156E-1
1.737102926E2	6.799909515E0	-7.349267120E0	-4.601431274E-1
1.739612686E2	3.888613586E0	-7.902366943E0	-1.829196167E-1
1.742122456E2	4.458478546E0	-9.455088043E0	4.593946838E-1
1.744632526E2	6.002218323E0	-6.404581604E0	-4.640350342E-1
1.747142330E2	7.235054626E0	-1.086560486E1	-5.954617310E-1
1.749652090E2	6.421346741E0	-9.247469788E0	5.888754272E-1
1.752161860E2	5.324577484E0	-5.261408844E0	-1.664688263E0
1.754671620E2	6.564299469E0	-9.063352661E0	-3.159928894E-1
1.757181544E2	4.704267426E0	-7.238647156E0	-1.216969299E-1
1.759691314E2	5.802084503E0	-7.255861359E0	-1.916015625E-1
1.762201084E2	6.944957886E0	-1.076321777E1	2.109114075E-1
1.764710844E2	5.834267578E0	-1.080662750E1	1.240620117E0
1.767220691E2	5.142406311E0	-5.203778687E0	-1.963017883E0
1.769730451E2	7.884104919E0	-1.348111588E1	4.176315308E-1
1.772240221E2	4.647685089E0	-7.252268829E0	1.052760773E0
1.774749981E2	6.046825562E0	-6.270310822E0	-6.248007202E-1
1.777259903E2	7.899522858E0	-7.081623688E0	-1.527573395E0
1.779769672E2	6.152805176E0	-8.668773193E0	-1.369352417E0
1.782279742E2	5.499114532E0	-1.003797592E1	-7.590715027E-1
1.784789512E2	6.136339417E0	-8.643326111E0	8.942404175E-1
1.787299589E2	5.519322510E0	-7.031777344E0	-7.102729797E-1
1.789809049E2	6.488706665E0	-9.615404663E0	3.487747192E-1
1.792319119E2	4.749024353E0	-8.268206177E0	-8.921447754E-1
1.794828879E2	6.408473511E0	-1.186747147E1	-1.059047699E0
1.797338909E2	6.627617798E0	-7.355404358E0	-8.411009216E-1
1.799848989E2	6.496789856E0	-6.408473511E0	-2.308200073E-1
1.802359059E2	6.162834320E0	-1.173275162E1	1.267863464E-1
1.804868519E2	6.846462708E0	-7.555687866E0	-2.650987244E-1
1.807378655E2	3.266207886E0	-8.224646759E0	6.945556641E-2
1.809888415E2	6.807543640E0	-8.510552216E0	-1.105451202E0
1.812397875E2	4.405788116E0	-6.181545410E0	1.944456482E-1
1.814907645E2	7.742499390E0	-1.196342194E1	-6.059399414E-1
1.817416914E2	6.768624573E0	-8.452772369E0	6.848258972E-1
1.819926684E2	5.139113159E0	-1.212837891E1	-2.177970886E-1
1.822436144E2	4.840783539E0	-7.513775024E0	-5.475613403E-1
1.824945904E2	7.567363586E0	-7.965385895E0	-1.002764740E0
1.827455348E2	6.982380066E0	-6.886130219E0	-6.002517700E-1
1.829965118E2	5.606591034E0	-7.587421875E0	8.405021667E-1
1.832474878E2	4.554279327E0	-9.775721283E0	-9.225315857E-1
1.834984648E2	5.795647888E0	-8.223598938E0	2.796185303E-1
1.837493734E2	6.729406128E0	-9.200317841E0	-1.260079651E0
1.840003504E2	6.344107361E0	-7.719147949E0	-1.082099762E0
1.842512964E2	3.640729065E0	-6.938670959E0	-8.577163696E-2
1.845022424E2	6.289171600E0	-4.289929047E0	-2.227817230E0
1.847532215E2	7.244634705E0	-9.007967834E0	-1.073417816E0
1.850041675E2	4.624333649E0	-7.519612885E0	-4.366419983E-1
1.852551135E2	8.294850769E0	-1.105855362E1	1.935475159E-1
1.855060595E2	5.652844849E0	-9.457632751E0	-5.734574890E-1
1.857570547E2	3.902983704E0	-7.339687042E0	-1.005908203E0
1.860080317E2	8.062833252E0	-9.535770264E0	-6.610253906E-1
1.862590077E2	5.667364655E0	-6.607709198E0	-1.432371368E0
1.865099847E2	1.337378906E1	-7.785160675E0	1.008901978E0
1.867609344E2	5.016967163E0	-2.439926147E0	6.242319031E0
1.870119104E2	2.042053528E0	2.406695251E0	7.693102112E0
1.872628874E2	3.065625000E-1	2.376158752E0	8.811576233E0
1.875138634E2	2.813698883E0	2.317031708E0	1.015084122E1
1.877648207E2	2.652933197E0	3.356320496E0	1.107187592E1
1.880158278E2	-1.981279907E0	3.160527649E0	8.978329468E0
1.882668348E2	-2.384840698E0	3.686084747E0	8.981173553E0
1.885178117E2	-2.251617737E0	3.929478607E0	8.552764435E0
1.887688185E2	-2.318678284E-1	4.138144684E0	8.733289032E0
1.890197955E2	-2.805166626E-1	4.280498657E0	8.885073395E0
1.892708025E2	-0.000000000E0	3.876189423E0	8.750802612E0
1.895217785E2	-7.333250427E-1	4.583169250E0	8.378826141E0
1.897727574E2	-1.080752563E0	4.142186279E0	8.688831482E0
1.900237644E2	-3.263064423E0	4.026177521E0	9.395960999E0
1.902747104E2	-4.862787781E0	2.575993195E0	8.226892090E0
1.905256874E2	-5.269042969E0	2.790048065E0	7.538174286E0