"Time (s)","Pressure (hPa)"
1.006334600E-1,1.022174316E3
2.006259600E-1,1.022176270E3
3.006169600E-1,1.022204590E3
4.006067100E-1,1.022216064E3
5.005961100E-1,1.022243896E3
6.005851100E-1,1.022234863E3
7.005739670E-1,1.022184082E3
8.005627170E-1,1.022123535E3
9.005511610E-1,1.022123535E3
1.000539661E0,1.022166992E3
1.100527933E0,1.022252441E3
1.200516183E0,1.022252441E3
1.300504721E0,1.022155518E3
1.400493435E0,1.022091064E3
1.500481768E0,1.022091064E3
1.600469955E0,1.021953369E3
1.700458190E0,1.022134033E3
1.800446412E0,1.022134033E3
1.900434517E0,1.022184814E3
2.000422617E0,1.022117676E3
2.100410712E0,1.022117676E3
2.200398757E0,1.022029053E3
2.300386974E0,1.022069580E3
2.400375349E0,1.022069580E3
2.500363709E0,1.022126465E3
2.600351978E0,1.022146729E3
2.700340237E0,1.022146729E3
2.800328522E0,1.022062988E3
2.900316728E0,1.022015381E3
3.000305028E0,1.022015381E3
3.100293028E0,1.022153076E3
3.200280894E0,1.022159912E3
3.300647796E0,1.022159912E3
3.400635796E0,1.022136230E3
3.500623796E0,1.022158447E3
3.600611762E0,1.022158447E3
3.700599728E0,1.022050049E3
3.800587728E0,1.022130127E3
3.900575728E0,1.022130127E3
4.000563694E0,1.022168457E3
4.100551660E0,1.022208008E3
4.200539660E0,1.022208008E3
4.300527526E0,1.022042480E3
4.400515226E0,1.021968506E3
4.500503426E0,1.021968506E3
4.600491626E0,1.022125488E3
4.700479792E0,1.022128174E3
4.800467958E0,1.022128174E3
4.900456158E0,1.022174805E3
5.000444358E0,1.022107178E3
5.100432491E0,1.022107178E3
5.200420657E0,1.022056152E3
5.300408723E0,1.022177979E3
5.400396589E0,1.022177979E3
5.500384455E0,1.022190674E3
5.600372455E0,1.022143555E3
5.700360455E0,1.022143555E3
5.800348421E0,1.022110596E3
5.900336387E0,1.022007080E3
6.000324287E0,1.022007080E3
6.100312287E0,1.022201416E3
6.200300253E0,1.022239990E3
6.300288219E0,1.022239990E3
6.400276085E0,1.022118652E3
6.500263951E0,1.022144287E3
6.600252084E0,1.022144287E3
6.700240317E0,1.022065186E3
6.800228517E0,1.022040771E3
6.900216717E0,1.022040771E3
7.000204917E0,1.022075439E3
7.100193150E0,1.021969238E3
7.200181350E0,1.021969238E3
7.300169550E0,1.022013184E3
7.400157783E0,1.021956055E3
7.500145683E0,1.021956055E3
7.600133583E0,1.021944824E3
7.700121716E0,1.021962646E3
7.800109949E0,1.021962646E3
7.900098149E0,1.022074707E3
8.000086349E0,1.022017090E3
8.100074549E0,1.022017090E3
8.200062849E0,1.022038574E3
8.300051049E0,1.022003418E3
8.400039249E0,1.022003418E3
8.500027449E0,1.022044922E3
8.600015549E0,1.022092041E3
8.700003649E0,1.022092041E3
8.799991882E0,1.022020752E3
8.899980115E0,1.021966553E3
8.999968315E0,1.021966553E3
9.099956515E0,1.021924316E3
9.199944748E0,1.021964355E3
9.299932981E0,1.021964355E3
9.399921147E0,1.022143555E3
9.499909313E0,1.022097656E3
9.599897279E0,1.022097656E3
9.699885145E0,1.022035645E3
9.799873045E0,1.021991699E3
9.899861245E0,1.021991699E3
9.999849445E0,1.021896729E3
1.009983761E1,1.022060791E3
1.019982578E1,1.022060791E3
1.029981398E1,1.022004150E3
1.039980214E1,1.022137451E3
1.049979031E1,1.022137451E3
1.059977848E1,1.021971924E3
1.069978879E1,1.021928467E3
1.079977666E1,1.021928467E3
1.089976459E1,1.022086426E3
1.099975259E1,1.022065674E3
1.109974059E1,1.022065674E3
1.119972849E1,1.022111572E3
1.129971646E1,1.022031006E3
1.139970446E1,1.022031006E3
1.149969246E1,1.021959229E3
1.159968042E1,1.022018555E3
1.169966839E1,1.022018555E3
1.179965626E1,1.022012207E3
1.189964412E1,1.022067871E3
1.199963225E1,1.022067871E3
1.209962052E1,1.022103271E3
1.219960872E1,1.021978027E3
1.229959692E1,1.021978027E3
1.239958519E1,1.022068359E3
1.249957345E1,1.022055908E3
1.259956165E1,1.022055908E3
1.269954985E1,1.022059326E3
1.279953805E1,1.022048584E3
1.289952595E1,1.022048584E3
1.299951385E1,1.022001221E3
1.309950209E1,1.022235107E3
1.319949032E1,1.022235107E3
1.329947852E1,1.022123779E3
1.339946672E1,1.022098145E3
1.349945495E1,1.022098145E3
1.359944318E1,1.022062500E3
1.369943138E1,1.022035889E3
1.379941958E1,1.022035889E3
1.389940775E1,1.022046875E3
1.399939585E1,1.022194824E3
1.409938395E1,1.022194824E3
1.419937218E1,1.022175537E3
1.429936042E1,1.022133545E3
1.439934862E1,1.022133545E3
1.449933682E1,1.022072754E3
1.459932505E1,1.022053711E3
1.469931328E1,1.022053711E3
1.479930148E1,1.022069092E3
1.489928968E1,1.022306641E3
1.499927765E1,1.022306641E3
1.509926548E1,1.022210693E3
1.519925355E1,1.022102295E3
1.529924175E1,1.022102295E3
1.539922991E1,1.022054688E3
1.549921808E1,1.022098877E3
1.559920625E1,1.022098877E3
1.569919445E1,1.022096436E3
1.579918261E1,1.022134521E3
1.589917078E1,1.022134521E3
1.599915914E1,1.022093262E3
1.609914701E1,1.022070068E3
1.619913488E1,1.022070068E3
1.629912288E1,1.022020264E3
1.639911088E1,1.022160156E3
1.649909884E1,1.022160156E3
1.659908681E1,1.022162598E3
1.669907477E1,1.022068604E3
1.679906277E1,1.022068604E3
1.689905074E1,1.022091553E3
1.699903870E1,1.022038330E3
1.709902667E1,1.022038330E3
1.719901454E1,1.022121094E3
1.729900240E1,1.022186768E3
1.739899064E1,1.022186768E3
1.749897887E1,1.022105713E3
1.759896707E1,1.022034424E3
1.769895527E1,1.022034424E3
1.779894350E1,1.022000732E3
1.789893174E1,1.022058838E3
1.799893286E1,1.022058838E3
1.809892106E1,1.022309082E3
1.819890910E1,1.022150146E3
1.829889700E1,1.022150146E3
1.839888493E1,1.022173584E3
1.849887316E1,1.022069580E3
1.859886139E1,1.022069580E3
1.869884959E1,1.022071533E3
1.879883779E1,1.022222900E3
1.889882603E1,1.022222900E3
1.899881406E1,1.022123535E3
1.909880226E1,1.022088379E3
1.919879046E1,1.022088379E3
1.929877856E1,1.022063232E3
1.939876666E1,1.022109863E3
1.949875479E1,1.022109863E3
1.959874303E1,1.022233398E3
1.969873126E1,1.022160645E3
1.979871946E1,1.022160645E3
1.989870769E1,1.022171875E3
1.999869592E1,1.022083740E3
2.009868416E1,1.022083740E3
2.019867236E1,1.022091553E3
2.029866056E1,1.022169434E3
2.039864842E1,1.022169434E3
2.049863629E1,1.022135498E3
2.059862446E1,1.022072510E3
2.069861266E1,1.022072510E3
2.079860082E1,1.022063232E3
2.089858899E1,1.022162842E3
2.099857715E1,1.022162842E3
2.109856535E1,1.022198975E3
2.119855352E1,1.022150635E3
2.129854169E1,1.022150635E3
2.139852982E1,1.022168457E3
2.149851769E1,1.022056152E3
2.159850555E1,1.022056152E3
2.169849355E1,1.022086426E3
2.179848155E1,1.022258301E3
2.189846952E1,1.022258301E3
2.199845748E1,1.022168213E3
2.209844548E1,1.022052002E3
2.219843348E1,1.022052002E3
2.229842145E1,1.022033203E3
2.239840942E1,1.022105225E3
2.249839738E1,1.022170654E3
2.259838531E1,1.022267334E3
2.269837331E1,1.022217285E3
2.279836158E1,1.022178955E3
2.289834978E1,1.022189209E3
2.299833798E1,1.022158691E3
2.309832625E1,1.022091553E3
2.319831448E1,1.022263916E3
2.329830268E1,1.022391357E3
2.339829085E1,1.022306152E3
2.349827904E1,1.022180908E3
2.359826704E1,1.022143555E3
2.369825495E1,1.022106445E3
2.379824298E1,1.022056641E3
2.389823121E1,1.022155029E3
2.399821944E1,1.022140869E3
2.409820768E1,1.022207275E3
2.419819588E1,1.022175781E3
2.429818411E1,1.022160889E3
2.439817234E1,1.022166748E3
2.449816054E1,1.022104248E3
2.459814881E1,1.022068604E3
2.469813691E1,1.022161865E3
2.479812498E1,1.022215576E3
2.489811321E1,1.022179932E3
2.499810144E1,1.022114014E3
2.509808971E1,1.022109375E3
2.519807787E1,1.022069580E3
2.529805566E1,1.022030518E3
2.539804390E1,1.022059814E3
2.549803210E1,1.022122314E3
2.559802030E1,1.022181396E3
2.569800840E1,1.022173828E3
2.579799623E1,1.022126221E3
2.589798410E1,1.022217529E3
2.599797230E1,1.022117432E3
2.609796050E1,1.022091309E3
2.619794866E1,1.022224854E3
2.629793686E1,1.022241211E3
2.639792510E1,1.022274414E3
2.649791330E1,1.022193848E3
2.659790146E1,1.022165283E3
2.669788959E1,1.022174561E3
2.679787766E1,1.022078369E3
2.689786553E1,1.022102539E3
2.699785339E1,1.022061035E3
2.709784143E1,1.022129150E3
2.719782943E1,1.022111572E3
2.729781739E1,1.022055908E3
2.739780536E1,1.022100830E3
2.749779336E1,1.022051514E3
2.759778136E1,1.022012939E3
2.769776932E1,1.022163818E3
2.779775732E1,1.022125488E3
2.789774516E1,1.022138672E3
2.799773302E1,1.022083984E3
2.809772109E1,1.022028564E3
2.819770935E1,1.021951172E3
2.829769755E1,1.021992676E3
2.839768575E1,1.022088867E3
2.849767399E1,1.022287354E3
2.859766222E1,1.022248047E3
2.869765042E1,1.022201904E3
2.879763862E1,1.022134277E3
2.889762685E1,1.022128418E3
2.899761475E1,1.022073486E3
2.909760265E1,1.022050781E3
2.919759079E1,1.022114258E3
2.929757902E1,1.022332275E3
2.939756722E1,1.022198975E3
2.949755542E1,1.022129150E3
2.959754362E1,1.022091797E3
2.969753188E1,1.022064453E3
2.979752009E1,1.022063721E3
2.989750828E1,1.022067627E3
2.999749649E1,1.022126709E3
3.009748458E1,1.022327637E3
3.019747268E1,1.022272949E3
3.029746095E1,1.022242676E3
3.039744918E1,1.022202393E3
3.049743738E1,1.022171387E3
3.059742558E1,1.022157471E3
3.069741378E1,1.022059326E3
3.079740202E1,1.022076904E3
3.089739042E1,1.022185303E3
3.099737862E1,1.022277100E3
3.109736665E1,1.022264648E3
3.119735452E1,1.022159424E3
3.129734245E1,1.022096191E3
3.139733065E1,1.022087646E3
3.149731882E1,1.022091064E3
3.159730698E1,1.022254883E3
3.169729515E1,1.022203857E3
3.179728335E1,1.022212646E3
3.189727151E1,1.022156006E3
3.199725968E1,1.022142578E3
3.209724785E1,1.022168701E3
3.219723581E1,1.022092041E3
3.229722368E1,1.022122803E3
3.239721161E1,1.022325684E3
3.249714162E1,1.022312256E3
3.259712962E1,1.022278320E3
3.269711772E1,1.022211426E3
3.279710569E1,1.022113525E3
3.289709369E1,1.022037109E3
3.299708169E1,1.022095215E3
3.309706965E1,1.022192871E3
3.319705765E1,1.022080811E3
3.329704549E1,1.022066895E3
3.339703335E1,1.022062744E3
3.349702149E1,1.022059570E3
3.359700972E1,1.022044189E3
3.369699795E1,1.022039062E3
3.379698618E1,1.022161377E3
3.389697425E1,1.022189941E3
3.399696248E1,1.022178223E3
3.409695068E1,1.022192627E3
3.419693888E1,1.022138184E3
3.429692705E1,1.022151611E3
3.439691495E1,1.022083496E3
3.449690285E1,1.022080566E3
3.459689102E1,1.022398193E3
3.469687925E1,1.022243408E3
3.479686745E1,1.022139160E3
3.489685565E1,1.022098633E3
3.499684388E1,1.022088379E3
3.509683211E1,1.022118652E3
3.519682031E1,1.022112061E3
3.529680851E1,1.022052490E3
3.539679668E1,1.022095459E3
3.549678478E1,1.022237061E3
3.559677288E1,1.022307861E3
3.569676098E1,1.022231445E3
3.579674921E1,1.022169678E3
3.589673741E1,1.022113770E3
3.599672561E1,1.022042725E3
3.609671385E1,1.022060303E3
3.619670205E1,1.022179443E3
3.629669025E1,1.022138916E3
3.639667845E1,1.022186768E3
3.649666641E1,1.022137939E3
3.659665428E1,1.022098389E3
3.669664234E1,1.022103027E3
3.679663051E1,1.022058105E3
3.689661868E1,1.022078857E3
3.699660684E1,1.022196045E3
3.709659501E1,1.022241699E3
3.719658327E1,1.022220703E3
3.729657144E1,1.022098877E3
3.739655961E1,1.022097412E3
3.749654784E1,1.022091064E3
3.759653577E1,1.022031006E3
3.769652360E1,1.022099121E3
3.779651157E1,1.022109131E3
3.789649957E1,1.022242676E3
3.799648754E1,1.022173584E3
3.809647550E1,1.022062744E3
3.819646350E1,1.022086914E3
3.829645150E1,1.022090576E3
3.839643947E1,1.022029541E3
3.849642744E1,1.022014404E3
3.859641544E1,1.022226074E3
3.869640330E1,1.022248535E3
3.879639113E1,1.022180908E3
3.889637937E1,1.022101318E3
3.899636760E1,1.022060791E3
3.909635590E1,1.022073975E3
3.919634410E1,1.022065430E3
3.929633233E1,1.022021240E3
3.939632057E1,1.022119385E3
3.949630877E1,1.022265137E3
3.959629697E1,1.022177734E3
3.969628500E1,1.022083740E3
3.979630858E1,1.022066162E3
3.989629651E1,1.022057373E3
3.999628474E1,1.022012207E3
4.009627298E1,1.022015137E3
4.019626111E1,1.022070801E3
4.029624931E1,1.022276123E3
4.039623754E1,1.022145752E3
4.049622571E1,1.022057129E3
4.059621391E1,1.022075684E3
4.069620214E1,1.022003418E3
4.079619028E1,1.021942627E3
4.089617838E1,1.021895264E3
4.099616651E1,1.021941650E3
4.109615474E1,1.022314453E3
4.119614294E1,1.022206055E3
4.129613114E1,1.022129639E3
4.139611937E1,1.022150146E3
4.149610761E1,1.022172119E3
4.159609581E1,1.022089355E3
4.169608401E1,1.022027588E3
4.179607227E1,1.022239746E3
4.189606014E1,1.022311035E3
4.199604810E1,1.022166992E3
4.209603610E1,1.022106689E3
4.219602430E1,1.022150879E3
4.229601247E1,1.022114990E3
4.239600064E1,1.022019043E3
4.249598880E1,1.022036865E3
4.259597700E1,1.022013428E3
4.269596517E1,1.022058105E3
4.279595334E1,1.022063965E3
4.289594147E1,1.022062744E3
4.299592937E1,1.022041016E3
4.309591723E1,1.022032959E3
4.319590523E1,1.021982666E3
4.329589323E1,1.022016113E3
4.339588123E1,1.022320312E3
4.349586920E1,1.022139404E3
4.359585727E1,1.022079346E3
4.369584527E1,1.022133545E3
4.379583323E1,1.021966064E3
4.389582120E1,1.021914307E3
4.399580916E1,1.021957275E3
4.409579710E1,1.022222168E3
4.419578510E1,1.022134277E3
4.429577333E1,1.022036621E3
4.439576153E1,1.022057861E3
4.449574973E1,1.022104980E3
4.459573793E1,1.022035400E3
4.469572616E1,1.021962891E3
4.479571440E1,1.022096436E3
4.489570260E1,1.022178223E3
4.499569070E1,1.022101562E3
4.509567870E1,1.022026855E3
4.519566660E1,1.022034668E3
4.529565460E1,1.022037109E3
4.539564283E1,1.021992920E3
4.549563106E1,1.021954590E3
4.559561926E1,1.022181885E3
4.569560746E1,1.022155518E3
4.579559570E1,1.022034180E3
4.589558396E1,1.021988281E3
4.599557213E1,1.022016113E3
4.609556033E1,1.022008057E3
4.619554843E1,1.021935791E3
4.629553653E1,1.021946533E3
4.639552473E1,1.022065186E3
4.649551296E1,1.022055908E3
4.659550109E1,1.022005127E3
4.669548929E1,1.022017822E3
4.679547753E1,1.022098877E3
4.689546576E1,1.022057861E3
4.699545396E1,1.021980957E3
4.709541573E1,1.021970459E3
4.719540379E1,1.022216553E3
4.729539166E1,1.022094482E3
4.739537953E1,1.021986084E3
4.749536773E1,1.022026123E3
4.759535593E1,1.021990723E3
4.769534409E1,1.021896729E3
4.779533222E1,1.021915283E3
4.789532042E1,1.022023926E3
4.799530862E1,1.022116943E3
4.809529679E1,1.022047607E3
4.819528496E1,1.022021729E3
4.829527306E1,1.022096924E3
4.839526092E1,1.022040283E3
4.849524879E1,1.022009766E3
4.859523679E1,1.022009033E3
4.869522479E1,1.022196045E3
4.879521276E1,1.022147217E3
4.889520076E1,1.022144775E3
4.899518876E1,1.022103760E3
4.909517676E1,1.022124512E3
4.919516472E1,1.022052734E3
4.929515269E1,1.022126465E3
4.939514062E1,1.022048096E3
4.949512849E1,1.022425781E3
4.959511655E1,1.022292725E3
4.969510479E1,1.022193115E3
4.979509299E1,1.022121826E3
4.989508125E1,1.022088135E3
4.999506948E1,1.022110596E3
5.009505772E1,1.022014648E3
5.019504595E1,1.022008545E3
5.029503415E1,1.022103760E3
5.039502242E1,1.022220703E3
5.049501028E1,1.022116211E3
5.059499818E1,1.022025391E3
5.069498632E1,1.022082764E3
5.079497455E1,1.022048096E3
5.089496281E1,1.021986572E3
5.099495101E1,1.022019287E3
5.109493921E1,1.022066162E3
5.119492745E1,1.022052979E3
5.129491565E1,1.021967529E3
5.139490391E1,1.021983154E3
5.149489211E1,1.022000000E3
5.159488021E1,1.021988281E3
5.169486831E1,1.021898438E3
5.179485655E1,1.021883545E3
5.189484475E1,1.022163086E3
5.199483295E1,1.022083740E3
5.209482115E1,1.021985840E3
5.219480938E1,1.022011963E3
5.229479761E1,1.021957764E3
5.239478581E1,1.021927246E3
5.249477401E1,1.021897217E3
5.259476204E1,1.022240967E3
5.269474991E1,1.022262451E3
5.279473781E1,1.022148438E3
5.289472601E1,1.022094971E3
5.299471418E1,1.022140625E3
5.309470234E1,1.022048096E3
5.319469054E1,1.021954102E3
5.329467874E1,1.021942627E3
5.339466694E1,1.022189453E3
5.349465514E1,1.022134521E3
5.359464351E1,1.022118164E3
5.369463148E1,1.022129639E3
5.379461934E1,1.022231689E3
5.389460724E1,1.022103271E3
5.399459524E1,1.022043701E3
5.409458324E1,1.022219971E3
5.419457124E1,1.022239258E3
5.429455921E1,1.022139404E3
5.439465899E1,1.022076172E3
5.449464699E1,1.022098633E3
5.459463496E1,1.022063477E3
5.469462292E1,1.021942627E3
5.479461079E1,1.021969727E3
5.489459869E1,1.021969727E3
5.499458682E1,1.022175049E3
5.509457502E1,1.022090332E3
5.519456319E1,1.022090332E3
5.529455135E1,1.022108398E3
5.539453952E1,1.022041504E3
5.549452768E1,1.022041504E3
5.559451585E1,1.022056396E3
5.569450402E1,1.022182617E3
5.579449215E1,1.022182617E3
5.589448002E1,1.022024170E3
5.599446788E1,1.022031494E3
5.609445588E1,1.022031494E3
5.619444385E1,1.022064209E3
5.629443181E1,1.021993652E3
5.639441978E1,1.021993652E3
5.649440778E1,1.022212891E3
5.659439558E1,1.022105957E3
5.669438355E1,1.022105957E3
5.679437151E1,1.022078369E3
5.689435948E1,1.022064941E3
5.699434734E1,1.022064941E3
5.709433534E1,1.021990723E3
5.719432354E1,1.022034180E3
5.729431178E1,1.022034180E3
5.739429998E1,1.022074951E3
5.749428818E1,1.022092773E3
5.759427641E1,1.022092773E3
5.769426464E1,1.022096924E3
5.779425284E1,1.022055176E3
5.789424104E1,1.022055176E3
5.799422901E1,1.022033691E3
5.809421691E1,1.022324463E3
5.819420501E1,1.022324463E3
5.829419324E1,1.022097656E3
5.839418148E1,1.022082764E3
5.849416971E1,1.022082764E3
5.859415791E1,1.021945801E3
5.869414614E1,1.021971191E3
5.879413437E1,1.021971191E3
5.889412254E1,1.022102295E3
5.899411074E1,1.022061768E3
5.909409884E1,1.022061768E3
5.919408694E1,1.022083008E3
5.929407517E1,1.022010010E3
5.939406341E1,1.022010010E3
5.949405161E1,1.021999756E3
5.959403981E1,1.022141113E3
5.969402804E1,1.022141113E3
5.979401627E1,1.022006836E3
5.989400447E1,1.022052490E3
5.999399267E1,1.022052490E3
6.009398074E1,1.021954834E3
6.019396860E1,1.021940674E3
6.029395647E1,1.021940674E3
6.039394464E1,1.022143311E3
6.049393287E1,1.022101562E3
6.059392107E1,1.022101562E3
6.069390927E1,1.022131348E3
6.079389750E1,1.022059570E3
6.089388574E1,1.022059570E3
6.099387394E1,1.022045166E3
6.109386214E1,1.022275391E3
6.119385017E1,1.022275391E3
6.129383807E1,1.022067871E3
6.139382597E1,1.022036133E3
6.149381423E1,1.022036133E3
6.159375329E1,1.022049072E3
6.169374149E1,1.021989502E3
6.179372969E1,1.021989502E3
6.189371796E1,1.022355957E3
6.199370619E1,1.022242188E3
6.209369439E1,1.022242188E3
6.219368259E1,1.022074463E3
6.229367069E1,1.022092529E3
6.239365879E1,1.022092529E3
6.249364693E1,1.022034668E3
6.259363516E1,1.022024658E3
6.269362336E1,1.022024658E3
6.279361156E1,1.022234619E3
6.289359976E1,1.022089355E3
6.299358799E1,1.022089355E3
6.309357622E1,1.022150146E3
6.319356442E1,1.022048096E3
6.329355262E1,1.022048096E3
6.339354056E1,1.022038574E3
6.349352842E1,1.022335693E3
6.359351652E1,1.022335693E3
6.369350472E1,1.022127930E3
6.379349289E1,1.022121826E3
6.389348106E1,1.022121826E3
6.399346922E1,1.021997314E3
6.409345742E1,1.021958984E3
6.419344559E1,1.021958984E3
6.429343375E1,1.022124756E3
6.439342192E1,1.022064453E3
6.449340975E1,1.022064453E3
6.459339762E1,1.022058838E3
6.469338562E1,1.022154297E3
6.479337362E1,1.022154297E3
6.489336158E1,1.021961426E3
6.499334955E1,1.021998779E3
6.509333755E1,1.021998779E3
6.519332555E1,1.022196533E3
6.529331352E1,1.022101318E3
6.539330148E1,1.022101318E3
6.549328945E1,1.022095459E3
6.559327731E1,1.021964111E3
6.569326531E1,1.021964111E3
6.579325355E1,1.021987061E3
6.589324178E1,1.022279541E3
6.599323001E1,1.022279541E3
6.609321821E1,1.022164795E3
6.619320645E1,1.022174316E3
6.629319468E1,1.022174316E3
6.639318288E1,1.022111328E3
6.649317108E1,1.022053467E3
6.659315908E1,1.022053467E3
6.669314698E1,1.022255371E3
6.679313524E1,1.022066406E3
6.689312348E1,1.022066406E3
6.699311174E1,1.022073975E3
6.709309994E1,1.021936035E3
6.719308814E1,1.021936035E3
6.729307638E1,1.022018066E3
6.739306458E1,1.022165771E3
6.749305278E1,1.022165771E3
6.759304098E1,1.022110840E3
6.769302908E1,1.022057129E3
6.779301718E1,1.022057129E3
6.789300534E1,1.021931396E3
6.799299361E1,1.022019287E3
6.809298181E1,1.022019287E3
6.819297001E1,1.022130859E3
6.829295824E1,1.022062988E3
6.839294658E1,1.022062988E3
6.849293478E1,1.022046387E3
6.859292298E1,1.021956787E3
6.869291104E1,1.021956787E3
6.879289891E1,1.022005859E3
6.889289648E1,1.022225098E3
6.899288465E1,1.022225098E3
6.909287285E1,1.022112305E3
6.919286101E1,1.021986572E3
6.929284918E1,1.021986572E3
6.939283738E1,1.021952393E3
6.949282558E1,1.022068115E3
6.959281374E1,1.022068115E3
6.969280191E1,1.022170654E3
6.979278971E1,1.022117920E3
6.989277758E1,1.022117920E3
6.999276541E1,1.022090576E3
7.009275341E1,1.022017822E3
7.019274141E1,1.022017822E3
7.029272938E1,1.022050049E3
7.039271738E1,1.022336670E3
7.049270538E1,1.022336670E3
7.059269338E1,1.022266602E3
7.069268134E1,1.022060547E3
7.079266931E1,1.022060547E3
7.089265724E1,1.022093262E3
7.099264507E1,1.022258545E3
7.109263314E1,1.022258545E3
7.119262137E1,1.022132568E3
7.129260957E1,1.022230957E3
7.139259767E1,1.022230957E3
7.149258590E1,1.022068359E3
7.159257414E1,1.022013428E3
7.169256237E1,1.022013428E3
7.179255057E1,1.021964600E3
7.189253867E1,1.022226562E3
7.199252657E1,1.022226562E3
7.209251460E1,1.022202637E3
7.219250270E1,1.022045898E3
7.229249094E1,1.022045898E3
7.239247914E1,1.022026855E3
7.249246734E1,1.021966553E3
7.259245554E1,1.021966553E3
7.269244377E1,1.021982666E3
7.279243200E1,1.022224121E3
7.289242020E1,1.022224121E3
7.299240840E1,1.022089600E3
7.309239654E1,1.021973877E3
7.319238464E1,1.021973877E3
7.329237287E1,1.022020264E3
7.339236110E1,1.021948730E3
7.349234937E1,1.021948730E3
7.359233757E1,1.022092773E3
7.369232580E1,1.021912354E3
7.379231403E1,1.021912354E3
7.389230223E1,1.021863525E3
7.399229053E1,1.021903809E3
7.409227857E1,1.021903809E3
7.419226643E1,1.021861572E3
7.429225433E1,1.022092773E3
7.439224253E1,1.022092773E3
7.449223070E1,1.022084229E3
7.459221886E1,1.021983887E3
7.469220703E1,1.021983887E3
7.479219520E1,1.021986816E3
7.489218353E1,1.021910889E3
7.499217170E1,1.021910889E3
7.509215973E1,1.021961182E3
7.519214780E1,1.022132568E3
7.529213566E1,1.022132568E3
7.539212369E1,1.022028564E3
7.549211176E1,1.021994629E3
7.559209976E1,1.021994629E3
7.569208779E1,1.021969482E3
7.579207579E1,1.021995361E3
7.589206379E1,1.021995361E3
7.599205179E1,1.022209473E3
7.609203973E1,1.022097168E3
7.619200194E1,1.022041016E3
7.629198980E1,1.022043213E3
7.639197767E1,1.022024658E3
7.649196573E1,1.021944092E3
7.659195393E1,1.021966309E3
7.669194217E1,1.022097656E3
7.679193033E1,1.022045654E3
7.689191846E1,1.022047119E3
7.699190657E1,1.022036133E3
7.709189473E1,1.022065918E3
7.719188296E1,1.021988037E3
7.729187110E1,1.021913330E3
7.739185896E1,1.021941895E3
7.749184683E1,1.022112549E3
7.759183483E1,1.022089111E3
7.769182290E1,1.022021484E3
7.779181090E1,1.022028076E3
7.789179870E1,1.022026367E3
7.799178670E1,1.021913086E3
7.809177470E1,1.021922852E3
7.819176266E1,1.022136475E3
7.829175063E1,1.022115479E3
7.839173846E1,1.022022217E3
7.849172626E1,1.021982422E3
7.859171426E1,1.021984619E3
7.869170249E1,1.021920654E3
7.879169069E1,1.021849121E3
7.889167889E1,1.021894775E3
7.899166709E1,1.022132324E3
7.909165533E1,1.022064941E3
7.919164356E1,1.021944336E3
7.929163176E1,1.021938232E3
7.939161996E1,1.021919678E3
7.949160793E1,1.021851074E3
7.959159582E1,1.021859619E3
7.969158386E1,1.022137207E3
7.979157209E1,1.022158691E3
7.989156036E1,1.022050049E3
7.999154856E1,1.022003906E3
8.009153676E1,1.021983398E3
8.019152499E1,1.021983887E3
8.029151322E1,1.021883057E3
8.039150142E1,1.021876709E3
8.049148962E1,1.022200439E3
8.059147769E1,1.022097900E3
8.069146579E1,1.022020752E3
8.079145402E1,1.021984619E3
8.089144226E1,1.022035889E3
8.099143046E1,1.021972900E3
8.109141862E1,1.021944824E3
8.119140685E1,1.021924561E3
8.129139509E1,1.022126953E3
8.139138329E1,1.022202881E3
8.149137149E1,1.022109131E3
8.159135959E1,1.022067871E3
8.169134745E1,1.022103760E3
8.179133532E1,1.022239014E3
8.189132348E1,1.022083740E3
8.199131172E1,1.022071777E3
8.209129992E1,1.022333252E3
8.219128812E1,1.022191406E3
8.229127635E1,1.022155762E3
8.239126458E1,1.022205566E3
8.249125278E1,1.022150146E3
8.259124098E1,1.022054688E3
8.269122908E1,1.022000732E3
8.279121698E1,1.022122803E3
8.289120488E1,1.022163574E3
8.299119308E1,1.022058594E3
8.309118128E1,1.022082764E3
8.319116948E1,1.022051514E3
8.329115768E1,1.022014648E3
8.339112370E1,1.021997559E3
8.349111194E1,1.022014404E3
8.359110017E1,1.022431641E3
8.369108837E1,1.022150146E3
8.379107647E1,1.022120117E3
8.389106457E1,1.022128906E3
8.399105270E1,1.022220947E3
8.409104097E1,1.022097900E3
8.419102917E1,1.022054199E3
8.429101737E1,1.022274658E3
8.439100560E1,1.022179688E3
8.449099383E1,1.022084473E3
8.459098203E1,1.022074707E3
8.469097043E1,1.022077637E3
8.479095863E1,1.022058105E3
8.489094657E1,1.022008301E3
8.499093447E1,1.022042969E3
8.509092257E1,1.022340332E3
8.519091077E1,1.022127686E3
8.529089893E1,1.022034668E3
8.539088710E1,1.022070801E3
8.549087526E1,1.022022461E3
8.559086346E1,1.021933594E3
8.569085163E1,1.021941406E3
8.579083980E1,1.022006592E3
8.589082796E1,1.022065430E3
8.599081586E1,1.022110840E3
8.609080376E1,1.022116943E3
8.619079180E1,1.022123047E3
8.629077980E1,1.022090088E3
8.639076780E1,1.021995850E3
8.649075576E1,1.022005859E3
8.659074376E1,1.022465820E3
8.669073176E1,1.022268555E3
8.679071969E1,1.022113281E3
8.689070766E1,1.022055664E3
8.699069563E1,1.021936523E3
8.709068349E1,1.021905518E3
8.719067139E1,1.021998779E3
8.729065959E1,1.021990479E3
8.739064776E1,1.022194336E3
8.749063592E1,1.022122559E3
8.759062409E1,1.022083984E3
8.769061209E1,1.022173828E3
8.779060029E1,1.022048096E3
8.789058846E1,1.022002930E3
8.799057659E1,1.022142578E3
8.809056452E1,1.022236572E3
8.819055242E1,1.022139648E3
8.829054036E1,1.022062744E3
8.839052836E1,1.022039062E3
8.849051636E1,1.022000977E3
8.859050452E1,1.021940430E3
8.869049249E1,1.021962158E3
8.879048049E1,1.022203857E3
8.889046849E1,1.022213135E3
8.899045645E1,1.022112061E3
8.909044442E1,1.022084473E3
8.919043225E1,1.022031982E3
8.929042012E1,1.022012695E3
8.939040822E1,1.022078613E3
8.949039645E1,1.022212402E3
8.959038465E1,1.022205811E3
8.969037285E1,1.022153076E3
8.979036112E1,1.022138672E3
8.989034935E1,1.022129150E3
8.999033752E1,1.022114014E3
9.009032572E1,1.022034424E3
9.019031392E1,1.022026611E3
9.029030182E1,1.022191406E3
9.039028972E1,1.022272705E3
9.049027795E1,1.022164795E3
9.059026615E1,1.022081055E3
9.069028939E1,1.022157959E3
9.079027766E1,1.022078369E3
9.089026586E1,1.022026123E3
9.099025409E1,1.022145752E3
9.109024232E1,1.022194824E3
9.119023049E1,1.022123535E3
9.129021862E1,1.022033936E3
9.139020672E1,1.021986572E3
9.149019482E1,1.022046143E3
9.159018285E1,1.022000488E3
9.169017109E1,1.022010986E3
9.179015929E1,1.022410889E3
9.189014749E1,1.022339355E3
9.199013572E1,1.022161865E3
9.209012395E1,1.022051025E3
9.219011215E1,1.022004639E3
9.229010035E1,1.022107910E3
9.239008832E1,1.022015625E3
9.249007618E1,1.021966064E3
9.259006425E1,1.022170654E3
9.269005248E1,1.022175781E3
9.279004068E1,1.022102783E3
9.289002888E1,1.022007324E3
9.299001715E1,1.022000000E3
9.309000538E1,1.022075684E3
9.318999358E1,1.021995605E3
9.328998178E1,1.022017334E3
9.338996998E1,1.022033691E3
9.348995785E1,1.022160645E3
9.358994578E1,1.022146240E3
9.368993388E1,1.022050049E3
9.378992201E1,1.022026123E3
9.388991025E1,1.022004639E3
9.398989845E1,1.021842529E3
9.408988665E1,1.021891602E3
9.418987491E1,1.021919678E3
9.428986315E1,1.022168945E3
9.438985131E1,1.022068604E3
9.448983951E1,1.022015869E3
9.458982761E1,1.022056152E3
9.468981571E1,1.021955322E3
9.478980394E1,1.021961182E3
9.488979218E1,1.022198975E3
9.498978038E1,1.022236084E3
9.508976858E1,1.022212158E3
9.518975681E1,1.022104736E3
9.528974504E1,1.022055176E3
9.538973324E1,1.022025146E3
9.548972144E1,1.022013916E3
9.558970948E1,1.022059570E3
9.568969731E1,1.022113281E3
9.578968521E1,1.022217285E3
9.588967341E1,1.022125000E3
9.598966158E1,1.022078857E3
9.608964974E1,1.022053467E3
9.618963791E1,1.021948486E3
9.628962611E1,1.021989746E3
9.638961431E1,1.022235840E3
9.648960251E1,1.022218262E3
9.658959064E1,1.022226562E3
9.668957874E1,1.022148682E3
9.678956664E1,1.022093994E3
9.688955451E1,1.022106201E3
9.698954251E1,1.022047852E3
9.708953051E1,1.022056396E3
9.718951844E1,1.022165283E3
9.728950641E1,1.022315430E3
9.738949451E1,1.022189453E3
9.748948251E1,1.022125244E3
9.758947051E1,1.022094482E3
9.768945847E1,1.022107910E3
9.778944634E1,1.022072266E3
9.788943420E1,1.022111084E3
9.798940804E1,1.022181641E3
9.808939630E1,1.022266113E3
9.818938450E1,1.022177002E3
9.828937270E1,1.022109619E3
9.838936094E1,1.022087891E3
9.848934917E1,1.022009766E3
9.858933737E1,1.022043945E3
9.868932560E1,1.022179932E3
9.878931380E1,1.022197021E3
9.888930170E1,1.022267578E3
9.898928960E1,1.022153076E3
9.908927777E1,1.022094727E3
9.918926600E1,1.022040283E3
9.928925420E1,1.021975098E3
9.938924240E1,1.022050781E3
9.948923063E1,1.022137939E3
9.958921890E1,1.022249512E3
9.968920700E1,1.022143799E3
9.978919520E1,1.022052246E3
9.988918340E1,1.022039795E3
9.998917150E1,1.022012939E3
1.000891596E2,1.022034668E3
1.001891478E2,1.022085205E3
1.002891361E2,1.022107422E3
1.003891242E2,1.022253906E3
1.004891124E2,1.022138184E3
1.005891006E2,1.022082031E3
1.006890888E2,1.022083252E3
1.007890770E2,1.021989014E3
1.008890652E2,1.022001221E3
1.009890532E2,1.022069580E3
1.010890410E2,1.022098633E3
1.011890290E2,1.022223145E3
1.012890172E2,1.022117188E3
1.013890054E2,1.022067627E3
1.014889936E2,1.022139893E3
1.015889818E2,1.022039551E3
1.016889700E2,1.022018555E3
1.017889582E2,1.022013672E3
1.018889463E2,1.022171143E3
1.019889346E2,1.022140869E3
1.020889225E2,1.022051758E3
1.021889104E2,1.022051758E3
1.022888984E2,1.021953613E3
1.023888864E2,1.021968506E3
1.024888744E2,1.022187012E3
1.025888624E2,1.022158691E3
1.026888504E2,1.022276855E3
1.027888384E2,1.022252197E3
1.028888264E2,1.022100586E3
1.029888144E2,1.022081299E3
1.030888024E2,1.022147461E3
1.031887902E2,1.022128906E3
1.032887781E2,1.022231934E3
1.033887663E2,1.022175049E3
1.034887545E2,1.022237305E3
1.035887427E2,1.022170166E3
1.036887309E2,1.022100098E3
1.037887190E2,1.022130127E3
1.038887072E2,1.022035400E3
1.039886955E2,1.022119141E3
1.040886836E2,1.022123291E3
1.041886717E2,1.022066895E3
1.042886595E2,1.022044922E3
1.043886474E2,1.022054443E3
1.044886354E2,1.022020020E3
1.045886234E2,1.021959473E3
1.046886114E2,1.021991211E3
1.047885993E2,1.022027588E3
1.048885873E2,1.022061035E3
1.049885753E2,1.022092285E3
1.050885633E2,1.022128662E3
1.051885512E2,1.022151367E3
1.052885391E2,1.022103516E3
1.053885211E2,1.022116211E3
1.054885092E2,1.022426514E3
1.055884974E2,1.022307129E3
1.056884856E2,1.022162354E3
1.057884738E2,1.022135986E3
1.058884621E2,1.022099121E3
1.059884503E2,1.022040283E3
1.060884385E2,1.022027100E3
1.061884268E2,1.022038574E3
1.062884150E2,1.022069336E3
1.063884029E2,1.022110107E3
1.064883908E2,1.022124268E3
1.065883789E2,1.022083252E3
1.066883671E2,1.022084229E3
1.067883554E2,1.022185059E3
1.068883436E2,1.022246338E3
1.069883318E2,1.022272461E3
1.070883200E2,1.022194580E3
1.071883082E2,1.022184326E3
1.072882964E2,1.022114258E3
1.073882846E2,1.022048584E3
1.074882727E2,1.022280762E3
1.075882609E2,1.022240234E3
1.076882491E2,1.022189697E3
1.077882373E2,1.022086182E3
1.078882255E2,1.022029053E3
1.079882137E2,1.022011719E3
1.080882019E2,1.022051270E3
1.081881901E2,1.022189941E3
1.082881783E2,1.022215820E3
1.083881665E2,1.022181885E3
1.084881546E2,1.022171875E3
1.085881424E2,1.022175537E3
1.086881304E2,1.022024658E3
1.087881186E2,1.021979492E3
1.088881068E2,1.022320312E3
1.089880950E2,1.022376709E3
1.090880832E2,1.022268311E3
1.091880714E2,1.022268311E3
1.092880596E2,1.022097168E3
1.093880478E2,1.022029785E3
1.094880360E2,1.022029785E3
1.095880241E2,1.022061523E3
1.096880120E2,1.022187012E3
1.097880000E2,1.022187012E3
1.098879882E2,1.022228027E3
1.099879765E2,1.022163330E3
1.100879647E2,1.022163330E3
1.101879529E2,1.022125488E3
1.102879411E2,1.022048584E3
1.103879294E2,1.022048584E3
1.104879176E2,1.022171387E3
1.105879058E2,1.022204834E3
1.106878939E2,1.022204834E3
1.107878820E2,1.022082031E3
1.108878702E2,1.022089844E3
1.109878584E2,1.022089844E3
1.110878466E2,1.022011230E3
1.111878348E2,1.022098877E3
1.112878230E2,1.022098877E3
1.113878112E2,1.022105713E3
1.114877994E2,1.022023682E3
1.115877876E2,1.022023682E3
1.116877758E2,1.022024658E3
1.117877637E2,1.022004395E3
1.118877515E2,1.022004395E3
1.119877398E2,1.021996094E3
1.120877280E2,1.022031250E3
1.121877161E2,1.022031250E3
1.122877043E2,1.022120117E3
1.123876925E2,1.022119141E3
1.124876807E2,1.022119141E3
1.125876777E2,1.022014160E3
1.126876659E2,1.022000244E3
1.127876540E2,1.022000244E3
1.128876418E2,1.022165039E3
1.129876296E2,1.022059814E3
1.130876176E2,1.022059814E3
1.131876056E2,1.022014160E3
1.132875936E2,1.022041992E3
1.133875816E2,1.022041992E3
1.134875696E2,1.021960205E3
1.135875576E2,1.022036133E3
1.136875455E2,1.022036133E3
1.137875335E2,1.022025635E3
1.138875214E2,1.022031494E3
1.139875093E2,1.022031494E3
1.140874974E2,1.022050537E3
1.141874856E2,1.021979492E3
1.142874738E2,1.021979492E3
1.143874620E2,1.021933105E3
1.144874502E2,1.022216797E3
1.145874385E2,1.022216797E3
1.146874267E2,1.022060059E3
1.147874149E2,1.022132080E3
1.148874031E2,1.022132080E3
1.149873909E2,1.022039062E3
1.150873788E2,1.021954834E3
1.151873669E2,1.021954834E3
1.152873552E2,1.022112061E3
1.153873434E2,1.022072754E3
1.154873316E2,1.022072754E3
1.155873198E2,1.022212646E3
1.156873080E2,1.022121338E3
1.157872962E2,1.022121338E3
1.158872844E2,1.021946289E3
1.159872726E2,1.021987793E3
1.160872607E2,1.021987793E3
1.161872488E2,1.022144287E3
1.162872370E2,1.022080322E3
1.163872253E2,1.022080322E3
1.164872135E2,1.022085205E3
1.165872017E2,1.022066895E3
1.166871899E2,1.022066895E3
1.167871781E2,1.021989990E3
1.168871663E2,1.022230469E3
1.169871546E2,1.022230469E3
1.170871426E2,1.022208496E3
1.171871305E2,1.022137451E3
1.172871183E2,1.022137451E3
1.173871065E2,1.021989746E3
1.174870947E2,1.022004639E3
1.175870829E2,1.022004639E3
1.176870711E2,1.022010986E3
1.177870593E2,1.022143555E3
1.178870474E2,1.022143555E3
1.179870356E2,1.022097656E3
1.180870237E2,1.022015137E3
1.181870117E2,1.022015137E3
1.182869998E2,1.021938721E3
1.183869877E2,1.021952637E3
1.184869757E2,1.021952637E3
1.185869637E2,1.022054199E3
1.186869517E2,1.022081787E3
1.187869397E2,1.022081787E3
1.188869277E2,1.022086914E3
1.189869157E2,1.022053711E3
1.190869036E2,1.022053711E3
1.191868916E2,1.022258545E3
1.192868795E2,1.022219482E3
1.193868673E2,1.022219482E3
1.194868556E2,1.022179688E3
1.195868438E2,1.022109375E3
1.196868320E2,1.022109375E3
1.197868202E2,1.022092529E3
1.198868267E2,1.022200928E3
1.199868149E2,1.022200928E3
1.200868031E2,1.022131104E3
1.201867913E2,1.022058594E3
1.202867795E2,1.022058594E3
1.203867674E2,1.022020508E3
1.204867553E2,1.022155273E3
1.205867435E2,1.022155273E3
1.206867317E2,1.022111816E3
1.207867199E2,1.022068848E3
1.208867081E2,1.022068848E3
1.209866963E2,1.022064697E3
1.210866846E2,1.021945068E3
1.211866728E2,1.021945068E3
1.212866608E2,1.021996582E3
1.213866489E2,1.022185791E3
1.214866370E2,1.022185791E3
1.215866251E2,1.022099365E3
1.216866134E2,1.022053467E3
1.217866016E2,1.022053467E3
1.218865898E2,1.021979492E3
1.219865780E2,1.022063477E3
1.220865662E2,1.022063477E3
1.221865545E2,1.022157715E3
1.222865427E2,1.022054688E3
1.223865309E2,1.022054688E3
1.224865187E2,1.022054443E3
1.225865066E2,1.021992188E3
1.226864946E2,1.021992188E3
1.227864828E2,1.021930664E3
1.228864710E2,1.022096680E3
1.229864591E2,1.022096680E3
1.230864473E2,1.022077637E3
1.231864355E2,1.021981445E3
1.232864237E2,1.021981445E3
1.233864118E2,1.021980713E3
1.234864000E2,1.021962158E3
1.235863879E2,1.021962158E3
1.236863758E2,1.022020020E3
1.237863638E2,1.022108154E3
1.238863518E2,1.022108154E3
1.239863398E2,1.022049072E3
1.240863277E2,1.022051758E3
1.241863157E2,1.022051758E3
1.242863037E2,1.022089355E3
1.243862917E2,1.022001709E3
1.244862797E2,1.022001709E3
1.245862677E2,1.022312500E3
1.246862555E2,1.022005859E3
1.247862434E2,1.022005859E3
1.248862316E2,1.022053711E3
1.249862198E2,1.022038086E3
1.250862080E2,1.022038086E3
1.251861961E2,1.021976807E3
1.252861843E2,1.022234619E3
1.253861725E2,1.022234619E3
1.254861607E2,1.022094482E3
1.255861488E2,1.022119141E3
1.256861369E2,1.022119141E3
1.257861248E2,1.022052246E3
1.258861126E2,1.021922363E3
1.259861006E2,1.021922363E3
1.260860886E2,1.022219727E3
1.261860767E2,1.022084961E3
1.262860647E2,1.022084961E3
1.263860527E2,1.022130859E3
1.264860407E2,1.022025635E3
1.265860287E2,1.022025635E3
1.266860166E2,1.021986572E3
1.267860045E2,1.022086914E3
1.268859924E2,1.022086914E3
1.269859805E2,1.022067627E3
1.270859687E2,1.022122803E3
1.271859183E2,1.022122803E3
1.272859065E2,1.022102783E3
1.273858947E2,1.022009766E3
1.274858830E2,1.022009766E3
1.275858712E2,1.022072998E3
1.276858594E2,1.022025635E3
1.277858477E2,1.022025635E3
1.278858355E2,1.022032959E3
1.279858234E2,1.022074463E3
1.280858116E2,1.022074463E3
1.281857998E2,1.021973145E3
1.282857881E2,1.022080566E3
1.283857763E2,1.022080566E3
1.284857645E2,1.022038818E3
1.285857527E2,1.022065674E3
1.286857409E2,1.022065674E3
1.287857292E2,1.022057373E3
1.288857174E2,1.021964355E3
1.289857055E2,1.021964355E3
1.290856936E2,1.021978271E3
1.291856817E2,1.022211182E3
1.292856700E2,1.022211182E3
1.293856581E2,1.022104004E3
1.294856464E2,1.022115234E3
1.295856346E2,1.022115234E3
1.296856228E2,1.021988281E3
1.297856111E2,1.022408203E3
1.298855993E2,1.022408203E3
1.299855873E2,1.022214844E3
1.300855752E2,1.022119385E3
1.301855631E2,1.022112305E3
1.302855514E2,1.022122070E3
1.303855396E2,1.022050293E3
1.304855278E2,1.021965576E3
1.305855160E2,1.022000488E3
1.306855043E2,1.022290771E3
1.307854925E2,1.022143555E3
1.308854807E2,1.022070068E3
1.309854689E2,1.022044189E3
1.310854569E2,1.021955811E3
1.311854448E2,1.021923340E3
1.312854327E2,1.021925781E3
1.313854210E2,1.022129883E3
1.314854092E2,1.022182373E3
1.315853974E2,1.022166992E3
1.316853856E2,1.022149902E3
1.317853738E2,1.022199219E3
1.318853621E2,1.022066162E3
1.319853503E2,1.022016602E3
1.320853385E2,1.022083008E3
1.321853266E2,1.022142822E3
1.322853147E2,1.022094727E3
1.323853029E2,1.022074463E3
1.324852911E2,1.022090576E3
1.325852793E2,1.022046387E3
1.326852675E2,1.021972168E3
1.327852557E2,1.021907227E3
1.328852440E2,1.021963379E3
1.329852324E2,1.022300293E3
1.330852206E2,1.022159424E3
1.331852088E2,1.022096191E3
1.332851966E2,1.022142578E3
1.333851845E2,1.022134277E3
1.334851726E2,1.021987549E3
1.335851608E2,1.021926514E3
1.336851490E2,1.022343018E3
1.337851372E2,1.022162354E3
1.338851253E2,1.022064697E3
1.339851135E2,1.022107666E3
1.340851017E2,1.022092773E3
1.341850899E2,1.022122559E3
1.342850780E2,1.022043457E3
1.343850658E2,1.021981934E3
1.344850984E2,1.022154541E3
1.345850864E2,1.022024658E3
1.346850744E2,1.021957764E3
1.347850624E2,1.021941895E3
1.348850503E2,1.022022705E3
1.349850383E2,1.021984375E3
1.350850263E2,1.021843994E3
1.351850143E2,1.021843750E3
1.352850023E2,1.022160400E3
1.353849902E2,1.022066895E3
1.354849780E2,1.022027832E3
1.355849661E2,1.022029541E3
1.356849543E2,1.022077637E3
1.357849425E2,1.022014160E3
1.358849307E2,1.021962646E3
1.359849187E2,1.022201904E3
1.360849070E2,1.022197021E3
1.361848952E2,1.022175293E3
1.362848834E2,1.022093750E3
1.363848716E2,1.022088867E3
1.364848595E2,1.022130859E3
1.365848476E2,1.022078369E3
1.366848357E2,1.021958496E3
1.367848239E2,1.022153076E3
1.368848121E2,1.022125488E3
1.369848003E2,1.022074219E3
1.370847885E2,1.022033691E3
1.371847768E2,1.022091797E3
1.372847650E2,1.022073730E3
1.373847532E2,1.022017822E3
1.374847414E2,1.022005615E3
1.375847295E2,1.022205078E3
1.376847176E2,1.022152344E3
1.377847059E2,1.022085449E3
1.378846941E2,1.022066162E3
1.379846823E2,1.022040283E3
1.380846705E2,1.022029541E3
1.381846587E2,1.021970703E3
1.382846470E2,1.021983154E3
1.383846352E2,1.022167480E3
1.384846234E2,1.022210693E3
1.385846114E2,1.022108643E3
1.386845993E2,1.022073242E3
1.387845871E2,1.022164551E3
1.388845753E2,1.022030029E3
1.389845635E2,1.021975586E3
1.390845518E2,1.022028076E3
1.391845399E2,1.022298828E3
1.392845281E2,1.022158936E3
1.393845163E2,1.022120605E3
1.394845044E2,1.022056885E3
1.395844924E2,1.021937500E3
1.396844804E2,1.021946777E3
1.397844683E2,1.021993652E3
1.398844562E2,1.022343262E3
1.399844442E2,1.022277344E3
1.400844322E2,1.022187500E3
1.401844202E2,1.022139648E3
1.402844082E2,1.022097168E3
1.403843962E2,1.022072021E3
1.404843842E2,1.021950195E3
1.405843721E2,1.022089600E3
1.406843601E2,1.022280762E3
1.407843480E2,1.022200195E3
1.408843358E2,1.022125244E3
1.409843239E2,1.022106445E3
1.410843122E2,1.022096680E3
1.411843004E2,1.021990234E3
1.412842886E2,1.022001221E3
1.413842768E2,1.022029541E3
1.414842650E2,1.022188477E3
1.415842532E2,1.022151123E3
1.416842414E2,1.022062988E3
1.417842492E2,1.022057861E3
1.418842371E2,1.022032227E3
1.419842250E2,1.021930664E3
1.420842131E2,1.021962646E3
1.421842013E2,1.022031006E3
1.422841895E2,1.022052490E3
1.423841778E2,1.022029297E3
1.424841660E2,1.022011719E3
1.425841542E2,1.021994629E3
1.426841424E2,1.021918701E3
1.427841306E2,1.021922607E3
1.428841188E2,1.021986084E3
1.429841069E2,1.022037598E3
1.430840950E2,1.022082520E3
1.431840832E2,1.022060791E3
1.432840714E2,1.022096191E3
1.433840596E2,1.022144043E3
1.434840478E2,1.022059570E3
1.435840360E2,1.021982422E3
1.436840243E2,1.022040771E3
1.437840125E2,1.022335693E3
1.438840007E2,1.022205566E3
1.439839887E2,1.022112061E3
1.440839766E2,1.022107178E3
1.441839646E2,1.022101807E3
1.442839529E2,1.022000000E3
1.443839410E2,1.021968018E3
1.444839292E2,1.022151611E3
1.445839174E2,1.022147949E3
1.446839056E2,1.022028076E3
1.447838938E2,1.021997314E3
1.448838819E2,1.022040771E3
1.449838701E2,1.022091064E3
1.450838580E2,1.022024658E3
1.451838459E2,1.022035645E3
1.452838338E2,1.022126953E3
1.453838218E2,1.022302734E3
1.454838098E2,1.022133789E3
1.455837978E2,1.022059570E3
1.456837858E2,1.022065674E3
1.457837738E2,1.022004883E3
1.458837618E2,1.021984131E3
1.459837498E2,1.021992188E3
1.460837378E2,1.022209961E3
1.461837256E2,1.022250488E3
1.462837135E2,1.022134521E3
1.463837018E2,1.022044434E3
1.464836900E2,1.022051758E3
1.465836781E2,1.022043213E3
1.466836663E2,1.021957031E3
1.467836544E2,1.021906738E3
1.468836426E2,1.022069580E3
1.469836308E2,1.022113525E3
1.470836190E2,1.022063477E3
1.471836070E2,1.022028076E3
1.472835948E2,1.022031738E3
1.473835827E2,1.022051025E3
1.474835707E2,1.021995361E3
1.475835587E2,1.022005859E3
1.476835467E2,1.022129150E3
1.477835346E2,1.022156006E3
1.478835226E2,1.022111084E3
1.479835106E2,1.022092285E3
1.480834986E2,1.022067383E3
1.481834866E2,1.022081055E3
1.482834745E2,1.022019043E3
1.483834624E2,1.022053467E3
1.484834504E2,1.022091797E3
1.485834386E2,1.022117432E3
1.486834268E2,1.022064697E3
1.487834150E2,1.022044189E3
1.488834032E2,1.022064453E3
1.489833915E2,1.021941650E3
1.490833853E2,1.021916992E3
1.491833735E2,1.022228271E3
1.492833617E2,1.022198486E3
1.493833496E2,1.022163574E3
1.494833375E2,1.022101074E3
1.495833256E2,1.022095703E3
1.496833139E2,1.022112305E3
1.497833021E2,1.022041016E3
1.498832903E2,1.021979980E3
1.499832785E2,1.022223633E3
1.500832667E2,1.022295166E3
1.501832550E2,1.022231201E3
1.502832431E2,1.022102295E3
1.503832313E2,1.022066406E3
1.504832194E2,1.022045166E3
1.505832075E2,1.022075195E3
1.506831957E2,1.022014648E3
1.507831839E2,1.022266357E3
1.508831721E2,1.022143066E3
1.509831603E2,1.022075439E3
1.510831486E2,1.022038574E3
1.511831368E2,1.022035645E3
1.512831252E2,1.021982178E3
1.513831134E2,1.021913330E3
1.514831014E2,1.022006348E3
1.515830893E2,1.022080811E3
1.516830772E2,1.022081299E3
1.517830654E2,1.022046387E3
1.518830537E2,1.022020508E3
1.519830418E2,1.022039551E3
1.520830300E2,1.022008057E3
1.521830183E2,1.021870361E3
1.522830065E2,1.021895020E3
1.523829947E2,1.022107910E3
1.524829829E2,1.022002686E3
1.525829709E2,1.021958984E3
1.526829588E2,1.021977295E3
1.527829467E2,1.021958008E3
1.528829350E2,1.021961670E3
1.529829232E2,1.021894531E3
1.530829114E2,1.021931885E3
1.531828996E2,1.022159912E3
1.532828878E2,1.022033691E3
1.533828761E2,1.022015137E3
1.534828643E2,1.021987061E3
1.535828525E2,1.021946533E3
1.536828406E2,1.021939209E3
1.537828287E2,1.021936768E3
1.538828168E2,1.022120605E3
1.539828051E2,1.022041016E3
1.540827933E2,1.021992432E3
1.541827815E2,1.022026367E3
1.542827696E2,1.022068848E3
1.543827578E2,1.022016113E3
1.544827460E2,1.021950928E3
1.545827343E2,1.021914307E3
1.546827225E2,1.021944336E3
1.547827103E2,1.022123535E3
1.548826983E2,1.022041504E3
1.549826864E2,1.022097412E3
1.550826747E2,1.022004639E3
1.551826628E2,1.021926514E3
1.552826510E2,1.021877197E3
1.553826392E2,1.021947510E3
1.554826274E2,1.022323242E3
1.555826156E2,1.022256348E3
1.556826038E2,1.022183594E3
1.557825919E2,1.022184570E3
1.558825798E2,1.022133301E3
1.559825676E2,1.022086670E3
1.560825557E2,1.022014404E3
1.561825437E2,1.022183105E3
1.562825317E2,1.022158447E3
1.563824918E2,1.022057617E3
1.564824798E2,1.021997559E3
1.565824679E2,1.021989502E3
1.566824559E2,1.022021729E3
1.567824438E2,1.021992432E3
1.568824318E2,1.021961914E3
1.569824196E2,1.022036865E3
1.570824076E2,1.022192383E3
1.571823958E2,1.022047119E3
1.572823840E2,1.021999268E3
1.573823722E2,1.021989258E3
1.574823604E2,1.022010498E3
1.575823486E2,1.021981201E3
1.576823368E2,1.021922852E3
1.577823249E2,1.022034668E3
1.578823130E2,1.021996094E3
1.579823009E2,1.021889404E3
1.580822888E2,1.021922363E3
1.581822768E2,1.021964600E3
1.582822648E2,1.021974365E3
1.583822528E2,1.021966064E3
1.584822408E2,1.021920410E3
1.585822288E2,1.021945312E3
1.586822168E2,1.022230469E3
1.587822048E2,1.022046631E3
1.588821927E2,1.022042480E3
1.589821807E2,1.022087891E3
1.590821685E2,1.022009521E3
1.591821564E2,1.021906006E3
1.592821446E2,1.021922607E3
1.593821327E2,1.022182129E3
1.594821209E2,1.022078125E3
1.595821091E2,1.022032227E3
1.596820973E2,1.022083252E3
1.597820856E2,1.022000732E3
1.598820738E2,1.022000732E3
1.599820620E2,1.021982666E3
1.600820501E2,1.021994141E3
1.601820380E2,1.022419922E3
1.602820259E2,1.022190918E3
1.603820141E2,1.022080078E3
1.604820023E2,1.022129395E3
1.605819905E2,1.022073486E3
1.606819787E2,1.021995850E3
1.607819669E2,1.021998291E3
1.608819552E2,1.022154297E3
1.609819434E2,1.022117432E3
1.610819316E2,1.022015869E3
1.611819197E2,1.021987061E3
1.612819078E2,1.022083252E3
1.613818959E2,1.022083252E3
1.614818841E2,1.021927490E3
1.615818724E2,1.021906494E3
1.616818606E2,1.021906494E3
1.617818488E2,1.022098389E3
1.618818370E2,1.022019775E3
1.619818252E2,1.022019775E3
1.620818134E2,1.021939453E3
1.621818016E2,1.021859863E3
1.622817896E2,1.021859863E3
1.623817774E2,1.021992676E3
1.624817656E2,1.022146484E3
1.625817538E2,1.022146484E3
1.626817420E2,1.022045654E3
1.627817302E2,1.022044434E3
1.628817185E2,1.022044434E3
1.629817067E2,1.022001953E3
1.630816949E2,1.021971924E3
1.631816831E2,1.021971924E3
1.632816713E2,1.022111572E3
1.633816592E2,1.022076416E3
1.634816471E2,1.022076416E3
1.635816839E2,1.022118652E3
1.636816721E2,1.022050781E3
1.637816603E2,1.022050781E3
1.638816485E2,1.021966553E3
1.639816368E2,1.022228516E3
1.640816250E2,1.022228516E3
1.641816132E2,1.022020264E3
1.642816014E2,1.022000732E3
1.643815896E2,1.022000732E3
1.644815777E2,1.021984375E3
1.645815658E2,1.021953613E3
1.646815540E2,1.021953613E3
1.647815423E2,1.022192871E3
1.648815305E2,1.022069824E3
1.649815187E2,1.022069824E3
1.650815069E2,1.022163086E3
1.651814951E2,1.022108643E3
1.652814833E2,1.022108643E3
1.653814715E2,1.021938477E3
1.654814594E2,1.022029541E3
1.655814473E2,1.022029541E3
1.656814353E2,1.022027832E3
1.657814235E2,1.022066895E3
1.658814117E2,1.022066895E3
1.659813998E2,1.022128906E3
1.660813880E2,1.022054688E3
1.661813762E2,1.022054688E3
1.662813644E2,1.022437500E3
1.663813526E2,1.022364014E3
1.664813407E2,1.022364014E3
1.665813287E2,1.022178467E3
1.666813166E2,1.022188477E3
1.667813045E2,1.022188477E3
1.668812925E2,1.022067627E3
1.669812805E2,1.022039307E3
1.670812684E2,1.022039307E3
1.671812564E2,1.022199951E3
1.672812444E2,1.022151855E3
1.673812324E2,1.022151855E3
1.674812204E2,1.022173340E3
1.675812083E2,1.022176270E3
1.676811962E2,1.022176270E3
1.677811841E2,1.021954346E3
1.678811723E2,1.022409668E3
1.679811605E2,1.022409668E3
1.680811487E2,1.022153320E3
1.681811369E2,1.022144531E3
1.682811252E2,1.022144531E3
1.683811134E2,1.022092773E3
1.684811016E2,1.022028320E3
1.685810898E2,1.022028320E3
1.686810779E2,1.022014404E3
1.687810658E2,1.022033691E3
1.688810537E2,1.022033691E3
1.689810420E2,1.022049316E3
1.690810302E2,1.022026123E3
1.691810184E2,1.022026123E3
1.692810066E2,1.021971924E3
1.693809948E2,1.022074463E3
1.694809831E2,1.022074463E3
1.695809713E2,1.022043945E3
1.696809455E2,1.022024170E3
1.697809337E2,1.022024170E3
1.698809218E2,1.022054688E3
1.699809099E2,1.022067627E3
1.700808981E2,1.022067627E3
1.701808863E2,1.022218262E3
1.702808745E2,1.022216553E3
1.703808628E2,1.022216553E3
1.704808510E2,1.022076172E3
1.705808392E2,1.022051514E3
1.706808274E2,1.022051514E3
1.707808156E2,1.021954834E3
1.708808035E2,1.022129150E3
1.709807914E2,1.022129150E3
1.710807794E2,1.022151123E3
1.711807676E2,1.022085205E3
1.712807558E2,1.022085205E3
1.713807440E2,1.022042725E3
1.714807322E2,1.022027344E3
1.715807204E2,1.022027344E3
1.716807085E2,1.021992432E3
1.717806967E2,1.022135498E3
1.718806848E2,1.022135498E3
1.719806727E2,1.022102295E3
1.720806606E2,1.022116211E3
1.721806486E2,1.022116211E3
1.722806366E2,1.022080322E3
1.723806245E2,1.022007080E3
1.724806125E2,1.022007080E3
1.725806005E2,1.022261230E3
1.726805885E2,1.022100098E3
1.727805765E2,1.022100098E3
1.728805644E2,1.022132080E3
1.729805524E2,1.022072754E3
1.730805403E2,1.022072754E3
1.731805282E2,1.021930176E3
1.732805164E2,1.022205566E3
1.733805046E2,1.022205566E3
1.734804928E2,1.022119385E3
1.735804810E2,1.022100830E3
1.736804693E2,1.022100830E3
1.737804575E2,1.022053223E3
1.738804457E2,1.021976807E3
1.739804339E2,1.021976807E3
1.740804219E2,1.022034912E3
1.741804098E2,1.022110840E3
1.742803978E2,1.022110840E3
1.743803860E2,1.022084961E3
1.744803742E2,1.022141602E3
1.745803624E2,1.022141602E3
1.746803506E2,1.022068359E3
1.747803388E2,1.021995605E3
1.748803270E2,1.021995605E3
1.749803152E2,1.022080322E3
1.750803034E2,1.022091797E3
1.751802915E2,1.022091797E3
1.752802796E2,1.022120117E3
1.753802678E2,1.022034180E3
1.754802560E2,1.022034180E3
1.755802442E2,1.022060547E3
1.756802324E2,1.022255615E3
1.757802206E2,1.022255615E3
1.758802089E2,1.022131104E3
1.759801972E2,1.022094727E3
1.760801854E2,1.022094727E3
1.761801736E2,1.022018555E3
1.762801614E2,1.021964844E3
1.763801493E2,1.021964844E3
1.764801374E2,1.021992188E3
1.765801256E2,1.022054443E3
1.766801138E2,1.022054443E3
1.767801020E2,1.022003906E3
1.768800902E2,1.022022949E3
1.769800694E2,1.022022949E3
1.770800575E2,1.021923096E3
1.771800457E2,1.022038574E3
1.772800338E2,1.022038574E3
1.773800217E2,1.022036865E3
1.774800096E2,1.022072266E3
1.775799976E2,1.022072266E3
1.776799856E2,1.022124756E3
1.777799736E2,1.022019775E3
1.778799615E2,1.022019775E3
1.779799495E2,1.022035645E3
1.780799375E2,1.022125488E3
1.781799255E2,1.022125488E3
1.782799135E2,1.022126221E3
1.783799014E2,1.022172119E3
1.784798893E2,1.022172119E3
1.785798773E2,1.022027100E3
1.786798655E2,1.022040283E3
1.787798537E2,1.022040283E3
1.788798419E2,1.022021484E3
1.789798301E2,1.022042725E3
1.790798183E2,1.022042725E3
1.791798065E2,1.022079346E3
1.792797947E2,1.022071533E3
1.793797829E2,1.022071533E3
1.794797709E2,1.022012207E3
1.795797588E2,1.022118164E3
1.796797469E2,1.022118164E3
1.797797351E2,1.021975098E3
1.798797233E2,1.022048584E3
1.799797115E2,1.022048584E3
1.800796997E2,1.021975830E3
1.801796879E2,1.021957275E3
1.802796762E2,1.021957275E3
1.803796644E2,1.022172852E3
1.804796526E2,1.022080811E3
1.805796407E2,1.022080811E3
1.806796288E2,1.022087646E3
1.807796171E2,1.022013184E3
1.808796054E2,1.022013184E3
1.809795936E2,1.021911377E3
1.810795818E2,1.022378174E3
1.811795700E2,1.022378174E3
1.812795582E2,1.022218262E3
1.813795465E2,1.022080566E3
1.814795347E2,1.022080566E3
1.815795228E2,1.022042969E3
1.816795106E2,1.021985107E3
1.817794985E2,1.021973877E3
1.818794868E2,1.022020020E3
1.819794749E2,1.022290283E3
1.820794631E2,1.022099121E3
1.821794513E2,1.022060547E3
1.822794395E2,1.022162109E3
1.823794277E2,1.022066406E3
1.824794159E2,1.022028809E3
1.825794040E2,1.021993408E3
1.826793921E2,1.022056641E3
1.827793799E2,1.022163086E3
1.828793679E2,1.022065186E3
1.829793559E2,1.022086914E3
1.830793439E2,1.022081299E3
1.831793319E2,1.021980713E3
1.832793198E2,1.022064209E3
1.833793078E2,1.021983154E3
1.834792958E2,1.022226562E3
1.835792838E2,1.022236084E3
1.836792718E2,1.022137207E3
1.837792596E2,1.022239502E3
1.838792479E2,1.022184814E3
1.839792360E2,1.022057617E3
1.840792242E2,1.021968506E3
1.841792124E2,1.021994385E3
1.842792086E2,1.022232910E3
1.843791968E2,1.022171875E3
1.844791851E2,1.022144287E3
1.845791733E2,1.022186768E3
1.846791615E2,1.022064209E3
1.847791497E2,1.022038574E3
1.848791376E2,1.021956055E3
1.849791255E2,1.022011963E3
1.850791136E2,1.022011719E3
1.851791019E2,1.021961182E3
1.852790901E2,1.021995605E3
1.853790783E2,1.022054199E3
1.854790665E2,1.022040527E3
1.855790547E2,1.022000000E3
1.856790429E2,1.021998291E3
1.857790311E2,1.022151367E3
1.858790192E2,1.022140869E3
1.859790074E2,1.021989258E3
1.860789955E2,1.021967529E3
1.861789837E2,1.022061523E3
1.862789719E2,1.022032959E3
1.863789601E2,1.021965820E3
1.864789483E2,1.021965576E3
1.865789366E2,1.022058105E3
1.866789248E2,1.022119385E3
1.867789130E2,1.022096436E3
1.868789008E2,1.022075684E3
1.869788888E2,1.022095215E3
1.870788767E2,1.022122803E3
1.871788647E2,1.021983398E3
1.872788529E2,1.021959473E3
1.873788411E2,1.021996826E3
1.874788292E2,1.022136719E3
1.875788174E2,1.022055420E3
1.876788056E2,1.022041016E3
1.877787937E2,1.022143799E3
1.878787819E2,1.022172852E3
1.879787701E2,1.022131836E3
1.880787580E2,1.022024170E3
1.881787459E2,1.022095703E3
1.882787338E2,1.022091064E3
1.883787218E2,1.022082520E3
1.884787098E2,1.022077881E3
1.885786978E2,1.022133789E3
1.886786858E2,1.022093018E3
1.887786738E2,1.021988770E3
1.888786618E2,1.022026367E3
1.889786497E2,1.022085693E3
1.890786377E2,1.022144287E3
1.891786256E2,1.022164062E3
1.892786134E2,1.022232422E3
1.893786016E2,1.022268799E3
1.894785898E2,1.022136719E3
1.895785779E2,1.022078857E3
1.896785661E2,1.022159668E3
1.897785542E2,1.022192627E3
1.898785424E2,1.022131104E3
1.899785306E2,1.022113281E3
1.900785188E2,1.022105713E3
1.901785068E2,1.022099121E3
1.902784947E2,1.022044922E3
1.903784826E2,1.022097900E3
1.904784706E2,1.022238770E3
1.905784585E2,1.022130615E3
1.906784465E2,1.022072510E3
1.907784345E2,1.022035889E3
1.908784225E2,1.021983154E3
1.909784105E2,1.021998535E3
1.910783984E2,1.022129150E3
1.911783864E2,1.022262695E3
1.912783743E2,1.022284180E3
1.913783622E2,1.022199219E3
1.914783503E2,1.022139893E3
1.915783178E2,1.022024902E3
1.916783060E2,1.022006104E3
1.917782942E2,1.022155762E3
1.918782824E2,1.022175049E3
1.919782706E2,1.022239990E3
1.920782588E2,1.022151367E3
1.921782470E2,1.022086914E3
1.922782352E2,1.022092529E3
1.923782232E2,1.022055420E3
1.924782111E2,1.022059082E3
1.925781992E2,1.022107910E3
1.926781875E2,1.022170898E3
1.927781757E2,1.022156250E3
1.928781639E2,1.022087158E3
1.929781521E2,1.022061035E3
1.930781403E2,1.022088135E3
1.931781285E2,1.022031494E3
1.932781167E2,1.022335693E3
1.933781049E2,1.022185059E3
1.934780930E2,1.022209961E3
1.935780812E2,1.022149902E3
1.936780694E2,1.022062256E3
1.937780576E2,1.022039551E3
1.938780458E2,1.022005127E3
1.939780340E2,1.022209229E3
1.940780223E2,1.022165283E3
1.941780105E2,1.022177979E3
1.942779987E2,1.022182129E3
1.943779869E2,1.022091797E3
1.944779749E2,1.022069092E3
1.945779628E2,1.022041504E3
1.946779507E2,1.022049316E3
1.947779389E2,1.022208496E3
1.948779271E2,1.022140625E3
1.949779153E2,1.022149170E3
1.950779035E2,1.022176514E3
1.951778918E2,1.022133545E3
1.952778800E2,1.022124512E3
1.953778682E2,1.022108887E3
1.954778564E2,1.022058350E3
1.955778444E2,1.022081299E3
1.956778323E2,1.022127441E3
1.957778203E2,1.022226562E3
1.958778085E2,1.022189697E3
1.959777967E2,1.022078369E3
1.960777849E2,1.022059814E3
1.961777732E2,1.022020752E3
1.962777614E2,1.022033936E3
1.963777496E2,1.022363281E3
1.964777378E2,1.022301758E3
1.965777260E2,1.022263184E3
1.966777141E2,1.022167480E3
1.967777022E2,1.022094727E3
1.968776904E2,1.022055908E3
1.969776786E2,1.022027100E3
1.970776668E2,1.022127930E3
1.971776551E2,1.022272949E3
1.972776433E2,1.022170898E3
1.973776315E2,1.022232910E3
1.974776198E2,1.022136230E3
1.975776080E2,1.022083008E3
1.976775962E2,1.022107422E3
1.977775840E2,1.022065186E3
1.978775719E2,1.022071777E3
1.979775600E2,1.022259766E3
1.980775482E2,1.022189453E3
1.981775364E2,1.022244141E3
1.982775246E2,1.022176514E3
1.983775127E2,1.022128906E3
1.984775009E2,1.022121826E3
1.985774891E2,1.022084473E3
1.986774773E2,1.022083740E3
1.987774654E2,1.022185303E3
1.988774830E2,1.022150635E3
1.989774709E2,1.022218262E3
1.990774589E2,1.022135986E3
1.991774469E2,1.022087891E3
1.992774348E2,1.022080566E3
1.993774228E2,1.022065186E3
1.994774108E2,1.021987305E3
1.995773988E2,1.022059082E3
1.996773868E2,1.022075684E3
1.997773747E2,1.022114502E3
1.998773627E2,1.022063965E3
1.999773506E2,1.022071289E3
2.000773386E2,1.022081787E3
2.001773267E2,1.022041992E3
2.002773149E2,1.022023926E3
2.003773031E2,1.022298584E3
2.004772914E2,1.022281006E3
2.005772796E2,1.022240479E3
2.006772678E2,1.022148926E3
2.007772560E2,1.022139648E3
2.008772442E2,1.022108398E3
2.009772322E2,1.022003906E3
2.010772201E2,1.022018799E3
2.011772082E2,1.022264404E3
2.012771964E2,1.022294678E3
2.013771846E2,1.022220947E3
2.014771728E2,1.022146973E3
2.015771610E2,1.022178467E3
2.016771493E2,1.022156250E3
2.017771375E2,1.022099365E3
2.018771257E2,1.022243652E3
2.019771139E2,1.022258545E3
2.020771020E2,1.022289795E3
2.021770901E2,1.022148438E3
2.022770783E2,1.022094971E3
2.023770665E2,1.022095459E3
2.024770547E2,1.022051758E3
2.025770429E2,1.021999023E3
2.026770312E2,1.022194580E3
2.027770194E2,1.022252197E3
2.028770076E2,1.022196045E3
2.029769958E2,1.022115967E3
2.030769839E2,1.022107178E3
2.031769717E2,1.022163330E3
2.032769596E2,1.022025879E3
2.033769478E2,1.022017822E3
2.034769360E2,1.022318115E3
2.035769241E2,1.022274414E3
2.036769123E2,1.022223145E3
2.037769005E2,1.022160156E3
2.038768887E2,1.022189453E3
2.039768769E2,1.022135254E3
2.040768651E2,1.022044189E3
2.041768531E2,1.022047119E3
2.042768409E2,1.022188965E3
2.043768288E2,1.022236328E3
2.044768168E2,1.022212646E3
2.045768048E2,1.022148682E3
2.046767928E2,1.022134766E3
2.047767807E2,1.022093750E3
2.048767687E2,1.022065918E3
2.049767567E2,1.022080322E3
2.050767447E2,1.022216797E3
2.051767327E2,1.022195557E3
2.052767205E2,1.022223633E3
2.053767084E2,1.022155029E3
2.054766965E2,1.022075684E3
2.055766847E2,1.022069336E3
2.056766729E2,1.022212158E3
2.057766611E2,1.022221680E3
2.058766494E2,1.022305420E3
2.059766376E2,1.022212891E3
2.060766258E2,1.022125732E3
2.061766814E2,1.022152588E3
2.062766696E2,1.022105469E3
2.063766575E2,1.022095459E3
2.064766454E2,1.022292236E3
2.065766335E2,1.022299805E3
2.066766218E2,1.022204346E3
2.067766100E2,1.022119385E3
2.068765982E2,1.022051270E3
2.069765864E2,1.022048584E3
2.070765746E2,1.022042480E3
2.071765629E2,1.022154541E3
2.072765511E2,1.022343750E3
2.073765393E2,1.022343506E3
2.074765274E2,1.022276367E3
2.075765155E2,1.022199219E3
2.076765038E2,1.022132080E3
2.077764920E2,1.022107666E3
2.078764802E2,1.022062012E3
2.079764684E2,1.022080322E3
2.080764567E2,1.022287598E3
2.081764450E2,1.022231445E3
2.082764332E2,1.022210693E3
2.083764214E2,1.022093262E3
2.084764094E2,1.022076172E3
2.085763973E2,1.022046143E3
2.086763852E2,1.022059326E3
2.087763734E2,1.022098877E3
2.088763616E2,1.022122070E3
2.089763497E2,1.022191895E3
2.090763379E2,1.022155029E3
2.091763262E2,1.022094482E3
2.092763143E2,1.022081543E3
2.093763025E2,1.022110596E3
2.094762907E2,1.022102539E3
2.095762786E2,1.022147461E3
2.096762665E2,1.022160400E3
2.097762545E2,1.022264893E3
2.098762425E2,1.022112061E3
2.099762305E2,1.022064453E3
2.100762184E2,1.022117920E3
2.101762064E2,1.022052979E3
2.102761944E2,1.022050293E3
2.103761824E2,1.022313477E3
2.104761704E2,1.022370605E3
2.105761583E2,1.022276367E3
2.106761462E2,1.022194580E3
2.107761341E2,1.022193359E3
2.108761222E2,1.022203857E3
2.109761105E2,1.022124023E3
2.110760986E2,1.022148438E3
2.111760868E2,1.022287354E3
2.112760751E2,1.022297607E3
2.113760633E2,1.022205322E3
2.114760515E2,1.022074219E3
2.115760397E2,1.022001709E3
2.116760279E2,1.021992188E3
2.117760158E2,1.022043213E3
2.118760037E2,1.022104492E3
2.119759919E2,1.022160156E3
2.120759801E2,1.022160156E3
2.121759683E2,1.022207764E3
2.122759565E2,1.022154297E3
2.123759448E2,1.022154297E3
2.124759330E2,1.022183594E3
2.125759212E2,1.022107422E3
2.126759094E2,1.022107422E3
2.127758976E2,1.022100098E3
2.128758857E2,1.022182617E3
2.129758738E2,1.022182617E3
2.130758620E2,1.022065674E3
2.131758502E2,1.022018799E3
2.132758384E2,1.022018799E3
2.133758266E2,1.022074707E3
2.134757592E2,1.022278320E3
2.135757475E2,1.022278320E3
2.136757356E2,1.022254639E3
2.137757238E2,1.022190186E3
2.138757118E2,1.022190186E3
2.139756997E2,1.022117188E3
2.140756877E2,1.022088135E3
2.141756759E2,1.022088135E3
2.142756641E2,1.022162598E3
2.143756523E2,1.022171631E3
2.144756404E2,1.022171631E3
2.145756286E2,1.022125732E3
2.146756168E2,1.022108643E3
2.147756050E2,1.022108643E3
2.148755932E2,1.022137207E3
2.149755810E2,1.022245361E3
2.150755689E2,1.022245361E3
2.151755569E2,1.022298340E3
2.152755449E2,1.022153320E3
2.153755328E2,1.022153320E3
2.154755208E2,1.022031006E3
2.155755088E2,1.022054932E3
2.156754968E2,1.022054932E3
2.157754847E2,1.022113037E3
2.158754727E2,1.022164307E3
2.159754607E2,1.022164307E3
2.160754486E2,1.022127441E3
2.161754364E2,1.022163818E3
2.162754247E2,1.022163818E3
2.163754129E2,1.022070068E3
2.164754011E2,1.022302246E3
2.165753893E2,1.022302246E3
2.166753775E2,1.022239746E3
2.167753658E2,1.022197266E3
2.168753540E2,1.022197266E3
2.169753422E2,1.022134766E3
2.170753302E2,1.022078857E3
2.171753181E2,1.022078857E3
2.172753060E2,1.022330811E3
2.173752943E2,1.022258057E3
2.174752825E2,1.022258057E3
2.175752708E2,1.022121582E3
2.176752590E2,1.022022949E3
2.177752472E2,1.022022949E3
2.178752354E2,1.021972900E3
2.179752236E2,1.021984619E3
2.180752119E2,1.021984619E3
2.181752000E2,1.022351562E3
2.182751881E2,1.022290283E3
2.183751762E2,1.022290283E3
2.184751644E2,1.022092529E3
2.185751526E2,1.022110840E3
2.186751408E2,1.022110840E3
2.187751290E2,1.021976318E3
2.188751172E2,1.022020020E3
2.189751054E2,1.022020020E3
2.190750936E2,1.022093994E3
2.191750823E2,1.022047607E3
2.192750701E2,1.022047607E3
2.193750580E2,1.021996094E3
2.194750461E2,1.021969727E3
2.195750343E2,1.021969727E3
2.196750225E2,1.022011230E3
2.197750107E2,1.022319336E3
2.198749988E2,1.022319336E3
2.199749870E2,1.022029541E3
2.200749752E2,1.022020752E3
2.201749633E2,1.022020752E3
2.202749515E2,1.021928955E3
2.203749393E2,1.021914795E3
2.204749272E2,1.021914795E3
2.205749151E2,1.022248779E3
2.206749031E2,1.022132080E3
2.207748706E2,1.022132080E3
2.208748586E2,1.022090088E3
2.209748466E2,1.022115479E3
2.210748346E2,1.022115479E3
2.211748225E2,1.022030518E3
2.212748105E2,1.022066162E3
2.213747985E2,1.022066162E3
2.214747863E2,1.022061768E3
2.215747743E2,1.022036377E3
2.216747626E2,1.022036377E3
2.217747508E2,1.022093262E3
2.218747390E2,1.022038818E3
2.219747272E2,1.022038818E3
2.220747154E2,1.022038818E3
2.221747032E2,1.022309082E3
2.222746914E2,1.022309082E3
2.223746796E2,1.022140381E3
2.224746675E2,1.022136475E3
2.225746554E2,1.022136475E3
2.226746435E2,1.022043213E3
2.227746317E2,1.021996338E3
2.228746200E2,1.021996338E3
2.229746082E2,1.022135010E3
2.230745964E2,1.021972168E3
2.231745846E2,1.021972168E3
2.232745729E2,1.021997070E3
2.233745611E2,1.021998779E3
2.234745493E2,1.021998779E3
2.235745374E2,1.021961914E3
2.236745255E2,1.022043945E3
2.237745137E2,1.022043945E3
2.238745019E2,1.021997803E3
2.239744901E2,1.022005859E3
2.240744783E2,1.022005859E3
2.241744666E2,1.022000000E3
2.242744548E2,1.021979492E3
2.243744430E2,1.021979492E3
2.244744312E2,1.022016357E3
2.245744193E2,1.022056396E3
2.246744072E2,1.022056396E3
2.247743950E2,1.022062500E3
2.248743832E2,1.022030273E3
2.249743714E2,1.022030273E3
2.250743596E2,1.022014648E3
2.251743478E2,1.022120605E3
2.252743360E2,1.021928955E3
2.253743242E2,1.022167236E3
2.254743124E2,1.022063232E3
2.255743005E2,1.022063232E3
2.256742886E2,1.022125977E3
2.257742764E2,1.021956787E3
2.258742643E2,1.021956787E3
2.259742523E2,1.022008545E3
2.260742403E2,1.022016357E3
2.261742282E2,1.022016357E3
2.262742162E2,1.022022705E3
2.263742043E2,1.022028320E3
2.264741923E2,1.022028320E3
2.265741803E2,1.022032959E3
2.266741682E2,1.022029785E3
2.267741561E2,1.022029785E3
2.268741440E2,1.022260498E3
2.269741321E2,1.022125244E3
2.270741203E2,1.022125244E3
2.271741085E2,1.022130859E3
2.272740967E2,1.022046143E3
2.273740849E2,1.022046143E3
2.274740732E2,1.021948730E3
2.275740614E2,1.022183594E3
2.276740496E2,1.022183594E3
2.277740378E2,1.022194580E3
2.278740257E2,1.022145996E3
2.279740136E2,1.022145996E3
2.280740695E2,1.022093750E3
2.281740578E2,1.022011230E3
2.282740460E2,1.022011230E3
2.283740342E2,1.022041504E3
2.284740224E2,1.022018311E3
2.285740106E2,1.022018311E3
2.286739988E2,1.021977539E3
2.287739870E2,1.021979492E3
2.288739752E2,1.021979492E3
2.289739633E2,1.021952393E3
2.290739514E2,1.022042969E3
2.291739397E2,1.022042969E3
2.292739279E2,1.022320068E3
2.293739160E2,1.022136230E3
2.294739042E2,1.022136230E3
2.295738924E2,1.022113770E3
2.296738807E2,1.022088623E3
2.297738689E2,1.022088623E3
2.298738571E2,1.022051270E3
2.299738451E2,1.022058105E3
2.300738330E2,1.022058105E3
2.301738209E2,1.022021973E3
2.302738091E2,1.022076660E3
2.303737972E2,1.022076660E3
2.304737854E2,1.022088867E3
2.305737736E2,1.021951172E3
2.306737618E2,1.021951172E3
2.307737499E2,1.022391357E3
2.308737381E2,1.022099854E3
2.309737262E2,1.022099854E3
2.310737142E2,1.022084229E3
2.311737021E2,1.022125244E3
2.312736900E2,1.022125244E3
2.313736780E2,1.022050781E3
2.314736660E2,1.022172119E3
2.315736540E2,1.022172119E3
2.316736420E2,1.022153564E3
2.317736300E2,1.022125000E3
2.318736180E2,1.022125000E3
2.319736059E2,1.022109619E3
2.320735939E2,1.022072998E3
2.321735819E2,1.022018555E3
2.322735697E2,1.022030762E3
2.323735578E2,1.022268555E3
2.324735461E2,1.022167725E3
2.325735343E2,1.022079102E3
2.326735225E2,1.022121582E3
2.327735107E2,1.022102051E3
2.328734991E2,1.021999512E3
2.329734874E2,1.021991211E3
2.330734755E2,1.022051758E3
2.331734637E2,1.022220459E3
2.332734516E2,1.022096191E3
2.333734395E2,1.022072021E3
2.334734278E2,1.022054199E3
2.335734160E2,1.022043213E3
2.336734042E2,1.022026855E3
2.337733924E2,1.022046387E3
2.338733806E2,1.022161865E3
2.339733689E2,1.022212158E3
2.340733571E2,1.022134277E3
2.341733453E2,1.022085693E3
2.342733334E2,1.022114990E3
2.343733215E2,1.022110840E3
2.344733097E2,1.022086182E3
2.345732979E2,1.022125732E3
2.346732862E2,1.022119629E3
2.347732744E2,1.022095947E3
2.348732626E2,1.022099365E3
2.349732509E2,1.022105713E3
2.350732392E2,1.022146973E3
2.351732273E2,1.022086914E3
2.352733082E2,1.022034424E3
2.353732962E2,1.022161865E3
2.354732842E2,1.022180420E3
2.355732722E2,1.022109863E3
2.356732604E2,1.022021484E3
2.357732486E2,1.022008789E3
2.358732366E2,1.022008789E3
2.359732248E2,1.021953857E3
2.360732130E2,1.021913574E3
2.361732011E2,1.022020996E3
2.362731893E2,1.022054688E3
2.363731775E2,1.022010986E3
2.364731654E2,1.021974854E3
2.365731533E2,1.022016846E3
2.366731413E2,1.022050781E3
2.367731293E2,1.022028320E3
2.368731173E2,1.021976074E3
2.369731053E2,1.022291260E3
2.370730933E2,1.022131104E3
2.371730813E2,1.022028076E3
2.372730693E2,1.022020020E3
2.373730572E2,1.022059814E3
2.374730452E2,1.022005371E3
2.375730333E2,1.021926514E3
2.376730211E2,1.021933594E3
2.377730094E2,1.022408203E3
2.378729975E2,1.022290039E3
2.379729857E2,1.022189941E3
2.380729739E2,1.022135010E3
2.381729622E2,1.022218750E3
2.382729504E2,1.022159912E3
2.383729386E2,1.022099121E3
2.384729268E2,1.022051025E3
2.385729148E2,1.022208496E3
2.386729027E2,1.022082520E3
2.387728907E2,1.021981689E3
2.388728789E2,1.021988770E3
2.389728671E2,1.022015869E3
2.390728553E2,1.021955566E3
2.391728435E2,1.021927246E3
2.392728318E2,1.021918701E3
2.393728200E2,1.022000488E3
2.394728082E2,1.022196777E3
2.395727964E2,1.022033691E3
2.396727845E2,1.021961914E3
2.397727726E2,1.022036621E3
2.398727607E2,1.022007568E3
2.399727489E2,1.021984619E3
2.400727371E2,1.021929199E3
2.401727253E2,1.021989990E3
2.402727136E2,1.022030273E3
2.403727018E2,1.021984863E3
2.404726900E2,1.022006836E3
2.405726780E2,1.022060547E3
2.406726662E2,1.022050049E3
2.407726541E2,1.021996338E3
2.408726419E2,1.021975830E3
2.409726300E2,1.022223633E3
2.410726182E2,1.022163574E3
2.411726064E2,1.022069092E3
2.412725946E2,1.022085938E3
2.413725827E2,1.022103760E3
2.414725710E2,1.021958008E3
2.415725592E2,1.021911621E3
2.416725474E2,1.021980225E3
2.417725355E2,1.021998779E3
2.418725234E2,1.021997314E3
2.419725113E2,1.022017090E3
2.420724993E2,1.022060059E3
2.421724873E2,1.022056152E3
2.422724752E2,1.021893555E3
2.423724632E2,1.021910889E3
2.424724512E2,1.022170898E3
2.425723521E2,1.022131836E3
2.426723401E2,1.022098145E3
2.427723280E2,1.022088867E3
2.428723160E2,1.022073730E3
2.429723038E2,1.022048584E3
2.430722918E2,1.022009277E3
2.431722800E2,1.022029785E3
2.432722683E2,1.022132324E3
2.433722564E2,1.022096191E3
2.434722447E2,1.022066162E3
2.435722329E2,1.022057373E3
2.436722211E2,1.022095947E3
2.437722093E2,1.022075439E3
2.438721975E2,1.022019775E3
2.439721855E2,1.022276123E3
2.440721734E2,1.022248291E3
2.441721614E2,1.022164307E3
2.442721496E2,1.022124756E3
2.443721379E2,1.022109131E3
2.444721260E2,1.022056152E3
2.445721142E2,1.021999023E3
2.446721024E2,1.021972412E3
2.447720906E2,1.022192383E3
2.448720788E2,1.022119873E3
2.449720670E2,1.022107910E3
2.450720551E2,1.022095947E3
2.451720432E2,1.022087402E3
2.452720314E2,1.021979980E3
2.453720197E2,1.021968506E3
2.454720079E2,1.021989746E3
2.455719961E2,1.022025146E3
2.456719843E2,1.022036621E3
2.457719725E2,1.022046387E3
2.458719608E2,1.022073975E3
2.459719490E2,1.022075684E3
2.460719371E2,1.022025146E3
2.461719249E2,1.021987061E3
2.462719128E2,1.022004639E3
2.463719010E2,1.022096191E3
2.464718892E2,1.021960449E3
2.465718774E2,1.021939697E3
2.466718655E2,1.022013916E3
2.467718537E2,1.021962158E3
2.468718419E2,1.021959717E3
2.469718301E2,1.021979736E3
2.470718183E2,1.021944092E3
2.471718063E2,1.022013916E3
2.472717942E2,1.022028076E3
2.473717821E2,1.021994629E3
2.474717701E2,1.021967041E3
2.475717581E2,1.021961670E3
2.476717460E2,1.021966064E3
2.477717340E2,1.022015137E3
2.478717220E2,1.021946533E3
2.479717100E2,1.021979736E3
2.480716980E2,1.022289795E3
2.481716859E2,1.022335449E3
2.482716738E2,1.022222656E3
2.483716617E2,1.022074951E3
2.484716497E2,1.022015381E3
2.485716380E2,1.022033691E3
2.486716262E2,1.022032471E3
2.487716144E2,1.022104736E3
2.488716026E2,1.022374756E3
2.489715908E2,1.022343262E3
2.490715790E2,1.022268311E3
2.491715672E2,1.022148193E3
2.492715555E2,1.022088867E3
2.493715434E2,1.022150391E3
2.494715313E2,1.022033936E3
2.495715194E2,1.022293457E3
2.496715076E2,1.022182861E3
2.497714958E2,1.022165039E3
2.498714957E2,1.022130615E3
2.499714839E2,1.022044434E3
2.500714721E2,1.022044678E3
2.501714604E2,1.022047363E3
2.502714486E2,1.021983643E3
2.503714368E2,1.021999756E3
2.504714249E2,1.022008301E3
2.505714130E2,1.022187012E3
2.506714012E2,1.022190918E3
2.507713895E2,1.022113037E3
2.508713777E2,1.022073242E3
2.509713659E2,1.021990234E3
2.510713541E2,1.022284424E3
2.511713423E2,1.022304688E3
2.512713305E2,1.022220459E3
2.513713187E2,1.022187012E3
2.514713068E2,1.022162842E3
2.515712946E2,1.022047852E3
2.516712825E2,1.022012207E3
2.517712707E2,1.022139404E3
2.518712589E2,1.022138428E3
2.519712471E2,1.022079590E3
2.520712353E2,1.022087646E3
2.521712235E2,1.022078613E3
2.522712116E2,1.022036865E3
2.523711998E2,1.022096924E3
2.524711880E2,1.022231689E3
2.525711760E2,1.022217285E3
2.526711638E2,1.022211914E3
2.527711518E2,1.022113525E3
2.528711398E2,1.022094971E3
2.529711278E2,1.022067383E3
2.530711157E2,1.021983643E3
2.531711037E2,1.022083496E3
2.532710917E2,1.022136230E3
2.533710797E2,1.022168457E3
2.534710676E2,1.022145264E3
2.535710556E2,1.022128418E3
2.536710435E2,1.022151123E3
2.537710313E2,1.022119141E3
2.538710195E2,1.022058594E3
2.539710077E2,1.022313965E3
2.540709959E2,1.022267090E3
2.541709841E2,1.022285156E3
2.542709723E2,1.022174805E3
2.543709605E2,1.022135254E3
2.544709487E2,1.022107910E3
2.545709369E2,1.022043701E3
2.546709251E2,1.022028076E3
2.547709129E2,1.022121094E3
2.548709008E2,1.022073730E3
2.549708890E2,1.022072021E3
2.550708772E2,1.022034912E3
2.551708654E2,1.022061035E3
2.552708536E2,1.021989258E3
2.553708418E2,1.021958740E3
2.554708300E2,1.021973633E3
2.555708182E2,1.022197510E3
2.556708064E2,1.022217041E3
2.557707946E2,1.022200684E3
2.558707827E2,1.022167725E3
2.559707708E2,1.022186523E3
2.560707590E2,1.022125488E3
2.561707473E2,1.022032227E3
2.562707355E2,1.022067627E3
2.563707237E2,1.022346680E3
2.564707119E2,1.022291992E3
2.565707002E2,1.022199951E3
2.566706884E2,1.022116699E3
2.567706766E2,1.022108643E3
2.568706645E2,1.022102295E3
2.569706524E2,1.022042480E3
2.570705799E2,1.022009521E3
2.571705681E2,1.022244629E3
2.572705563E2,1.022254395E3
2.573705445E2,1.022170410E3
2.574705326E2,1.022112793E3
2.575705208E2,1.022101318E3
2.576705090E2,1.022074463E3
2.577704972E2,1.022001465E3
2.578704854E2,1.021998291E3
2.579704733E2,1.022212402E3
2.580704612E2,1.022168457E3
2.581704492E2,1.022146729E3
2.582704372E2,1.022163330E3
2.583704251E2,1.022200928E3
2.584704131E2,1.022117432E3
2.585704011E2,1.022022705E3
2.586703891E2,1.021992920E3
2.587703771E2,1.022059570E3
2.588703650E2,1.022123779E3
2.589703530E2,1.022058350E3
2.590703409E2,1.022129150E3
2.591703287E2,1.022109863E3
2.592703170E2,1.022018311E3
2.593703052E2,1.022039062E3
2.594702934E2,1.021974854E3
2.595702816E2,1.022101807E3
2.596702698E2,1.022079346E3
2.597702581E2,1.022015381E3
2.598702463E2,1.022083252E3
2.599702345E2,1.022056396E3
2.600702226E2,1.021968506E3
2.601702105E2,1.022005859E3
2.602701984E2,1.022004150E3
2.603701867E2,1.021953369E3
2.604701749E2,1.022093262E3
2.605701631E2,1.022075195E3
2.606701513E2,1.022019043E3
2.607701396E2,1.022050781E3
2.608701278E2,1.021974609E3
2.609701160E2,1.021974609E3
2.610701042E2,1.021914551E3
2.611700924E2,1.021942383E3
2.612700805E2,1.021942383E3
2.613700687E2,1.022047607E3
2.614700569E2,1.021992920E3
2.615700451E2,1.021992920E3
2.616700333E2,1.021999268E3
2.617700215E2,1.021987549E3
2.618700097E2,1.021987549E3
2.619699980E2,1.021938477E3
2.620699862E2,1.022009033E3
2.621699744E2,1.022009033E3
2.622699624E2,1.021945312E3
2.623699502E2,1.022036377E3
2.624699383E2,1.022036377E3
2.625699266E2,1.021954834E3
2.626699147E2,1.021897705E3
2.627699029E2,1.021897705E3
2.628698911E2,1.022001221E3
2.629698793E2,1.021998779E3
2.630698674E2,1.021998779E3
2.631698556E2,1.022098633E3
2.632698438E2,1.022049561E3
2.633698316E2,1.022049561E3
2.634698195E2,1.022057617E3
2.635698075E2,1.022044189E3
2.636697955E2,1.022044189E3
2.637697834E2,1.022194580E3
2.638697714E2,1.022181885E3
2.639697594E2,1.022181885E3
2.640697474E2,1.021976318E3
2.641697354E2,1.021905029E3
2.642697234E2,1.021905029E3
2.643698141E2,1.022009766E3
2.644698020E2,1.021925781E3
2.645697900E2,1.021925781E3
2.646697782E2,1.021987305E3
2.647697664E2,1.022017578E3
2.648697546E2,1.022017578E3
2.649697427E2,1.022012207E3
2.650697309E2,1.021943604E3
2.651697191E2,1.021943604E3
2.652697072E2,1.022168457E3
2.653696954E2,1.022098145E3
2.654696834E2,1.022098145E3
2.655696712E2,1.021946777E3
2.656696591E2,1.021936768E3
2.657696471E2,1.021936768E3
2.658696351E2,1.022270264E3
2.659696231E2,1.022190430E3
2.660696111E2,1.022190430E3
2.661695991E2,1.022128662E3
2.662695871E2,1.022110107E3
2.663695751E2,1.022110107E3
2.664695630E2,1.022038086E3
2.665695509E2,1.022020752E3
2.666695388E2,1.022020752E3
2.667695269E2,1.022117188E3
2.668695151E2,1.022060303E3
2.669695033E2,1.022060303E3
2.670694915E2,1.022092041E3
2.671694798E2,1.022012939E3
2.672694680E2,1.022012939E3
2.673694562E2,1.021977539E3
2.674694444E2,1.022270264E3
2.675694325E2,1.022270264E3
2.676694204E2,1.022092285E3
2.677694083E2,1.022156250E3
2.678693965E2,1.022156250E3
2.679693848E2,1.022131348E3
2.680693730E2,1.022014648E3
2.681693612E2,1.022014648E3
2.682693494E2,1.022112549E3
2.683693376E2,1.022049316E3
2.684693258E2,1.022049316E3
2.685693140E2,1.022058838E3
2.686693021E2,1.021972656E3
2.687692902E2,1.021972656E3
2.688692783E2,1.021916504E3
2.689692666E2,1.022232178E3
2.690692548E2,1.022232178E3
2.691692430E2,1.022015869E3
2.692692312E2,1.022027344E3
2.693692194E2,1.022027344E3
2.694692077E2,1.022034424E3
2.695691960E2,1.021953613E3
2.696691842E2,1.021953613E3
2.697691721E2,1.022248535E3
2.698691600E2,1.022140381E3
2.699691480E2,1.022140381E3
2.700691362E2,1.022106689E3
2.701691244E2,1.022058350E3
2.702691126E2,1.022058350E3
2.703691008E2,1.021968018E3
2.704690890E2,1.021930176E3
2.705690771E2,1.021930176E3
2.706690653E2,1.022142822E3
2.707690534E2,1.022141602E3
2.708690413E2,1.022141602E3
2.709690292E2,1.022080566E3
2.710690172E2,1.022028320E3
2.711690052E2,1.022028320E3
2.712689932E2,1.021926025E3
2.713689811E2,1.022034668E3
2.714689691E2,1.022034668E3
2.715689571E2,1.022000488E3
2.716689103E2,1.022014404E3
2.717688983E2,1.022014404E3
2.718688863E2,1.022063721E3
2.719688741E2,1.021941406E3
2.720688620E2,1.021941406E3
2.721688503E2,1.021890137E3
2.722688385E2,1.021993164E3
2.723688267E2,1.021993164E3
2.724688149E2,1.021977539E3
2.725688030E2,1.021950928E3
2.726687912E2,1.021950928E3
2.727687794E2,1.021958740E3
2.728687676E2,1.022138184E3
2.729687557E2,1.022138184E3
2.730687436E2,1.022114746E3
2.731687315E2,1.022135010E3
2.732687197E2,1.022135010E3
2.733687080E2,1.022056641E3
2.734686962E2,1.021959229E3
2.735686844E2,1.021959229E3
2.736686726E2,1.022036133E3
2.737686609E2,1.022093506E3
2.738686491E2,1.022093506E3
2.739686373E2,1.022077881E3
2.740686254E2,1.022056396E3
2.741686135E2,1.022056396E3
2.742686017E2,1.022014404E3
2.743685900E2,1.022148193E3
2.744685782E2,1.022148193E3
2.745685664E2,1.022064697E3
2.746685546E2,1.022068604E3
2.747685428E2,1.022068604E3
2.748685310E2,1.021998291E3
2.749685192E2,1.022119385E3
2.750685073E2,1.022119385E3
2.751684952E2,1.022036865E3
2.752684831E2,1.022034668E3
2.753684712E2,1.022034668E3
2.754684595E2,1.022076904E3
2.755684477E2,1.022074219E3
2.756684359E2,1.022074219E3
2.757684241E2,1.022011475E3
2.758684124E2,1.022062012E3
2.759684006E2,1.022062012E3
2.760683889E2,1.022062012E3
2.761683771E2,1.022079834E3
2.762683651E2,1.022079834E3
2.763683530E2,1.022016113E3
2.764683412E2,1.022036377E3
2.765683294E2,1.022036377E3
2.766683176E2,1.022251221E3
2.767683058E2,1.022195312E3
2.768682941E2,1.022195312E3
2.769682823E2,1.022073730E3
2.770682705E2,1.022015137E3
2.771682587E2,1.022015137E3
2.772682467E2,1.021998779E3
2.773682348E2,1.022053467E3
2.774682229E2,1.022053467E3
2.775682112E2,1.022162354E3
2.776681994E2,1.022031494E3
2.777681876E2,1.022031494E3
2.778681758E2,1.022027832E3
2.779681640E2,1.021948730E3
2.780681523E2,1.021948730E3
2.781681405E2,1.021974121E3
2.782681287E2,1.021968262E3
2.783681166E2,1.021968262E3
2.784681046E2,1.021979248E3
2.785680927E2,1.022041016E3
2.786680809E2,1.022041016E3
2.787680690E2,1.022039551E3
2.788680572E2,1.021983398E3
2.789680648E2,1.021983398E3
2.790680528E2,1.022103760E3
2.791680410E2,1.022041016E3
2.792680291E2,1.022041016E3
2.793680172E2,1.022060791E3
2.794680052E2,1.022050049E3
2.795679930E2,1.022050049E3
2.796679810E2,1.022003418E3
2.797679690E2,1.022222900E3
2.798679570E2,1.022222900E3
2.799679449E2,1.022115967E3
2.800679329E2,1.022093750E3
2.801679209E2,1.022101807E3
2.802679089E2,1.022104004E3
2.803678969E2,1.022087402E3
2.804678849E2,1.022002441E3
2.805678727E2,1.022044922E3
2.806678606E2,1.022033691E3
2.807678488E2,1.022006348E3
2.808678370E2,1.022030762E3
2.809678252E2,1.022034424E3
2.810678134E2,1.022032959E3
2.811678016E2,1.022039307E3
2.812677899E2,1.022036621E3
2.813677781E2,1.022006104E3
2.814677661E2,1.022105225E3
2.815677542E2,1.021994873E3
2.816677421E2,1.021946045E3
2.817677300E2,1.021959717E3
2.818677182E2,1.021984863E3
2.819677065E2,1.022010254E3
2.820676947E2,1.022031494E3
2.821676829E2,1.022031494E3
2.822676711E2,1.022138916E3
2.823676593E2,1.022061035E3
2.824676475E2,1.022028809E3
2.825676357E2,1.022045898E3
2.826676238E2,1.022063965E3
2.827676119E2,1.022065918E3
2.828676000E2,1.022028809E3
2.829675883E2,1.022051758E3
2.830675765E2,1.022082520E3
2.831675647E2,1.022085205E3
2.832675529E2,1.022078613E3
2.833675412E2,1.022080078E3
2.834675294E2,1.022080566E3
2.835675176E2,1.022083252E3
2.836675058E2,1.022043945E3
2.837674937E2,1.022059814E3
2.838674816E2,1.022338867E3
2.839674697E2,1.022216309E3
2.840674579E2,1.022152832E3
2.841674460E2,1.022117188E3
2.842674342E2,1.022021729E3
2.843674225E2,1.022032471E3
2.844674107E2,1.022259521E3
2.845673988E2,1.022160889E3
2.846673870E2,1.022142334E3
2.847673752E2,1.022194580E3
2.848673630E2,1.022104736E3
2.849673509E2,1.022076416E3
2.850673389E2,1.021998047E3
2.851673269E2,1.022025635E3
2.852673149E2,1.022145264E3
2.853673028E2,1.022092285E3
2.854672908E2,1.022248535E3
2.855672789E2,1.022177246E3
2.856672669E2,1.022101562E3
2.857672549E2,1.022094727E3
2.858672428E2,1.022043701E3
2.859672307E2,1.022016602E3
2.860672187E2,1.022008057E3
2.861672719E2,1.022004639E3
2.862672601E2,1.022054443E3
2.863672484E2,1.022038086E3
2.864672366E2,1.022031250E3
2.865672249E2,1.021943604E3
2.866672131E2,1.021934082E3
2.867672013E2,1.022030518E3
2.868671895E2,1.022069336E3
2.869671775E2,1.022165039E3
2.870671655E2,1.022096436E3
2.871671535E2,1.022068359E3
2.872671417E2,1.022071289E3
2.873671298E2,1.022020996E3
2.874671180E2,1.021997803E3
2.875671063E2,1.022169434E3
2.876670945E2,1.022248779E3
2.877670828E2,1.022237549E3
2.878670710E2,1.022142578E3
2.879670592E2,1.022056396E3
2.880670473E2,1.022077881E3
2.881670354E2,1.022011719E3
2.882670236E2,1.021984131E3
2.883670118E2,1.022302979E3
2.884670000E2,1.022235840E3
2.885669882E2,1.022149414E3
2.886669765E2,1.022065186E3
2.887669647E2,1.022052979E3
2.888669529E2,1.022054688E3
2.889669411E2,1.021997559E3
2.890669293E2,1.021962891E3
2.891669172E2,1.022009033E3
2.892669050E2,1.022042480E3
2.893668932E2,1.022054443E3
2.894668814E2,1.022036621E3
2.895668695E2,1.022078613E3
2.896668577E2,1.022088867E3
2.897668459E2,1.022052246E3
2.898668341E2,1.021990479E3
2.899668224E2,1.021977051E3
2.900668106E2,1.022165283E3
2.901667986E2,1.022072021E3
2.902667865E2,1.022066895E3
2.903667743E2,1.022094971E3
2.904667623E2,1.022031006E3
2.905667503E2,1.021910400E3
2.906667383E2,1.021886963E3
2.907667263E2,1.021997559E3
2.908667143E2,1.021978516E3
2.909667023E2,1.021928467E3
2.910666902E2,1.021928467E3
2.911666782E2,1.022070312E3
2.912666661E2,1.022048096E3
2.913666540E2,1.022048828E3
2.914666421E2,1.021989258E3
2.915666303E2,1.022019775E3
2.916666185E2,1.022115234E3
2.917666067E2,1.022001709E3
2.918665949E2,1.021964600E3
2.919665831E2,1.022031494E3
2.920665713E2,1.022050781E3
2.921665595E2,1.022096436E3
2.922665477E2,1.021997070E3
2.923665356E2,1.021985352E3
2.924665235E2,1.022141602E3
2.925665116E2,1.022033936E3
2.926664999E2,1.021983154E3
2.927664880E2,1.021991943E3
2.928664762E2,1.022037109E3
2.929664643E2,1.022079346E3
2.930664525E2,1.021977539E3
2.931664408E2,1.021985352E3
2.932664290E2,1.022251709E3
2.933664172E2,1.022118408E3
2.934663847E2,1.022047852E3
2.935663728E2,1.022092773E3
2.936663610E2,1.022085693E3
2.937663492E2,1.022026367E3
2.938663374E2,1.021975098E3
2.939663256E2,1.021989746E3
2.940663138E2,1.022250488E3
2.941663021E2,1.022162598E3
2.942662903E2,1.022102783E3
2.943662785E2,1.022066162E3
2.944662665E2,1.022152344E3
2.945662544E2,1.022042236E3
2.946662423E2,1.022015625E3
2.947662305E2,1.021961670E3
2.948662186E2,1.022149170E3
2.949662068E2,1.022076172E3
2.950661950E2,1.022071533E3
2.951661832E2,1.022129883E3
2.952661714E2,1.022126221E3
2.953661596E2,1.022019043E3
2.954661477E2,1.022000244E3
2.955661357E2,1.021993896E3
2.956661236E2,1.022096924E3
2.957661115E2,1.022033447E3
2.958660995E2,1.022052490E3
2.959660875E2,1.022106445E3
2.960660755E2,1.022103271E3
2.961660634E2,1.021993896E3
2.962660514E2,1.021997070E3
2.963660394E2,1.022033936E3
2.964660274E2,1.021958252E3
2.965660153E2,1.022320312E3
2.966660032E2,1.022256104E3
2.967659911E2,1.022239014E3
2.968659792E2,1.022114258E3
2.969659675E2,1.022031738E3
2.970659557E2,1.021970215E3
2.971659439E2,1.021943359E3
2.972659321E2,1.022325439E3
2.973659203E2,1.022222412E3
2.974659085E2,1.022168213E3
2.975658967E2,1.022038330E3
2.976658849E2,1.022031982E3
2.977658729E2,1.022053955E3
2.978658608E2,1.022072510E3
2.979658490E2,1.022046631E3
2.980658372E2,1.022095703E3
2.981658254E2,1.022259277E3
2.982658136E2,1.022294189E3
2.983658018E2,1.022221924E3
2.984657901E2,1.022155762E3
2.985657783E2,1.022063721E3
2.986657666E2,1.022029785E3
2.987657548E2,1.021996826E3
2.988657428E2,1.022026367E3
2.989657310E2,1.022281006E3
2.990657192E2,1.022229492E3
2.991657074E2,1.022200439E3
2.992656956E2,1.022144531E3
2.993656838E2,1.022136719E3
2.994656721E2,1.022082520E3
2.995656603E2,1.022057373E3
2.996656485E2,1.022014648E3
2.997656367E2,1.022044189E3
2.998656248E2,1.022184082E3
2.999656127E2,1.022106934E3
