,Time (s),X (m/s^2),Y (m/s^2),Z (m/s^2)
0,1.55965432e+18,-2.488425293,4.738396454,8.544381866
1,1.5596543204e+18,-1.679507446,4.221221924,9.128018188
2,1.5596543208e+18,0.8954379272,4.549638977,8.161029053
3,1.5596543212e+18,4.907095642,-2.696043549,8.842112732
4,1.5596543216e+18,4.709955597,-6.807393951,4.809648285
5,1.55965432201e+18,2.774181061,-6.43317215,5.375621338
6,1.55965432241e+18,4.761897583,-4.253704376,5.634283447
7,1.55965432266e+18,4.977299652,-5.072202301,6.539002075
8,1.55965432291e+18,5.439089355,-6.150709534,6.715634766
9,1.55965432316e+18,4.974156189,-5.539680176,6.707551575
10,1.55965432341e+18,4.551435242,-2.893033905,6.688840485
11,1.55965432366e+18,3.274590454,-5.46199173,11.53052216
12,1.55965432391e+18,6.060896301,-6.430926819,9.557774506
13,1.55965432416e+18,3.130440216,-5.804479523,9.117989044
14,1.55965432441e+18,4.069886627,-5.426964569,7.373367004
15,1.55965432466e+18,2.137554932,-3.94669281,7.592361603
16,1.55965432491e+18,4.4604245,-5.095853119,5.834417267
17,1.55965432517e+18,5.123246155,-6.78299469,9.747579803
18,1.55965432542e+18,2.275418243,-4.797523499,8.119864655
19,1.55965432567e+18,5.438640289,-4.559069366,10.39633072
20,1.55965432592e+18,3.808081055,-5.62111084,10.71831116
21,1.55965432617e+18,6.296356659,-4.037703552,10.10413834
22,1.55965432642e+18,3.665278015,-4.527934113,8.670120392
23,1.55965432667e+18,4.08246048,-4.34920578,5.954467621
24,1.55965432692e+18,5.513334961,-6.590644684,11.95668594
25,1.55965432717e+18,6.22136261,-5.119054871,7.585475922
26,1.55965432742e+18,5.732628937,-3.135679321,5.157674561
27,1.55965432767e+18,6.683451691,-5.406457214,9.378597107
28,1.55965432792e+18,2.93225235,-6.740333405,13.08159668
29,1.55965432817e+18,6.890471191,-6.541846161,12.45020966
30,1.55965432842e+18,6.334227905,-6.071075134,10.20862106
31,1.55965432867e+18,2.496209106,-3.479065247,3.611090698
32,1.55965432893e+18,2.9368927,-6.211632843,7.449259186
33,1.55965432918e+18,3.218307495,-5.821394348,9.608518982
34,1.55965432943e+18,0.7421566772,-5.862409058,9.654772797
35,1.55965432968e+18,7.40076004,-3.661386108,8.262967072
36,1.55965432993e+18,3.498674469,-1.975891113,4.68031723
37,1.55965433018e+18,1.972597961,-2.975213013,6.312223663
38,1.55965433043e+18,2.989283752,-4.91323288,9.003926239
39,1.55965433068e+18,3.795207825,-4.770280151,8.7522995
40,1.55965433093e+18,9.170230408,-4.140090637,5.453160095
41,1.55965433118e+18,3.051703949,-4.106260986,6.899302826
42,1.55965433143e+18,5.121749268,-4.791086884,10.24873764
43,1.55965433168e+18,3.567980347,-2.711760864,5.418731689
44,1.55965433193e+18,2.722089386,-2.308200073,9.195976868
45,1.55965433218e+18,10.23481659,-3.486998749,0.287252655
46,1.55965433244e+18,2.757415924,-5.826184387,10.40097107
47,1.55965433269e+18,7.57634491,-5.140610046,6.456224213
48,1.55965433294e+18,7.973618774,-3.930975494,4.824018402
49,1.55965433319e+18,3.110531616,-3.575464783,8.599317627
50,1.55965433344e+18,5.422623596,-4.678970032,8.338410187
51,1.55965433369e+18,7.680378571,-4.863685913,6.286327515
52,1.55965433394e+18,6.353687439,-5.865702209,10.52700897
53,1.55965433419e+18,7.519313507,-4.873116302,6.493646393
54,1.55965433444e+18,5.099445648,-5.684578857,7.416327667
55,1.55965433469e+18,2.974913635,-6.5758255,10.87383774
56,1.55965433494e+18,8.460256805,-5.868995361,8.395740967
57,1.55965433519e+18,3.799848175,-1.89431076,3.646267548
58,1.55965433544e+18,7.876919861,-4.338428192,7.311545563
59,1.55965433569e+18,8.32284256,-6.531817017,2.194286957
60,1.55965433595e+18,7.209757233,-5.815257111,9.857601013
61,1.5596543362e+18,3.960314484,-5.835315399,12.24229202
62,1.55965433645e+18,-0.3580554199,-4.399201813,8.706794128
63,1.5596543367e+18,4.214036865,-6.382427673,11.45897095
64,1.55965433695e+18,3.832929382,-4.394411774,5.369783478
65,1.5596543372e+18,9.259594574,-5.111271057,3.741319885
66,1.55965433745e+18,1.667083282,-6.2997995,9.408834229
67,1.5596543377e+18,7.204518127,-7.122638397,9.662107544
68,1.55965433795e+18,7.330855408,-4.550836487,2.404000854
69,1.5596543382e+18,2.86668869,-7.363936615,12.44242584
70,1.55965433845e+18,3.470682678,-1.978136444,3.59687027
71,1.5596543387e+18,1.12206665,-5.944438477,12.48463806
72,1.55965433895e+18,6.263574829,-7.240293732,10.16670822
73,1.5596543392e+18,6.049969025,-6.308331757,8.198900299
74,1.55965433946e+18,6.276448059,-4.609215088,9.639354858
75,1.55965433971e+18,4.328698425,-7.042255554,9.554780731
76,1.55965433996e+18,2.125430145,-4.06958725,7.868387604
77,1.55965434021e+18,2.127675476,-5.920188904,10.3966301
78,1.55965434046e+18,4.752018127,-6.164331207,7.511829071
79,1.55965434071e+18,3.1943573,-9.120234375,15.59187653
80,1.55965434096e+18,3.754043427,-5.066813507,11.05391327
81,1.55965434121e+18,9.245074768,-6.428382111,5.381010132
82,1.55965434146e+18,9.370513916,-2.405797119,0.4210743713
83,1.55965434171e+18,9.649982758,-4.66280365,1.946103058
84,1.55965434196e+18,3.131488037,-7.256011047,8.537346497
85,1.55965434221e+18,3.103346558,-6.590345306,12.60663437
86,1.55965434246e+18,0.5462141418,-4.665048981,8.646170197
87,1.55965434271e+18,5.452411652,-5.537883911,4.555027771
88,1.55965434297e+18,6.255341949,-6.473588104,6.892866211
89,1.55965434322e+18,2.568808136,-6.026767273,7.808362427
90,1.55965434347e+18,4.883145447,-3.222498779,2.999911652
91,1.55965434372e+18,4.993765411,-7.847431183,8.737929382
92,1.55965434397e+18,3.39673645,-4.659510498,7.77872406
93,1.55965434422e+18,3.960015106,-7.122937775,8.054001617
94,1.55965434447e+18,4.226760406,-10.14081207,10.58853104
95,1.55965434472e+18,4.653223572,-4.020339661,9.25181076
96,1.55965434497e+18,6.686445465,-6.830895081,5.355862427
97,1.55965434522e+18,4.255051575,-1.132544861,2.273921356
98,1.55965434547e+18,1.119372253,-8.342451782,10.48030609
99,1.55965434572e+18,4.100273438,-7.573051758,6.916966095
100,1.55965434597e+18,2.386786652,-3.173101501,3.131488037
101,1.55965434623e+18,7.305258636,-6.660848694,4.477638702
102,1.55965434648e+18,3.214864655,-7.292834473,8.178243256
103,1.55965434673e+18,8.821904755,-12.68821472,6.305038605
104,1.55965434698e+18,9.59474762,-9.646090851,7.555538177
105,1.55965434723e+18,7.590116272,-9.924960938,2.772833862
106,1.55965434748e+18,5.827232208,-6.387816467,4.721481628
107,1.55965434773e+18,2.267484741,-3.601660309,2.715353394
108,1.55965434798e+18,3.729195099,-6.478677521,5.00559082
109,1.55965434823e+18,4.689148865,-6.588998108,6.015091553
110,1.55965434848e+18,5.476810913,-2.683619385,1.086590424
111,1.55965434873e+18,6.884932709,-7.362888794,2.191891937
112,1.55965434898e+18,2.739004211,-5.038222961,2.910248108
113,1.55965434923e+18,4.307891693,-8.127199402,8.452922058
114,1.55965434948e+18,5.334007874,-7.148833923,5.727988586
115,1.55965434974e+18,5.863157501,-4.840334473,2.921175385
116,1.55965434999e+18,4.043242035,-7.733069,7.018604736
117,1.55965435024e+18,7.754025421,-7.866591339,2.40804245
118,1.55965435049e+18,5.914500732,-5.914949799,1.899699554
119,1.55965435074e+18,3.567680969,-7.648195496,7.201075287
120,1.55965435099e+18,5.049000549,-8.03259613,9.068591766
121,1.55965435124e+18,5.494474182,-3.211421814,2.780318298
122,1.55965435149e+18,2.168241119,-6.696175232,6.445596313
123,1.55965435174e+18,7.214846649,-9.217532043,0.3209326172
124,1.55965435199e+18,4.678670654,-7.636519775,3.258424072
125,1.55965435224e+18,5.242847443,-8.514294434,2.907853088
126,1.55965435249e+18,7.34702179,-9.714648285,3.444187775
127,1.55965435274e+18,5.686524811,-4.24038208,2.625839539
128,1.55965435299e+18,4.415068817,-7.86299881,-0.4134402466
129,1.55965435325e+18,8.489895172,-11.93004135,-0.8038284302
130,1.5596543535e+18,7.124284973,-10.26774811,-4.000730438
131,1.55965435375e+18,4.016298065,-4.926255798,1.428329773
132,1.559654354e+18,3.994293823,-5.878725128,3.095113678
133,1.55965435425e+18,3.320245514,-4.108506317,4.120631104
134,1.5596543545e+18,3.174149323,-4.093238068,-1.359023895
135,1.55965435475e+18,4.773573303,-6.542295227,-2.678979034
136,1.559654355e+18,4.142186279,-11.73619446,-3.563938751
137,1.55965435525e+18,7.192992096,-18.88592651,-2.388732605
138,1.5596543555e+18,4.515060883,-6.661746826,0.6848258972
139,1.55965435575e+18,3.267555084,-8.704548798,2.665806427
140,1.559654356e+18,3.418591003,-7.872429199,5.355113983
141,1.55965435625e+18,4.267176361,-9.453890533,-0.5644761658
142,1.55965435651e+18,1.030906219,-15.52706131,-2.189945984
143,1.55965435676e+18,1.765279083,-10.61233154,1.753753052
144,1.55965435701e+18,-0.3176394653,-7.388335876,-1.134790192
145,1.55965435726e+18,1.719025269,-13.81417328,0.5028044128
146,1.55965435751e+18,4.333638153,-16.17386627,2.789000244
147,1.55965435776e+18,3.111130371,-9.231153717,-0.01362167358
148,1.55965435801e+18,2.075583801,-14.49001785,4.248016205
149,1.55965435826e+18,1.827250214,-5.786516876,0.3378474426
150,1.55965435851e+18,1.858834534,-8.091723175,1.600771179
151,1.55965435876e+18,2.478994904,-0.2622546387,-3.647764435
152,1.55965435901e+18,1.722617798,-13.65984421,2.520907745
153,1.55965435926e+18,2.964285736,-12.80347504,-3.663631439
154,1.55965435951e+18,3.59103241,-9.697733459,6.772067413
155,1.55965435976e+18,3.287613373,-13.03309753,0.362845459
156,1.55965436002e+18,0.2806663513,-6.320306854,0.7752378845
157,1.55965436027e+18,2.000140686,-5.490432587,-0.502205658
158,1.55965436052e+18,2.331551514,-11.70730453,-0.04894821167
159,1.55965436077e+18,3.215463409,-15.08323425,2.545007629
160,1.55965436102e+18,2.208357697,-8.391399994,0.6542893982
161,1.55965436127e+18,1.90718399,-4.182003479,0.6508465576
162,1.55965436152e+18,2.336191864,-6.54199585,-0.3833528137
163,1.55965436177e+18,1.500479736,-5.61871582,-0.2504292297
164,1.55965436202e+18,0.1776805115,-4.966072998,-1.792821808
165,1.55965436227e+18,2.761756897,-10.70094727,-0.7225474548
166,1.55965436252e+18,2.117646332,-11.22620499,0.5972579956
167,1.55965436277e+18,3.081492004,-10.47776138,0.3995191956
168,1.55965436302e+18,3.796405334,-15.68707855,2.971919861
169,1.55965436327e+18,3.172502747,-11.38502472,0.5807922363
170,1.55965436353e+18,2.361938324,-11.16932327,0.6851252747
171,1.55965436378e+18,2.508184204,-10.16940262,1.25783432
172,1.55965436403e+18,3.310665436,-7.68741394,0.2028282166
173,1.55965436428e+18,1.459465027,-8.560248871,0.8249345398
174,1.55965436453e+18,3.101250916,-14.87441849,-1.790875854
175,1.55965436478e+18,2.763553162,-8.818761292,-0.9948312378
176,1.55965436503e+18,1.099014587,-7.080575867,-0.1965412903
177,1.55965436528e+18,3.548221436,-7.580386505,-0.2972817993
178,1.55965436553e+18,3.722159729,-13.61733261,2.609673157
179,1.55965436578e+18,3.317700806,-12.12837891,-2.092199249
180,1.55965436603e+18,3.636986847,-9.51167038,-0.2501298523
181,1.55965436628e+18,1.62412262,-10.10533585,-4.420756989
182,1.55965436653e+18,1.438957672,-10.08213409,0.03577560425
183,1.55965436679e+18,6.383625183,-2.584824829,2.922073517
184,1.55965436704e+18,2.654579773,-9.586215363,-0.4052073669
185,1.55965436729e+18,2.392923889,-10.76381653,1.452579346
186,1.55965436754e+18,1.002315674,-12.19289474,-2.496658173
187,1.55965436779e+18,3.219954071,-8.745862885,-0.0245489502
188,1.55965436804e+18,3.264261932,-10.23706192,1.733245697
189,1.55965436829e+18,2.009421387,-9.159303131,-0.2480342102
190,1.55965436854e+18,3.382216644,-10.40082138,0.4981640625
191,1.55965436879e+18,1.740281067,-3.604055328,-0.1425036621
192,1.55965436904e+18,2.502496033,-10.61727127,-2.234403534
193,1.55965436929e+18,1.994452515,-9.282496948,2.10851532
194,1.55965436954e+18,2.652484131,-9.42619812,0.4867877197
195,1.55965436979e+18,2.173779602,-8.102051697,-1.052611084
196,1.55965437004e+18,2.224973145,-13.01887711,0.04101470947
197,1.5596543703e+18,1.610351257,-6.404431915,-0.669407959
198,1.55965437055e+18,3.565585327,-16.70406372,0.8797206116
199,1.5596543708e+18,1.538051605,-2.139201508,-0.0628692627
200,1.55965437105e+18,3.919898529,-14.68865479,2.105970612
201,1.5596543713e+18,1.152603149,-10.01716919,-1.046773224
202,1.55965437155e+18,3.187621307,-10.76471466,1.752854919
203,1.5596543718e+18,2.998863831,-13.00929703,-1.56319931
204,1.55965437205e+18,1.866169281,-11.41062149,-0.1040336609
205,1.5596543723e+18,1.807640991,-6.914720764,-0.56866745
206,1.55965437255e+18,2.449057159,-12.67025208,-1.251397705
207,1.5596543728e+18,1.900747375,-6.175557861,0.6430627441
208,1.55965437305e+18,1.531165924,-10.27927414,0.969533844
209,1.55965437331e+18,1.954785004,-6.125711517,0.3394940186
210,1.55965437356e+18,0.9268725586,-6.084846497,1.179098053
211,1.55965437381e+18,3.471580811,-11.24491608,-0.8399034119
212,1.55965437406e+18,2.286195831,-7.483088837,-0.9647438049
213,1.55965437431e+18,1.69776947,-9.53966217,1.175206146
214,1.55965437456e+18,2.364183655,-9.690398712,-0.1793270874
215,1.55965437481e+18,1.963167572,-11.45178589,-0.5502557373
216,1.55965437506e+18,1.943258972,-9.362879791,0.1740879822
217,1.55965437531e+18,2.103874969,-9.231303406,2.011067963
218,1.55965437556e+18,1.04961731,-8.603359222,0.7259902954
219,1.55965437581e+18,2.034120026,-8.860075378,2.581681366
220,1.55965437606e+18,1.584754486,-9.771979065,-0.3700305176
221,1.55965437631e+18,1.019829254,-7.227121124,-0.5016069031
222,1.55965437657e+18,1.609752502,-8.362510071,1.712588654
223,1.55965437682e+18,1.535656586,-12.32911148,-0.3706292725
224,1.55965437707e+18,2.022893372,-13.366604,-0.458795929
225,1.55965437732e+18,1.542991333,-11.60910873,-0.5498066711
226,1.55965437757e+18,1.292711792,-14.50588486,0.2510279846
227,1.55965437782e+18,2.033221893,-9.179511108,0.45984375
228,1.55965437807e+18,2.575095062,-11.41556122,0.4704716492
229,1.55965437832e+18,1.580114136,-14.77218109,0.3442840576
230,1.55965437857e+18,2.784509583,-8.774303741,1.298549652
231,1.55965437882e+18,0.6050418091,-6.572232971,0.7542814636
232,1.55965437907e+18,2.567610626,-8.748557281,-0.8092172241
233,1.55965437932e+18,1.970801697,-13.52841751,0.8738827515
234,1.55965437957e+18,3.281326447,-11.88543411,-1.157542877
235,1.55965437983e+18,2.612517242,-7.053931274,-2.005978546
236,1.55965438008e+18,1.640588379,-7.826325073,1.437909851
237,1.55965438033e+18,1.570084991,-6.098019104,0.7093748474
238,1.55965438058e+18,1.886676636,-5.866450653,-0.4646337891
239,1.55965438083e+18,0.8686436462,-5.66901123,-1.77156601
240,1.55965438108e+18,2.949915619,-12.65558258,-0.02948867798
241,1.55965438133e+18,1.655557251,-14.36936874,-4.710853729
242,1.55965438158e+18,0.8970845032,-10.20592667,0.1944456482
243,1.55965438183e+18,1.963616638,-10.49722092,0.1951940918
244,1.55965438208e+18,1.471140747,-9.821526031,0.9113049316
245,1.55965438233e+18,1.784738617,-10.5412294,0.04236190796
246,1.55965438258e+18,2.433938599,-16.72891205,2.775677948
247,1.55965438284e+18,1.80075531,-8.593629456,-1.955533447
248,1.55965438309e+18,1.774709473,-6.479425964,-1.906136169
249,1.55965438334e+18,1.27654541,-5.021906891,-1.819616089
250,1.55965438359e+18,1.442250824,-15.04386612,-5.527405701
251,1.55965438384e+18,2.214794312,-9.045390015,-0.1749861145
252,1.55965438409e+18,2.608325958,-13.38351883,-0.4116439819
253,1.55965438434e+18,3.774850159,-8.331823883,4.946014709
254,1.55965438459e+18,3.465593262,-11.76538376,2.319277039
255,1.55965438484e+18,2.596949615,-11.69248535,-1.146765289
256,1.55965438509e+18,1.059945831,-7.944728851,-1.572779388
257,1.55965438534e+18,1.943258972,-12.44796432,-0.1215472412
258,1.55965438559e+18,-0.4143383789,-7.022796021,-3.232228546
259,1.55965438584e+18,2.298470306,-10.0926123,-4.355343018
260,1.5596543861e+18,1.366358643,-8.109386444,-0.9216334534
261,1.55965438635e+18,2.325863342,-5.122946777,-1.260528717
262,1.5596543866e+18,2.323618011,-4.846172333,-2.376757507
263,1.55965438685e+18,1.695973206,-6.996750183,-0.04326004028
264,1.5596543871e+18,2.055525513,-11.35149445,-1.336570587
265,1.55965438735e+18,2.071691895,-14.01191208,10.67250641
266,1.5596543876e+18,2.925965424,-15.20223679,-6.813231812
267,1.55965438785e+18,3.428021393,-6.082900543,-1.297950897
268,1.5596543881e+18,0.8080197144,-9.889933777,-1.870510254
269,1.55965438835e+18,3.555406494,-11.13010483,3.066672821
270,1.5596543886e+18,2.989882507,-6.926246796,-1.520687714
271,1.55965438885e+18,0.7804769897,-5.405858459,-1.64627655
272,1.5596543891e+18,1.733844452,-6.681655426,-1.320254517
273,1.55965438936e+18,2.009122009,-11.0880423,3.592229919
274,1.55965438961e+18,1.521436157,-3.089724884,1.324296112
275,1.55965438986e+18,1.142873383,-11.37574402,1.322799225
276,1.55965439011e+18,2.688110046,-12.66261795,-2.326013031
277,1.55965439036e+18,-0.2866539001,-7.569608917,0.247585144
278,1.55965439061e+18,1.998194733,-10.1484462,0.7583230591
279,1.55965439086e+18,1.710792389,-16.1005188,-0.1835183716
280,1.55965439111e+18,1.52817215,-11.43097916,-3.990551605
281,1.55965439136e+18,0.7441026306,-9.319919128,-2.496807861
282,1.55965439161e+18,1.48251709,-7.09419754,1.318607941
283,1.55965439186e+18,1.346300354,-9.446256409,-2.157912598
284,1.55965439211e+18,2.375559998,-8.445886688,0.05957611084
285,1.55965439237e+18,3.028352509,-16.14811981,0.7318281555
286,1.55965439262e+18,1.08344696,-2.983296204,-1.259331207
287,1.55965439287e+18,0.9160949707,-12.54421417,-1.344653778
288,1.55965439312e+18,2.141596527,-11.73993668,-0.4816983032
289,1.55965439337e+18,1.045875092,-6.448889465,-1.727557526
290,1.55965439362e+18,1.674567719,-15.41988419,-2.333048401
291,1.55965439387e+18,1.498384094,-8.889863434,-3.16861084
292,1.55965439412e+18,-0.1179547119,-6.243965607,-0.2902464294
293,1.55965439437e+18,1.407972107,-8.672365723,-0.2074685669
294,1.55965439462e+18,3.093467102,-10.20188507,4.423301697
295,1.55965439487e+18,1.915566559,-2.609972534,0.8384065247
296,1.55965439512e+18,3.895948334,-23.67476807,-0.5792953491
297,1.55965439537e+18,1.166973267,-8.421487427,1.574126587
298,1.55965439563e+18,2.438578949,-9.768685913,-0.4098477173
299,1.55965439588e+18,1.504671021,-13.59457993,1.522933044
300,1.55965439613e+18,0.826431427,-12.3249202,-2.359692993
301,1.55965439638e+18,1.999541931,-10.75588303,-0.6406677246
302,1.55965439663e+18,2.050585785,-10.51099228,3.126697998
303,1.55965439688e+18,2.464325409,-11.68574936,0.2067201233
304,1.55965439713e+18,-0.06017486572,-3.930526428,-0.9240284729
305,1.55965439738e+18,0.2523751831,-8.107889557,1.165177002
306,1.55965439763e+18,1.267414398,-8.879385223,2.665956116
307,1.55965439788e+18,1.610800323,-4.879852295,1.606159973
308,1.55965439813e+18,1.147663422,-6.969806213,-1.604064331
309,1.55965439838e+18,0.9729766846,-6.848857727,-0.48559021
310,1.55965439864e+18,2.7590625,-12.45604752,-4.680915985
311,1.55965439889e+18,1.821412354,-9.86613327,2.116897888
312,1.55965439914e+18,2.424358521,-5.382656708,0.2920426941
313,1.55965439939e+18,1.741777954,-7.566016388,1.354383545
314,1.55965439964e+18,1.508413239,-9.398805084,2.006128235
315,1.55965439989e+18,2.671195221,-17.55669067,-1.777703247
316,1.55965440014e+18,0.1001417542,-8.240663452,-0.7475454712
317,1.55965440039e+18,2.281256104,-12.72458908,-1.734143829
318,1.55965440064e+18,1.525477753,-8.400830383,-0.3538641357
319,1.55965440089e+18,1.657054138,-8.563991089,1.282682648
320,1.55965440114e+18,1.399290161,-9.36422699,1.637295227
321,1.55965440139e+18,2.203567657,-7.989635468,0.1128652954
322,1.55965440165e+18,1.117126923,-3.580703888,-0.3724255371
323,1.5596544019e+18,1.385069733,-4.702022095,0.6465055847
324,1.55965440215e+18,1.520687714,-12.19678665,-0.4478686523
325,1.5596544024e+18,1.014290771,-12.87308029,-1.924697571
326,1.55965440265e+18,0.8970845032,-12.39228012,3.281925201
327,1.5596544029e+18,2.074835358,-9.277856598,-1.341210938
328,1.55965440315e+18,0.8999285889,-5.146597595,-1.160836029
329,1.5596544034e+18,1.709894257,-12.85796173,1.266366577
330,1.55965440365e+18,1.666334839,-8.890611877,-0.02215393066
331,1.5596544039e+18,1.744472351,-13.63589401,-0.3594026184
332,1.55965440415e+18,0.392334137,-6.728957062,0.7831713867
333,1.5596544044e+18,1.665137329,-8.071964264,-1.001267853
334,1.55965440466e+18,1.378483429,-9.994715881,-2.119442596
335,1.55965440491e+18,1.128203888,-8.132887573,-1.181343384
336,1.55965440516e+18,1.773212585,-11.3269455,0.3685336304
337,1.55965440541e+18,2.196831665,-11.11214218,-2.367776184
338,1.55965440566e+18,0.8247848511,-4.351451111,-1.940564575
339,1.55965440591e+18,0.1176553345,-6.942413177,-0.9533674622
340,1.55965440616e+18,1.121767273,-7.471562805,-0.5275030518
341,1.55965440641e+18,1.984273682,-7.826624451,0.6535409546
342,1.55965440666e+18,1.640887756,-12.78221924,0.4719685364
343,1.55965440691e+18,1.402733002,-8.724906464,-0.789458313
344,1.55965440716e+18,1.801204376,-11.88348816,-2.06869812
345,1.55965440741e+18,0.4622387695,-12.27597198,-1.560804291
346,1.55965440767e+18,1.740430756,-8.500074005,-1.126557312
347,1.55965440792e+18,1.807640991,-9.728269958,0.9268725586
348,1.55965440817e+18,1.86392395,-10.85886887,2.499053192
349,1.55965440842e+18,1.296903076,-5.73921524,-0.4632865906
350,1.55965440867e+18,2.443518677,-14.9817453,-0.1261875916
351,1.55965440892e+18,1.033899994,-7.183412018,2.233355713
352,1.55965440917e+18,0.5677693176,-4.444707184,-0.8400531006
353,1.55965440942e+18,2.21150116,-15.87344101,4.703369293
354,1.55965440967e+18,2.090253296,-10.18003052,-1.678609314
355,1.55965440992e+18,2.054926758,-7.129673767,-2.851570129
356,1.55965441017e+18,0.8728349304,-10.96290253,-0.1032852173
357,1.55965441042e+18,0.3031196594,-6.997498627,-0.3198847961
358,1.55965441068e+18,1.235979767,-3.322341156,0.8096662903
359,1.55965441093e+18,1.854194183,-9.579030304,-2.5414151
360,1.55965441118e+18,1.172362061,-13.48186432,1.940265198
361,1.55965441143e+18,1.299148407,-10.07854156,-2.48872467
362,1.55965441168e+18,1.160386963,-9.806407471,-1.087488556
363,1.55965441193e+18,1.973496094,-9.367969208,-0.2306703186
364,1.55965441218e+18,2.13066925,-11.40014328,-0.8104147339
365,1.55965441243e+18,0.8783734131,-10.23855881,0.4119433594
366,1.55965441268e+18,1.852846985,-10.42432251,-0.6719526672
367,1.55965441293e+18,0.9985734558,-13.49069595,-2.519710236
368,1.55965441318e+18,1.352437592,-12.17448303,-1.549128571
369,1.55965441343e+18,1.059197388,-8.324938202,0.6086343384
370,1.55965441369e+18,1.880389709,-10.38106247,1.553768921
371,1.55965441394e+18,2.860252075,-12.8437413,1.045875092
372,1.55965441419e+18,0.1707948303,-5.576503601,-1.552122345
373,1.55965441444e+18,1.521436157,-4.284091187,-1.311273193
374,1.55965441469e+18,0.8794212341,-8.280780029,1.966760101
375,1.55965441494e+18,1.971849518,-9.849068756,-0.06960525513
376,1.55965441519e+18,1.778900757,-7.951764221,0.8602610779
377,1.55965441544e+18,2.058818665,-8.026309204,-1.565893707
378,1.55965441569e+18,2.166145477,-9.796078949,-1.268462219
379,1.55965441594e+18,1.682052155,-10.63553329,0.5879772949
380,1.55965441619e+18,2.64320343,-15.81895432,-1.684297485
381,1.55965441644e+18,1.163979492,-3.946243744,-1.705553284
382,1.5596544167e+18,0.6062393188,-12.11311066,0.4040098572
383,1.55965441695e+18,0.8779243469,-6.689738617,-0.7680528259
384,1.5596544172e+18,1.854044495,-17.64201324,7.082970886
385,1.55965441745e+18,0.7039860535,-2.712958374,0.1960922241
386,1.5596544177e+18,1.452729034,-7.777975616,1.737886047
387,1.55965441795e+18,0.97701828,-7.884254608,-2.268233185
388,1.5596544182e+18,1.114432526,-14.67802689,1.365610199
389,1.55965441845e+18,1.41351059,-6.976991272,2.148482208
390,1.5596544187e+18,1.526525574,-5.186265106,0.2891986084
391,1.55965441895e+18,2.541265411,-12.39587265,2.497256927
392,1.5596544192e+18,1.045875092,-8.729097748,-1.912572784
393,1.55965441945e+18,1.117575989,-4.405189362,-1.428928528
394,1.55965441971e+18,1.175655212,-9.699529724,-1.189276886
395,1.55965441996e+18,0.6213578796,-7.409591675,-0.7743397522
396,1.55965442021e+18,0.7024891663,-2.711162109,0.9226812744
397,1.55965442046e+18,0.3755690002,-6.728657684,-1.063688049
398,1.55965442071e+18,1.152303772,-8.733887787,0.3674858093
399,1.55965442096e+18,1.664089508,-7.940986633,-1.294508057
400,1.55965442121e+18,2.387834473,-9.22381897,-2.992127838
401,1.55965442146e+18,1.63924118,-5.26649826,1.907782745
402,1.55965442171e+18,1.590742035,-5.770500183,0.3010240173
403,1.55965442196e+18,2.563718719,-15.41629166,-4.295617218
404,1.55965442221e+18,2.240391083,-9.551188202,2.8081604
405,1.55965442246e+18,0.3246748352,-6.383176117,-1.769769745
406,1.55965442271e+18,0.9843530273,-15.49308197,-4.52119812
407,1.55965442297e+18,1.263821869,-20.99773499,1.721120911
408,1.55965442322e+18,2.868484955,-7.016808472,0.8273295593
409,1.55965442347e+18,2.45833786,-10.61921722,0.254021759
410,1.55965442372e+18,1.519490204,-5.952821045,-2.02424057
411,1.55965442397e+18,1.285077667,-8.538843384,0.2402503967
412,1.55965442422e+18,2.338586884,-16.17656067,-2.341580658
413,1.55965442447e+18,2.193688202,-14.27985489,0.9166937256
414,1.55965442472e+18,1.781744843,-8.581804047,0.09011260986
415,1.55965442497e+18,2.327659607,-7.53652771,0.2107617188
416,1.55965442522e+18,1.307530975,-11.22366028,2.36702774
417,1.55965442547e+18,2.978206787,-30.0949173,3.016377411
418,1.55965442572e+18,2.160606995,-9.49295929,-0.2146536255
419,1.55965442598e+18,1.352287903,-8.649912415,1.420995026
420,1.55965442623e+18,0.8345146179,-9.106163635,-0.2424957275
421,1.55965442648e+18,0.962049408,-8.849597168,0.2989283752
422,1.55965442673e+18,2.394869843,-8.79196701,-0.9198371887
423,1.55965442698e+18,1.470092926,-25.94644409,4.01689682
424,1.55965442723e+18,0.2043251038,-7.404801636,-1.365011444
425,1.55965442748e+18,2.286495209,-4.714446259,-3.978726196
426,1.55965442773e+18,0.9726773071,-11.66419418,-0.5054988098
427,1.55965442798e+18,2.909799042,-12.10293182,2.735411682
428,1.55965442823e+18,2.16000824,-11.55611893,-0.7146139526
429,1.55965442848e+18,3.027304688,-21.62687668,-0.5034031677
430,1.55965442873e+18,2.003882904,-6.504573669,-0.9613009644
431,1.55965442898e+18,2.025138702,-9.85326004,-0.2366578674
432,1.55965442924e+18,1.919009399,-4.188739471,-0.5442681885
433,1.55965442949e+18,1.335223389,-13.12066544,-0.6414161682
434,1.55965442974e+18,1.866768036,-9.630523224,-0.8732839966
435,1.55965442999e+18,1.304387512,-10.29753616,-0.9388476562
436,1.55965443024e+18,2.913092194,-9.904603271,-0.3561094666
437,1.55965443049e+18,0.716559906,-10.3183429,-2.46537323
438,1.55965443074e+18,1.912572784,-10.83147583,0.1884580994
439,1.55965443099e+18,1.107397156,-11.07082809,-1.020128632
440,1.55965443124e+18,1.213975525,-7.436685333,-1.604064331
441,1.55965443149e+18,1.301393738,-5.804030457,0.4290078735
442,1.55965443174e+18,1.315913544,-5.933810577,-1.914967804
443,1.55965443199e+18,-0.1119671631,-12.80093033,-2.944975891
444,1.55965443224e+18,1.535806274,-6.871311035,-0.4031117249
445,1.5596544325e+18,0.6834786987,-8.080496521,0.7550299072
446,1.55965443275e+18,1.108145599,-6.1511586,-1.025816803
447,1.559654433e+18,1.450184326,-3.216810608,-1.181493073
448,1.55965443325e+18,1.620380402,-11.17725677,0.6092330933
449,1.5596544335e+18,1.114582214,-3.665577393,-1.582359467
450,1.55965443375e+18,1.481020203,-16.98622696,1.471440125
451,1.559654434e+18,3.425626373,-19.60039078,-0.4888833618
452,1.55965443425e+18,0.9466314697,-1.0683284,-0.4186793518
453,1.5596544345e+18,0.6828799438,-6.493197327,-0.2053729248
454,1.55965443475e+18,2.259102173,-10.52820648,0.7360194397
455,1.559654435e+18,1.514849854,-3.70449646,-0.5285508728
456,1.55965443525e+18,0.1610650635,-9.618847504,-2.336491241
457,1.5596544355e+18,1.359323273,-10.64945435,-0.5983058167
458,1.55965443576e+18,2.56955658,-10.16790573,-0.01047821045
459,1.55965443601e+18,1.436562653,-12.43883331,1.164877625
460,1.55965443626e+18,2.790048065,-8.590336304,0.1336720276
461,1.55965443651e+18,1.951791229,-6.757098541,0.5688171387
462,1.55965443676e+18,0.08038284302,-10.96634537,-0.8416996765
463,1.55965443701e+18,2.181114349,-15.50041672,0.1434017944
464,1.55965443726e+18,0.7890092468,-5.560786285,-0.05837860107
465,1.55965443751e+18,2.190993805,-11.88199127,-0.288899231
466,1.55965443776e+18,1.884580994,-8.119415588,-3.644321594
467,1.55965443801e+18,1.827100525,-9.454938354,0.8517288208
468,1.55965443826e+18,1.150956573,-10.81950073,0.3094065857
469,1.55965443851e+18,1.570384369,-9.058562622,-0.5462141418
470,1.55965443877e+18,1.356329498,-9.764195251,-1.343905334
471,1.55965443902e+18,1.065484314,-5.048701172,0.3986210632
472,1.55965443927e+18,2.43498642,-11.91731781,1.322649536
473,1.55965443952e+18,1.329984283,-10.67011139,-0.830173645
474,1.55965443977e+18,1.645977173,-15.00554581,-0.3647914124
475,1.55965444002e+18,1.596130829,-7.941136322,0.1558259583
476,1.55965444027e+18,1.74581955,-17.33964203,-0.288899231
477,1.55965444052e+18,1.912872162,-12.34423004,-0.219743042
478,1.55965444077e+18,2.361040192,-12.39572296,0.154329071
479,1.55965444102e+18,2.461780701,-9.101074219,0.5351371765
480,1.55965444127e+18,0.9506730652,-10.79061081,-1.673968964
481,1.55965444153e+18,1.631457367,-11.47064667,0.6004014587
482,1.55965444178e+18,1.209933929,-8.042176208,0.962049408
483,1.55965444203e+18,2.559976501,-8.725804596,0.7339237976
484,1.55965444228e+18,1.630409546,-4.304149475,0.1815724182
485,1.55965444253e+18,0.5487588501,-8.363408203,0.8027806091
486,1.55965444278e+18,0.9621990967,-11.22425903,2.205064545
487,1.55965444303e+18,0.5760021973,-7.231462097,-0.8924441528
488,1.55965444328e+18,0.9738748169,-5.976172485,-0.7550299072
489,1.55965444353e+18,4.995711365,-36.98628662,8.980724487
490,1.55965444378e+18,2.608475647,-8.93716507,-0.6301895142
491,1.55965444403e+18,1.282682648,-10.27373566,-0.8544232178
492,1.55965444428e+18,1.649569702,-13.09896057,-0.2094145203
493,1.55965444454e+18,2.311642914,-10.52880524,0.0556842041
494,1.55965444479e+18,0.01332229614,-7.973469086,-3.898493042
495,1.55965444504e+18,2.602338409,-10.22778122,0.05284011841
496,1.55965444529e+18,1.748663635,-8.24680069,0.4209246826
497,1.55965444554e+18,1.593885498,-12.68926254,-0.5792953491
498,1.55965444579e+18,2.205962677,-6.612050171,-0.01646575928
499,1.55965444604e+18,1.852547607,-12.91199936,0.7580236816
500,1.55965444629e+18,1.727707214,-11.53216873,-0.4324507141
501,1.55965444654e+18,1.089135132,-7.844138031,-0.8167016602
502,1.55965444679e+18,0.9337582397,-12.12807953,-2.464774475
503,1.55965444704e+18,0.9104067993,-6.200406189,-0.7174580383
504,1.55965444729e+18,1.378483429,-10.14320709,0.7282356262
505,1.55965444755e+18,1.785037994,-9.458381195,-0.4065545654
506,1.5596544478e+18,1.739832001,-9.228609009,0.3059637451
507,1.55965444805e+18,0.8797206116,-5.977519684,-2.062261505
508,1.5596544483e+18,0.6595285034,-11.13100296,0.09804611206
509,1.55965444855e+18,2.269430695,-12.05353455,0.7861651611
510,1.5596544488e+18,1.913620605,-10.88132217,0.904119873
511,1.55965444905e+18,0.8288264465,-8.734336853,0.7008425903
512,1.5596544493e+18,1.097817078,-13.58619736,-2.537672882
513,1.55965444955e+18,0.6628216553,-8.429570618,-0.6030958557
514,1.5596544498e+18,0.2703378296,-10.33855087,-0.2468367004
515,1.55965445005e+18,1.097966766,-11.65611099,-0.3517684937
516,1.5596544503e+18,1.493594055,-7.239694977,2.22078186
517,1.55965445056e+18,1.341959381,-9.600136414,0.8334667969
518,1.55965445081e+18,1.596579895,-7.436835022,-0.5695655823
519,1.55965445106e+18,1.22864502,-7.172784119,-0.2189945984
520,1.55965445131e+18,3.56408844,2.048490143,-0.929866333
521,1.55965445156e+18,-0.04370910645,-9.383985901,3.530707855
522,1.55965445181e+18,0.9601034546,-4.038451996,0.7295828247
523,1.55965445206e+18,0.6878196716,-6.757098541,1.697470093
524,1.55965445231e+18,2.946921844,-20.60150894,5.115162964
525,1.55965445256e+18,3.063978424,-5.100493469,-0.107177124
526,1.55965445281e+18,0.8168513489,-10.32672546,-1.279389496
527,1.55965445306e+18,1.350940704,-5.577551422,1.447639618
528,1.55965445331e+18,0.93256073,-8.938811646,2.927612
529,1.55965445357e+18,1.366059265,-5.989943848,1.147214355
530,1.55965445382e+18,1.29061615,-11.4317276,-1.510658569
531,1.55965445407e+18,0.7770341492,-7.46752121,0.4999603271
532,1.55965445432e+18,1.897005157,-18.48820358,7.867040405
533,1.55965445457e+18,1.965861969,-10.57161621,0.8412506104
534,1.55965445482e+18,1.252295837,-11.08864105,2.503693542
535,1.55965445507e+18,2.791694641,-5.713468781,-2.588117981
536,1.55965445532e+18,0.07798782349,-3.076252899,-1.895358582
537,1.55965445557e+18,1.96690979,-9.302854614,2.163900146
538,1.55965445582e+18,2.295775909,-9.558822327,3.481609955
539,1.55965445607e+18,1.325493622,-9.189390564,-1.304387512
540,1.55965445632e+18,2.413431244,-16.45782578,0.1465452576
541,1.55965445657e+18,1.331780548,-6.521787872,-1.25783432
542,1.55965445683e+18,1.757944336,-10.09066635,0.3074606323
543,1.55965445708e+18,2.783312073,-11.88468567,1.830393677
544,1.55965445733e+18,1.777703247,-10.32118698,0.02335144043
545,1.55965445758e+18,1.544188843,-16.98293381,-1.178199921
546,1.55965445783e+18,1.59014328,-7.510332184,-0.6306385803
547,1.55965445808e+18,2.336940308,-9.680668945,1.381477203
548,1.55965445833e+18,2.008972321,-5.234464874,-0.1411564636
549,1.55965445858e+18,1.522483978,-5.77199707,0.4983137512
550,1.55965445883e+18,0.2818638611,-8.087232513,0.5716612244
551,1.55965445908e+18,1.636846161,-13.03324722,-2.400408325
552,1.55965445933e+18,2.01376236,-8.124205627,0.7623646545
553,1.55965445958e+18,0.9072633362,-7.133865051,1.95987442
554,1.55965445984e+18,1.879790955,-14.9339946,-0.3261717224
555,1.55965446009e+18,2.212099915,-5.302124176,0.8020321655
556,1.55965446034e+18,1.663041687,-10.08647507,1.848056946
557,1.55965446059e+18,1.504671021,-2.917133789,0.8872050476
558,1.55965446084e+18,1.783840485,-16.17581223,-4.789290619
559,1.55965446109e+18,1.529369659,-9.580527191,0.1175056458
560,1.55965446134e+18,1.154998169,-7.211553497,0.9942324829
561,1.55965446159e+18,1.344653778,-11.86956711,0.189206543
562,1.55965446184e+18,0.8898994446,-6.277196503,0.4546046448
563,1.55965446209e+18,2.24308548,-8.49363739,1.588197327
564,1.55965446234e+18,0.6679110718,-7.800877991,-1.978286133
565,1.55965446259e+18,0.8050259399,-5.370382233,-0.7565267944
566,1.55965446284e+18,1.673669586,-11.80280594,-0.8030799866
567,1.5596544631e+18,1.420695648,-9.499695282,4.515509949
568,1.55965446335e+18,1.881287842,-8.115823059,-1.08703949
569,1.5596544636e+18,1.988464966,-14.99072662,0.4403842163
570,1.55965446385e+18,1.335672455,-12.68866379,-1.522633667
571,1.5596544641e+18,2.364033966,-18.93682068,-11.19985977
572,1.55965446435e+18,2.318079529,-2.851420441,-2.616858215
573,1.5596544646e+18,0.6521937561,-5.45256134,-1.8791922
574,1.55965446485e+18,0.2727328491,-5.999823303,0.996328125
575,1.5596544651e+18,1.820514221,-10.74809921,-1.271455994
576,1.55965446535e+18,0.7472460938,-1.651815033,-4.295766907
577,1.5596544656e+18,1.814676361,-11.40882523,1.748513947
578,1.55965446586e+18,1.293909302,-13.06797501,2.817890167
579,1.55965446611e+18,1.503772888,-4.925507355,-0.001496887207
580,1.55965446636e+18,1.93068512,-8.98042511,0.7628137207
581,1.55965446661e+18,-0.7788304138,2.355202332,-2.571502533
582,1.55965446686e+18,1.226848755,-13.880186,1.744172974
583,1.55965446711e+18,1.476230164,-9.898316345,-1.712738342
584,1.55965446736e+18,0.9662406921,-9.938432922,0.1118174744
585,1.55965446761e+18,1.425036621,-13.89066422,0.1390608215
586,1.55965446786e+18,2.325563965,-11.20824234,0.7659571838
587,1.55965446811e+18,0.2856060791,-5.764662323,-1.201251984
588,1.55965446836e+18,1.152453461,-3.351231079,-0.3514691162
589,1.55965446861e+18,0.9255253601,-12.72818161,-3.193309479
590,1.55965446886e+18,0.9080117798,-11.03041214,-0.1369651794
591,1.55965446912e+18,1.764231262,-6.88942337,-0.3171903992
592,1.55965446937e+18,1.06009552,-8.987011414,-0.7110214233
593,1.55965446962e+18,0.6761439514,-12.65962418,-1.883533173
594,1.55965446987e+18,1.760189667,-9.160051575,-0.1234931946
595,1.55965447012e+18,2.057770844,-8.19171524,-5.853278046
596,1.55965447037e+18,0.7436535645,-11.83169586,-0.2903961182
597,1.55965447062e+18,1.831291809,-11.84891006,0.8484356689
598,1.55965447087e+18,1.224304047,-8.292006683,-0.07723937988
599,1.55965447112e+18,1.069076843,-8.444090424,-0.2728825378
600,1.55965447137e+18,0.7668553162,-7.008725281,-2.027533722
601,1.55965447162e+18,2.235900421,-17.54920624,2.848875732
602,1.55965447187e+18,1.094823303,-10.11431717,1.584904175
603,1.55965447212e+18,2.738255768,-8.267457733,0.8693920898
604,1.55965447238e+18,2.426603851,-20.6152803,1.419198761
605,1.55965447263e+18,3.840563507,-17.44966324,-7.707172852
606,1.55965447288e+18,1.101559296,-7.855065308,1.101110229
607,1.55965447313e+18,1.177750854,-6.887776794,0.6318360901
608,1.55965447338e+18,1.485510864,-10.44812302,0.007634124756
609,1.55965447363e+18,1.276695099,-11.47783173,-0.6707551575
610,1.55965447388e+18,1.649120636,-9.667496338,1.306034088
611,1.55965447413e+18,2.522554321,-26.49265823,-0.6239025879
612,1.55965447438e+18,1.229543152,-11.72227341,1.56439682
613,1.55965447463e+18,0.827479248,-9.333690491,2.891087952
614,1.55965447488e+18,-1.403182068,-0.573457489,-7.160210266
615,1.55965447513e+18,1.100810852,-12.66695892,-0.8924441528
616,1.55965447538e+18,2.415676575,-10.03258713,-0.4379891968
617,1.55965447564e+18,1.412762146,-9.547595673,-0.4155358887
618,1.55965447589e+18,1.287023621,-9.067094879,0.8334667969
619,1.55965447614e+18,1.420695648,-8.45741272,-0.1139131165
620,1.55965447639e+18,1.674717407,-9.360035706,0.3150947571
621,1.55965447664e+18,2.097138977,-8.973240051,-0.6965016174
622,1.55965447689e+18,1.644480286,-8.080346832,0.8677455139
623,1.55965447714e+18,1.531465302,-8.268804932,0.5035528564
624,1.55965447739e+18,1.1572435,-9.091045074,0.02754272461
625,1.55965447764e+18,1.603764954,-10.46189438,0.07364685059
626,1.55965447789e+18,1.291963348,-10.34019745,0.196690979
627,1.55965447814e+18,1.917662201,-10.1324295,-0.1254391479
628,1.55965447839e+18,1.416504364,-9.851912842,0.6023474121
629,1.55965447864e+18,1.566043396,-9.259145508,-2.502196655
630,1.5596544789e+18,1.037193146,-9.112899628,0.1330732727
631,1.55965447915e+18,1.842518463,-9.04479126,-0.1308279419
632,1.5596544794e+18,1.770667877,-9.438921661,-1.024768982
633,1.55965447965e+18,1.437161407,-10.20158569,0.4372407532
634,1.5596544799e+18,1.863474884,-9.35719162,-0.0802331543
635,1.55965448015e+18,1.58774826,-7.759863281,-0.3595523071
636,1.5596544804e+18,1.845362549,-11.74038574,0.6614744568
637,1.55965448065e+18,1.863025818,-10.60933777,-0.0375718689
638,1.5596544809e+18,0.9496252441,-8.20937851,0.3589535522
639,1.55965448115e+18,1.902094574,-11.78020294,-0.3502716064
640,1.5596544814e+18,1.263073425,-8.336164856,-0.1083746338
641,1.55965448165e+18,1.671873322,-10.27777725,-0.9650431824
642,1.5596544819e+18,1.502874756,-9.548044739,-0.9228309631
643,1.55965448215e+18,1.451381836,-11.48606461,0.1324745178
644,1.55965448241e+18,1.627715149,-11.80924255,-0.2573149109
645,1.55965448266e+18,1.407223663,-13.31181793,2.069147186
646,1.55965448291e+18,1.515747986,-10.04800507,0.07514373779
647,1.55965448316e+18,1.517993317,-8.410709839,0.8476872253
648,1.55965448341e+18,1.868414612,-9.252259827,-0.08562194824
649,1.55965448366e+18,1.543440399,-9.101074219,0.03502716064
650,1.55965448391e+18,1.77740387,-9.632618866,0.06646179199
651,1.55965448416e+18,1.519190826,-9.735005951,0.05942642212
652,1.55965448441e+18,1.580263824,-10.29244675,-0.3719764709
653,1.55965448466e+18,1.0776091,-7.099137268,0.2489323425
654,1.55965448491e+18,0.975970459,-8.666527863,1.659299469
655,1.55965448516e+18,2.706222382,-10.57790314,-1.644330597
656,1.55965448541e+18,0.8593629456,-9.053772583,-0.2951861572
657,1.55965448566e+18,1.474882965,-11.23219254,0.3400927734
658,1.55965448592e+18,1.605261841,-11.4396611,-0.0730480957
659,1.55965448617e+18,1.291963348,-8.167016602,0.09954299927
660,1.55965448642e+18,0.9868977356,-10.29753616,0.2683918762
661,1.55965448667e+18,2.216291199,-10.04022125,-0.08652008057
662,1.55965448692e+18,1.382075958,-9.752220154,-0.2445913696
663,1.55965448717e+18,1.559307404,-10.55964111,-0.3595523071
664,1.55965448742e+18,0.7461982727,-8.052055664,-0.9654922485
665,1.55965448767e+18,1.925895081,-10.04575974,0.06481521606
666,1.55965448792e+18,0.697250061,-11.97554672,0.7339237976
667,1.55965448817e+18,1.917362823,-10.8543782,-0.04236190796
668,1.55965448842e+18,0.74065979,-8.138276367,-1.173858948
669,1.55965448867e+18,1.840722198,-9.35015625,-0.7122189331
670,1.55965448892e+18,1.496438141,-10.50814819,-0.04595443726
671,1.55965448917e+18,1.738335114,-8.608748016,-0.3505709839
672,1.55965448943e+18,1.528022461,-8.653804321,-0.1176553345
673,1.55965448968e+18,1.788031769,-9.186097412,-0.5508544922
674,1.55965448993e+18,1.066232758,-8.925489349,-0.1947450256
675,1.55965449018e+18,1.711241455,-10.72025711,0.9380992126
676,1.55965449043e+18,1.454974365,-10.48734146,-0.02050735474
677,1.55965449068e+18,1.527124329,-10.94763428,0.1652563477
678,1.55965449093e+18,1.263223114,-9.10915741,-1.300196228
679,1.55965449118e+18,1.563498688,-9.777667236,0.904119873
680,1.55965449143e+18,2.091450806,-10.26625122,-0.2965333557
681,1.55965449168e+18,1.32220047,-8.951235809,0.1284329224
682,1.55965449193e+18,1.714534607,-9.537267151,-0.2652484131
683,1.55965449218e+18,1.142424316,-9.771230621,-0.1657054138
684,1.55965449243e+18,1.529219971,-9.827064514,-0.3622467041
685,1.55965449268e+18,1.865271149,-11.97419952,0.8602610779
686,1.55965449293e+18,1.29884903,-9.816885681,-1.123563538
687,1.55965449319e+18,1.363813934,-8.631500702,-0.4111949158
688,1.55965449344e+18,1.331032104,-10.15667908,0.8893006897
689,1.55965449369e+18,1.606908417,-9.135352936,0.3294648743
690,1.55965449394e+18,1.501527557,-11.17082016,-0.121098175
691,1.55965449419e+18,1.159488831,-9.13131134,-0.6271957397
692,1.55965449444e+18,0.7797285461,-4.046984253,1.197509766
693,1.55965449469e+18,3.477418671,-18.25888046,-2.516417084
694,1.55965449494e+18,1.399888916,-6.860982513,1.773961029
695,1.55965449519e+18,1.150657196,-8.049510956,-1.239572296
696,1.55965449544e+18,1.67786087,-8.330177307,-2.227517853
697,1.55965449569e+18,1.562899933,-8.969946899,1.883233795
698,1.55965449594e+18,1.063837738,-7.001540222,-1.04722229
699,1.55965449619e+18,1.361568604,-11.43606857,-1.855840759
700,1.55965449644e+18,2.319726105,-9.038504333,-1.94116333
701,1.55965449669e+18,1.704056396,-9.884994049,0.2161505127
702,1.55965449695e+18,1.032552795,-8.48315918,0.2915936279
703,1.5596544972e+18,1.820214844,-11.93932205,-1.079704742
704,1.55965449745e+18,1.089733887,-9.696236572,0.5598358154
705,1.5596544977e+18,0.8220904541,-9.378447418,-1.008303223
706,1.55965449795e+18,1.12565918,-9.874216461,-0.4577481079
707,1.5596544982e+18,1.660646667,-7.045997772,-0.3165916443
708,1.55965449845e+18,2.972967682,-17.96234711,3.226091309
709,1.5596544987e+18,1.444645844,-9.267677765,-1.532662811
710,1.55965449895e+18,1.149759064,-11.27320724,-0.375718689
711,1.5596544992e+18,1.626517639,-10.92009155,-1.197509766
712,1.55965449945e+18,0.889151001,-10.37372772,0.09460327148
713,1.5596544997e+18,1.543739777,-9.799821167,-0.01856140137
714,1.55965449995e+18,1.377585297,-9.808652802,-1.049467621
715,1.5596545002e+18,1.362766113,-10.91739716,-0.4444258118
716,1.55965450046e+18,1.270857239,-9.285341034,-1.12790451
717,1.55965450071e+18,0.9644444275,-9.336384888,-0.602946167
718,1.55965450096e+18,1.830543365,-15.54517365,-2.992277527
719,1.55965450121e+18,0.8690927124,-7.453001404,0.4311035156
720,1.55965450146e+18,1.848506012,-6.916666718,0.9229806519
721,1.55965450171e+18,1.215023346,-8.657696228,-0.5804928589
722,1.55965450196e+18,0.7506889343,-8.067473602,-1.47787674
723,1.55965450221e+18,1.898502045,-8.366851044,-2.439327393
724,1.55965450246e+18,0.7607180786,-12.72054749,-0.7457492065
725,1.55965450271e+18,2.686613159,-10.71741302,-0.1344204712
726,1.55965450296e+18,1.128952332,-18.71333542,-3.126548309
727,1.55965450321e+18,1.795516205,-9.830507355,0.09265731812
728,1.55965450346e+18,1.448837128,-6.957531738,0.7964936829
729,1.55965450371e+18,0.7454498291,-13.68259689,0.6744973755
730,1.55965450396e+18,1.171613617,-4.851112061,-0.7429051208
731,1.55965450422e+18,-0.4715194702,-7.266339569,2.820883942
732,1.55965450447e+18,1.416055298,-7.038213959,-2.048490143
733,1.55965450472e+18,2.064955902,-16.60257477,-0.1049317932
734,1.55965450497e+18,0.9851014709,-12.99597473,-0.08622070312
735,1.55965450522e+18,3.379821625,-20.81616257,-0.5891748047
736,1.55965450547e+18,1.268462219,-7.602540436,-4.870571594
737,1.55965450572e+18,1.712289276,-10.78267731,-1.06713089
738,1.55965450597e+18,2.393822021,-10.00474503,1.179547119
739,1.55965450622e+18,0.8259823608,-10.53000275,5.466033325
740,1.55965450647e+18,1.740730133,-5.321733398,0.01167572021
741,1.55965450672e+18,1.402733002,-3.329226837,-1.305734711
742,1.55965450697e+18,1.928140411,-10.87249054,0.5981561279
743,1.55965450722e+18,0.916993103,-11.00870728,-0.1568737793
744,1.55965450747e+18,1.282532959,-5.125192108,-0.5763015747
745,1.55965450773e+18,1.90134613,-10.56697586,-0.03023712158
746,1.55965450798e+18,1.322948914,-13.19925201,0.8455915833
747,1.55965450823e+18,1.759890289,-14.72712479,-1.5925383
748,1.55965450848e+18,1.032852173,-4.447700958,0.5098397827
749,1.55965450873e+18,2.726879425,-10.7455545,0.6032455444
750,1.55965450898e+18,1.503922577,-11.99560501,-1.430425415
751,1.55965450923e+18,0.7902067566,-9.736652527,2.031425629
752,1.55965450948e+18,0.7011419678,-3.754941559,-3.029999084
753,1.55965450973e+18,1.704954529,-8.681796112,5.350174255
754,1.55965450998e+18,1.068927155,-3.326831818,0.799637146
755,1.55965451023e+18,0.7622149658,-8.185128937,-2.555186462
756,1.55965451048e+18,1.72351593,-9.429940338,-0.7261399841
757,1.55965451073e+18,2.031126251,-6.970704346,-2.435285797
758,1.55965451098e+18,1.766476593,-11.01574265,-1.783990173
759,1.55965451123e+18,0.4900808716,-10.35786072,-1.50003067
760,1.55965451149e+18,0.8705895996,-5.026247864,-1.617835693
761,1.55965451174e+18,-0.4733157349,-10.45081741,-1.156195679
762,1.55965451199e+18,2.578537903,-12.29498245,1.749112701
763,1.55965451224e+18,1.032103729,-13.87045624,-3.003055115
764,1.55965451249e+18,0.4141886902,-8.194409637,-2.449805603
765,1.55965451274e+18,1.820813599,-7.280859375,-0.7966433716
766,1.55965451299e+18,0.5516029358,-11.2977562,0.348924408
767,1.55965451324e+18,1.377435608,-10.7735463,-1.330583038
768,1.55965451349e+18,1.663191376,-12.18091965,0.5882766724
769,1.55965451374e+18,1.186283112,-9.474846954,-2.059866486
770,1.55965451399e+18,1.331630859,-9.213191071,-0.182769928
771,1.55965451424e+18,1.387913818,-6.539451141,-0.5346881104
772,1.55965451449e+18,1.603465576,-8.336464233,-0.9653425598
773,1.55965451474e+18,0.9484277344,-8.374036102,-0.4614903259
774,1.55965451499e+18,1.701511688,-12.16939362,1.46260849
775,1.55965451524e+18,0.6851252747,-5.014721832,0.2052232361
776,1.5596545155e+18,2.026485901,-13.30792603,-1.175206146
777,1.55965451575e+18,1.795366516,-10.09740234,0.409997406
778,1.559654516e+18,2.383343811,-13.09641586,1.368454285
779,1.55965451625e+18,2.184407501,-10.08587631,1.563648376
780,1.5596545165e+18,0.8641529846,-8.240064697,0.08053253174
781,1.55965451675e+18,1.712738342,-9.343569946,-1.766027527
782,1.559654517e+18,1.843117218,-6.526577911,-1.112187195
783,1.55965451725e+18,1.721420288,-9.647887115,-0.8693920898
784,1.5596545175e+18,0.9985734558,-5.605393524,-0.5152285767
785,1.55965451775e+18,0.997375946,-7.111561432,0.3083587646
786,1.559654518e+18,1.500330048,-5.983357544,-0.1380130005
787,1.55965451825e+18,1.752854919,-14.35619614,-0.4457730103
788,1.5596545185e+18,1.394350433,-7.341183929,0.168848877
789,1.55965451875e+18,1.413660278,-9.762099609,-0.7120692444
790,1.559654519e+18,1.957180023,-7.560627594,1.660946045
791,1.55965451926e+18,-0.1489402771,-9.10331955,-3.117866364
792,1.55965451951e+18,0.3589535522,-8.949439545,-1.599124603
793,1.55965451976e+18,2.321522369,-9.754166107,0.8066725159
794,1.55965452001e+18,0.9586065674,-6.327641602,-0.1219963074
795,1.55965452026e+18,1.16427887,-9.825567627,0.4005670166
796,1.55965452051e+18,1.100212097,-12.5969046,-2.427202606
797,1.55965452076e+18,1.336420898,-9.918224945,0.1175056458
798,1.55965452101e+18,0.7280859375,-7.396419067,-0.5529501343
799,1.55965452126e+18,1.591041412,-12.80691788,0.008382568359
800,1.55965452151e+18,1.9681073,-9.413923645,0.09520202637
801,1.55965452176e+18,1.353335724,-10.29514114,-0.7246430969
802,1.55965452201e+18,0.3649411011,-10.46309189,-1.893562317
803,1.55965452226e+18,1.447789307,-10.51278854,0.8123606873
804,1.55965452251e+18,1.202449493,-9.219028931,-0.4231700134
805,1.55965452276e+18,0.9099577332,-12.07987976,-1.595532074
806,1.55965452301e+18,2.792143707,-10.67475174,-5.965843964
807,1.55965452327e+18,2.846181335,-9.521400146,1.217568054
808,1.55965452352e+18,3.070415039,-12.90586212,-1.172811127
809,1.55965452377e+18,3.502266998,-4.911436615,-1.918410645
810,1.55965452402e+18,-0.033230896,-13.05884399,2.583028564
811,1.55965452427e+18,2.717299347,-5.241799622,4.383334808
812,1.55965452452e+18,1.666035461,-8.028255157,8.29006073
813,1.55965452477e+18,0.4040098572,-0.9837542725,10.06402176
814,1.55965452502e+18,-1.758243713,-1.038690033,9.110953674
815,1.55965452527e+18,-0.09714797974,3.649710388,9.773026886
816,1.55965452552e+18,0.1514849854,5.571264496,9.259893951
817,1.55965452577e+18,-3.043171692,5.292993164,7.427105255
818,1.55965452602e+18,-2.642904053,6.014343109,7.251370697
