,Time (s),X (µT),Y (µT),Z (µT)
0,1.559654092e+18,-18.91346741,-20.26633453,-18.21795654
1,1.55965409225e+18,-21.54638672,-18.56656647,-18.32202148
2,1.5596540925e+18,-23.48335266,-17.76062775,-19.54486084
3,1.55965409275e+18,-29.53842163,-14.29322052,-12.39471436
4,1.559654093e+18,-33.5944519,0.4737472534,6.99029541
5,1.55965409325e+18,-30.39772034,17.50009918,11.08624268
6,1.5596540935e+18,-16.89125061,21.15367889,28.58660889
7,1.55965409375e+18,-10.21202087,21.00019073,30.19598389
8,1.559654094e+18,-4.125244141,28.24459076,18.74176025
9,1.55965409425e+18,-13.53137207,22.32077789,15.47857666
10,1.5596540945e+18,-5.352722168,25.86782074,16.06719971
11,1.55965409475e+18,6.870651245,25.51444244,19.24078369
12,1.55965409499e+18,1.106826782,24.95847321,19.03778076
13,1.55965409524e+18,-10.02638245,25.88170624,13.27862549
14,1.55965409549e+18,-16.93560791,18.77178192,15.77636719
15,1.55965409574e+18,2.913024902,29.99662018,14.37225342
16,1.55965409599e+18,5.233566284,29.0704422,16.83850098
17,1.55965409624e+18,-3.530212402,29.74185944,11.68652344
18,1.55965409649e+18,-14.45755005,24.44004059,14.92614746
19,1.55965409674e+18,-3.521774292,29.14078522,14.55584717
20,1.55965409699e+18,0.1581878662,26.45781708,22.47894287
21,1.55965409724e+18,-0.6912231445,29.75643158,17.07116699
22,1.55965409749e+18,-21.25692749,19.96552277,17.26824951
23,1.55965409774e+18,-20.29904175,20.74303436,19.62878418
24,1.55965409799e+18,-19.01916504,22.60987091,20.72271729
25,1.55965409824e+18,-25.8979187,21.68073273,13.03192139
26,1.55965409849e+18,-26.69515991,24.67963409,0.8283691406
27,1.55965409874e+18,-33.16844177,17.34549713,8.061340332
28,1.55965409899e+18,-30.89900208,3.275276184,14.96844482
29,1.55965409924e+18,-30.89556885,9.657264709,11.25299072
30,1.55965409949e+18,-33.70957947,13.23938751,0.05816650391
31,1.55965409974e+18,-25.64199829,24.2453537,-10.3862915
32,1.55965409999e+18,-30.3835907,17.3050766,-11.46862793
33,1.55965410024e+18,-35.20877075,1.021186829,-6.527954102
34,1.55965410049e+18,-29.35852051,18.14069366,-10.38818359
35,1.55965410074e+18,-12.49957275,30.85305023,-13.49523926
36,1.55965410098e+18,-18.23628235,25.43553925,-16.30108643
37,1.55965410123e+18,-31.70649719,8.810264587,-11.84893799
38,1.55965410148e+18,-27.77507019,16.5238266,-13.54467773
39,1.55965410173e+18,-6.306091309,30.58655548,-14.36480713
40,1.55965410198e+18,-6.653686523,28.38552094,-17.53387451
41,1.55965410223e+18,-26.58529663,13.41114044,-15.47644043
42,1.55965410248e+18,-25.41192627,12.99953461,-17.23999023
43,1.55965410273e+18,-6.797622681,28.61910248,-18.90124512
44,1.55965410298e+18,-2.346984863,28.06475067,-21.81085205
45,1.55965410323e+18,-26.16014099,14.34528351,-18.19750977
46,1.55965410348e+18,-26.92903137,8.55644989,-21.56854248
47,1.55965410373e+18,-10.98658752,27.87377167,-20.12335205
48,1.55965410398e+18,1.86315918,30.13036346,-20.42266846
49,1.55965410423e+18,-23.77906799,13.92571259,-26.21112061
50,1.55965410448e+18,-29.4654541,-4.179481506,-25.30340576
51,1.55965410473e+18,-21.19171143,13.59371185,-31.10333252
52,1.55965410498e+18,5.010314941,29.27962494,-27.87939453
53,1.55965410523e+18,4.104171753,25.02571869,-34.48370361
54,1.55965410548e+18,-24.01010132,-4.864494324,-34.20141602
55,1.55965410573e+18,-31.38397217,-4.421363831,-15.63739014
56,1.55965410598e+18,-29.4813385,7.692649841,-17.50738525
57,1.55965410623e+18,-16.48278809,14.53092194,-25.55926514
58,1.55965410648e+18,-7.697784424,21.16538239,-22.31018066
59,1.55965410673e+18,-29.84068298,27.78948212,-9.340332031
60,1.55965410698e+18,-35.30883789,36.37760162,2.747314453
61,1.55965410722e+18,-23.85054016,46.02033234,5.759338379
62,1.55965410747e+18,-31.76869202,49.31981659,5.840209961
63,1.55965410772e+18,-20.56958008,56.18634796,13.51092529
64,1.55965410797e+18,-12.21643066,47.7271347,15.5770874
65,1.55965410822e+18,-23.20918274,33.2767868,17.50970459
66,1.55965410847e+18,-7.193725586,38.65209198,23.74981689
67,1.55965410872e+18,-2.543609619,32.88220978,32.59393311
68,1.55965410897e+18,-2.102172852,36.63690948,18.92681885
69,1.55965410922e+18,-16.6252594,25.10671234,18.12158203
70,1.55965410947e+18,-7.659011841,30.22116852,17.12188721
71,1.55965410972e+18,2.940887451,28.7360611,22.32745361
72,1.55965410997e+18,-3.825149536,29.99408722,6.871948242
73,1.55965411022e+18,-18.96704102,21.2080307,14.21148682
74,1.55965411047e+18,-15.74598694,28.60558319,12.18310547
75,1.55965411072e+18,-0.652130127,35.82936859,13.87701416
76,1.55965411097e+18,-4.627563477,35.63871002,7.178100586
77,1.55965411122e+18,-15.56552124,23.54123688,10.39111328
78,1.55965411147e+18,-23.49415588,21.62873077,8.463195801
79,1.55965411172e+18,-2.651367188,34.46846771,4.518127441
80,1.55965411197e+18,0.5116729736,36.2193222,3.225891113
81,1.55965411222e+18,-22.47338867,29.74774933,3.523254395
82,1.55965411247e+18,-30.48242188,14.57685089,17.96429443
83,1.55965411272e+18,-21.74281311,27.48490143,16.74005127
84,1.55965411297e+18,-32.88464355,21.49263763,8.576599121
85,1.55965411321e+18,-32.75682068,25.03752899,-7.190368652
86,1.55965411346e+18,-36.38952637,21.90981293,-4.793151855
87,1.55965411371e+18,-40.02661133,1.800437927,9.160644531
88,1.55965411396e+18,-39.43914795,3.302207947,10.93688965
89,1.55965411421e+18,-36.14196777,17.61141205,1.265197754
90,1.55965411446e+18,-34.47280884,14.34392548,-15.84820557
91,1.55965411471e+18,-28.96913147,13.6259079,-25.7220459
92,1.55965411496e+18,-35.33299255,11.4832077,-14.89215088
93,1.55965411521e+18,-36.63337708,11.48700714,-3.302062988
94,1.55965411546e+18,-26.62620544,27.48046112,-11.5100708
95,1.55965411571e+18,-15.12045288,36.39136505,-11.06585693
96,1.55965411596e+18,-14.13372803,29.01087189,-4.995056152
97,1.55965411621e+18,-26.88079834,14.28675079,-6.945495605
98,1.55965411646e+18,-26.07946777,12.39315033,-12.75921631
99,1.55965411671e+18,-5.360717773,25.91822052,-12.86724854
100,1.55965411696e+18,-4.665222168,24.07506561,-16.51782227
101,1.55965411721e+18,-20.11166382,15.49240875,-18.97772217
102,1.55965411746e+18,-20.302948,16.46212006,-24.41381836
103,1.55965411771e+18,-4.768692017,25.70543671,-24.75164795
104,1.55965411796e+18,1.413711548,27.94191742,-25.99713135
105,1.55965411821e+18,-25.56851196,19.36511993,-21.48944092
106,1.55965411846e+18,-30.26025391,5.897926331,-21.60241699
107,1.55965411871e+18,-20.92933655,17.66107941,-26.28930664
108,1.55965411896e+18,-1.638168335,25.32100677,-27.31036377
109,1.5596541192e+18,-6.393539429,22.5779953,-29.21990967
110,1.55965411945e+18,-26.35609436,11.8793869,-24.45770264
111,1.5596541197e+18,-30.86683655,7.335884094,-21.85424805
112,1.55965411995e+18,-14.12811279,23.50188446,-28.53851318
113,1.5596541202e+18,4.42036438,28.70305634,-27.90447998
114,1.55965412045e+18,-21.49606323,15.58463287,-36.85675049
115,1.5596541207e+18,-32.32006836,3.849784851,-14.80682373
116,1.55965412095e+18,-29.98377991,11.60903168,-11.2588501
117,1.5596541212e+18,-24.18571472,19.3919754,-14.82397461
118,1.55965412145e+18,-13.59138489,25.75534821,-20.4621582
119,1.5596541217e+18,-7.716659546,28.3780899,-17.88238525
120,1.55965412195e+18,-19.87443542,27.47696686,-2.368408203
121,1.5596541222e+18,-20.21502686,30.43842316,4.987915039
122,1.55965412245e+18,-8.067810059,36.60050201,4.661315918
123,1.5596541227e+18,-15.04316711,34.05571747,9.386657715
124,1.55965412295e+18,-5.106018066,38.2726059,12.36474609
125,1.5596541232e+18,-13.13598633,37.45598602,8.85925293
126,1.55965412345e+18,-24.00039673,29.85262299,12.78582764
127,1.5596541237e+18,-12.53089905,36.07506561,14.45111084
128,1.55965412395e+18,-5.714752197,34.518013,21.65704346
129,1.5596541242e+18,-12.49934387,35.60042572,15.45684814
130,1.55965412445e+18,-24.28894043,23.37186432,17.77166748
131,1.5596541247e+18,-24.79364014,22.29468536,16.28234863
132,1.55965412495e+18,-9.016265869,35.1155777,14.21081543
133,1.55965412519e+18,-5.624053955,34.59343719,16.2699585
134,1.55965412544e+18,-14.03495789,31.98403168,10.51898193
135,1.55965412569e+18,-20.33555603,25.56719208,14.27703857
136,1.55965412594e+18,-22.15600586,24.87998199,14.38952637
137,1.55965412619e+18,-7.097351074,34.31653595,11.02947998
138,1.55965412644e+18,-4.931243896,35.81737518,6.423583984
139,1.55965412669e+18,-21.88879395,21.59078217,15.53814697
140,1.55965412694e+18,-28.19270325,10.11927032,15.88586426
141,1.55965412719e+18,-12.87503052,28.32123566,14.1260376
142,1.55965412744e+18,-9.153640747,32.11704254,6.633361816
143,1.55965412769e+18,-20.10263062,20.24529266,17.23455811
144,1.55965412794e+18,-25.50775146,12.27091217,15.97106934
145,1.55965412819e+18,-15.01377869,25.59947968,13.34368896
146,1.55965412844e+18,-21.1892395,19.19881439,11.79498291
147,1.55965412869e+18,-22.81950378,22.96926117,2.163757324
148,1.55965412894e+18,-24.45098877,21.16519928,-1.514648438
149,1.55965412919e+18,-35.11585999,5.68106842,6.594116211
150,1.55965412944e+18,-36.26899719,8.102302551,5.622009277
151,1.55965412969e+18,-30.13342285,21.82358551,-5.836547852
152,1.55965412994e+18,-18.32522583,28.71030426,-15.53314209
153,1.55965413019e+18,-23.68452454,25.74221039,-21.76245117
154,1.55965413044e+18,-38.27072144,14.65714264,-8.06262207
155,1.55965413069e+18,-34.35758972,21.73685455,-5.793395996
156,1.55965413094e+18,-19.53601074,36.86740875,-11.3729248
157,1.55965413118e+18,-9.05015564,42.60019684,-7.387268066
158,1.55965413143e+18,-15.52534485,35.58634186,-8.928894043
159,1.55965413168e+18,-36.2281189,12.80364227,-3.067871094
160,1.55965413193e+18,-20.49223328,29.6528244,-11.71063232
161,1.55965413218e+18,4.645004272,34.35300446,-9.944458008
162,1.55965413243e+18,-0.614151001,34.89006805,-15.26184082
163,1.55965413268e+18,-27.68228149,24.20789337,-11.81585693
164,1.55965413293e+18,-28.97009277,22.10753632,-12.96429443
165,1.55965413318e+18,0.04095458984,34.22875214,-16.05792236
166,1.55965413343e+18,6.194046021,32.79921722,-18.71258545
167,1.55965413368e+18,-26.96554565,26.71100616,-15.8638916
168,1.55965413393e+18,-32.64187622,18.71816254,-12.15075684
169,1.55965413418e+18,-11.83839417,30.55002594,-22.80706787
170,1.55965413443e+18,-1.447174072,30.47475433,-25.59082031
171,1.55965413468e+18,-27.84159851,25.24033356,-16.18005371
172,1.55965413493e+18,-38.00126648,14.74704742,-11.38079834
173,1.55965413518e+18,-19.01747131,29.71955109,-23.7300415
174,1.55965413543e+18,5.660858154,34.33475494,-24.80450439
175,1.55965413568e+18,-5.034057617,29.8817215,-34.17730713
176,1.55965413593e+18,-37.33883667,4.742301941,-13.5413208
177,1.55965413618e+18,-34.50585938,2.340675354,-10.73468018
178,1.55965413643e+18,-27.70339966,18.71776581,-8.216247559
179,1.55965413668e+18,-18.2940979,24.94193268,-18.13311768
180,1.55965413693e+18,-0.2699432373,30.33156586,-17.26287842
181,1.55965413717e+18,-5.481369019,25.1974411,-22.62139893
182,1.55965413742e+18,-26.03060913,24.52317047,-2.266662598
183,1.55965413767e+18,-31.03746033,19.39473724,4.274169922
184,1.55965413792e+18,-18.22396851,31.88173676,4.699523926
185,1.55965413817e+18,-4.442489624,37.78533173,6.693847656
186,1.55965413842e+18,-3.701934814,37.01248932,10.51629639
187,1.55965413867e+18,-20.13006592,36.8789444,9.854675293
188,1.55965413892e+18,-33.30534363,22.70146942,19.68066406
189,1.55965413917e+18,-22.69953918,34.87831879,17.61743164
190,1.55965413942e+18,-15.9311676,39.12975311,14.60675049
191,1.55965413967e+18,-14.73371887,37.74958038,18.88677979
192,1.55965413992e+18,-28.8160553,19.90413666,18.87402344
193,1.55965414017e+18,-18.35783386,34.86746979,12.30352783
194,1.55965414042e+18,4.246841431,45.82733917,16.20819092
195,1.55965414067e+18,-1.453323364,41.82819366,4.968811035
196,1.55965414092e+18,-20.46862793,23.46498871,14.19873047
197,1.55965414117e+18,-14.09817505,31.58267975,10.70147705
198,1.55965414142e+18,5.962799072,34.44432831,14.99810791
199,1.55965414167e+18,0.4809570312,35.84816742,5.489807129
200,1.55965414192e+18,-19.00923157,23.70172882,12.73638916
201,1.55965414217e+18,-16.33357239,25.48926544,13.22772217
202,1.55965414242e+18,-3.117675781,32.23789215,11.46905518
203,1.55965414267e+18,-1.3959198,33.36884308,8.108947754
204,1.55965414292e+18,-22.76829529,21.17881012,10.89654541
205,1.55965414316e+18,-25.76681519,12.32024384,15.76239014
206,1.55965414341e+18,-22.24746704,20.24123383,15.16485596
207,1.55965414366e+18,-28.64779663,17.83246613,7.461791992
208,1.55965414391e+18,-28.77984619,19.86869049,-4.428771973
209,1.55965414416e+18,-35.5737915,12.82735443,-2.467529297
210,1.55965414441e+18,-38.5078125,4.688529968,0.7157592773
211,1.55965414466e+18,-34.1690979,19.41613007,-0.9827270508
212,1.55965414491e+18,-27.32293701,26.93473053,-9.620544434
213,1.55965414516e+18,-19.42623901,31.31327057,-11.45672607
214,1.55965414541e+18,-30.84555054,20.07648468,-9.685852051
215,1.55965414566e+18,-30.6368866,21.84099579,-10.4442749
216,1.55965414591e+18,-13.32702637,31.40607452,-12.64916992
217,1.55965414616e+18,-2.299316406,32.64272308,-15.69329834
218,1.55965414641e+18,-23.05848694,26.47064972,-8.217956543
219,1.55965414666e+18,-32.80575562,11.39057159,-6.618225098
220,1.55965414691e+18,-18.90771484,26.13303375,-13.71594238
221,1.55965414716e+18,0.9672851562,31.41016388,-16.59991455
222,1.55965414741e+18,-19.41041565,24.69670868,-14.90252686
223,1.55965414766e+18,-32.54719543,7.560340881,-7.805419922
224,1.55965414791e+18,-24.01200867,21.28501129,-13.98809814
225,1.55965414816e+18,-2.175125122,31.22464752,-16.61071777
226,1.55965414841e+18,-20.59474182,22.85289764,-16.50933838
227,1.55965414866e+18,-35.16703796,6.940284729,-7.792419434
228,1.55965414891e+18,-28.16973877,17.36061859,-15.73925781
229,1.55965414915e+18,-1.852005005,29.43958282,-21.62353516
230,1.5596541494e+18,-6.239578247,27.20920563,-25.16156006
231,1.55965414965e+18,-34.16772461,10.20795441,-16.82183838
232,1.5596541499e+18,-36.96302795,-3.119789124,-9.135314941
233,1.55965415015e+18,-35.62954712,9.760108948,-9.942321777
234,1.5596541504e+18,-24.61131287,19.30413055,-25.98022461
235,1.55965415065e+18,-6.633178711,27.02257538,-31.62280273
236,1.5596541509e+18,-12.01530457,25.99292755,-23.10992432
237,1.55965415115e+18,-27.30836487,17.52217865,-11.2635498
238,1.5596541514e+18,-25.0058136,22.40772247,-5.838623047
239,1.55965415165e+18,-17.6656189,29.75913239,2.386962891
240,1.5596541519e+18,-14.08886719,31.35419464,2.421813965
241,1.55965415215e+18,-4.838607788,36.88463593,8.24230957
242,1.5596541524e+18,-13.27047729,31.25322723,9.166442871
243,1.55965415265e+18,-19.76196289,24.76839447,15.0413208
244,1.5596541529e+18,-2.688034058,35.12186432,11.23065186
245,1.55965415315e+18,2.030014038,33.73816681,14.99481201
246,1.5596541534e+18,-11.44825745,32.58055878,11.04333496
247,1.55965415365e+18,-24.33432007,20.62625885,13.38592529
248,1.5596541539e+18,-5.69140625,33.04767609,12.22747803
249,1.55965415415e+18,3.795913696,32.62552643,14.71765137
250,1.5596541544e+18,-3.104858398,33.45635223,7.436279297
251,1.55965415465e+18,-18.06286621,22.56969452,14.49395752
252,1.5596541549e+18,-11.43644714,28.85822296,11.39605713
253,1.55965415515e+18,2.739074707,31.72251129,13.14569092
254,1.55965415539e+18,1.064086914,34.03557587,3.048278809
255,1.55965415564e+18,-19.65899658,21.26062775,12.23443604
256,1.55965415589e+18,-18.17288208,23.78185272,9.313476562
257,1.55965415614e+18,2.470794678,31.71749115,9.653503418
258,1.55965415639e+18,3.062210083,31.89000702,2.327392578
259,1.55965415664e+18,-20.40435791,16.95703888,3.719299316
260,1.55965415689e+18,-24.46656799,14.16239166,6.065368652
261,1.55965415714e+18,-18.58782959,21.31472015,-3.93548584
262,1.55965415739e+18,-13.45121765,24.30089569,-9.104675293
263,1.55965415764e+18,-28.3714447,18.36943817,4.669677734
264,1.55965415789e+18,-32.78277588,0.7529373169,15.44445801
265,1.55965415814e+18,-34.23310852,12.87572479,10.47088623
266,1.55965415839e+18,-31.32861328,22.46846771,-0.9025878906
267,1.55965415864e+18,-28.44235229,25.66558075,-10.57537842
268,1.55965415889e+18,-37.26930237,11.88629913,0.2256469727
269,1.55965415914e+18,-36.4130249,8.40348053,1.847717285
270,1.55965415939e+18,-33.14299011,17.49692535,-1.815795898
271,1.55965415964e+18,-22.30935669,29.54158783,-9.121765137
272,1.55965415989e+18,-21.56536865,27.99674225,-9.212097168
273,1.55965416014e+18,-29.22969055,15.48473358,-2.112426758
274,1.55965416039e+18,-31.32846069,9.980522156,-3.536315918
275,1.55965416064e+18,-20.63645935,23.28548431,-9.488464355
276,1.55965416089e+18,-8.907531738,30.08724213,-10.68035889
277,1.55965416114e+18,-16.39868164,24.94956207,-12.45159912
278,1.55965416138e+18,-31.24975586,12.10424042,-8.673461914
279,1.55965416163e+18,-30.51719666,12.61191559,-11.9173584
280,1.55965416188e+18,-7.977859497,28.32566071,-18.3994751
281,1.55965416213e+18,-9.838790894,29.1969986,-19.92248535
282,1.55965416238e+18,-34.7097168,20.05252838,-16.08837891
283,1.55965416263e+18,-34.69718933,7.029014587,-2.183288574
284,1.55965416288e+18,-27.890625,19.52559662,-12.3659668
285,1.55965416313e+18,-9.180648804,30.89550018,-16.36956787
286,1.55965416338e+18,-20.92877197,21.74227142,-14.46490479
287,1.55965416363e+18,-33.00119019,2.184593201,-13.84716797
288,1.55965416388e+18,-28.50508118,13.06024933,-18.6807251
289,1.55965416413e+18,-8.440093994,23.936409,-22.95965576
290,1.55965416438e+18,-28.48699951,14.55095673,-25.33331299
291,1.55965416463e+18,-32.94221497,4.473777771,-10.26159668
292,1.55965416488e+18,-29.63084412,10.77335358,-13.07098389
293,1.55965416513e+18,-20.88357544,23.43087006,-16.84503174
294,1.55965416538e+18,-13.15350342,33.55425262,-11.84674072
295,1.55965416563e+18,3.297607422,33.98032379,-17.46154785
296,1.55965416588e+18,-21.02484131,25.67168427,-12.95074463
297,1.55965416613e+18,-21.08239746,29.12776947,-3.142272949
298,1.55965416638e+18,-14.72097778,35.35900116,3.153442383
299,1.55965416663e+18,-6.180969238,35.60884857,15.49731445
300,1.55965416688e+18,-0.7127532959,38.82405853,13.84564209
301,1.55965416713e+18,-15.62480164,36.10164642,11.58129883
302,1.55965416738e+18,-26.58287048,25.77419281,17.0411377
303,1.55965416762e+18,-11.99357605,32.90061188,18.19842529
304,1.55965416787e+18,-5.829696655,31.19937897,20.7310791
305,1.55965416812e+18,-8.247695923,37.94747162,17.53179932
306,1.55965416837e+18,-24.33880615,25.6138382,16.92578125
307,1.55965416862e+18,-14.74659729,32.8599472,19.40234375
308,1.55965416887e+18,-5.02230835,31.89813995,26.47686768
309,1.55965416912e+18,-1.564575195,39.15110016,12.5446167
310,1.55965416937e+18,-20.39588928,27.86051178,16.64819336
311,1.55965416962e+18,-18.22987366,29.97257233,16.06121826
312,1.55965416987e+18,2.725921631,38.0807724,15.01025391
313,1.55965417012e+18,-0.6382446289,38.76148224,10.09661865
314,1.55965417037e+18,-15.44949341,31.23491669,12.67248535
315,1.55965417062e+18,-15.23887634,31.10968781,11.28051758
316,1.55965417087e+18,-2.820220947,36.34233856,9.700012207
317,1.55965417112e+18,-0.8995819092,35.9457016,10.89025879
318,1.55965417137e+18,-7.695373535,34.43064117,10.31719971
319,1.55965417162e+18,-18.0769043,27.08113861,16.7833252
320,1.55965417187e+18,-13.01832581,29.72354889,17.2442627
321,1.55965417212e+18,-12.24798584,31.8756485,13.23370361
322,1.55965417237e+18,-14.30014038,33.00475311,9.378723145
323,1.55965417262e+18,-24.73667908,26.77469635,12.23724365
324,1.55965417287e+18,-33.9173584,6.55216217,20.24572754
325,1.55965417312e+18,-34.31126404,12.53235626,16.39630127
326,1.55965417337e+18,-34.02859497,23.06147003,3.064208984
327,1.55965417362e+18,-22.6530304,32.61865997,-11.1416626
328,1.55965417386e+18,-32.64645386,22.99947357,-18.21838379
329,1.55965417411e+18,-40.41661072,5.990272522,-5.027526855
330,1.55965417436e+18,-38.60888672,11.22176361,-11.9776001
331,1.55965417461e+18,-16.57804871,37.9668045,-9.934997559
332,1.55965417486e+18,-9.976974487,37.95616913,-11.1463623
333,1.55965417511e+18,-34.13702393,16.73331451,-6.313049316
334,1.55965417536e+18,-37.62394714,7.174201965,-4.157775879
335,1.55965417561e+18,-18.30682373,29.4449234,-13.62969971
336,1.55965417586e+18,1.982940674,34.85109711,-11.93927002
337,1.55965417611e+18,-20.29760742,25.59676361,-14.6350708
338,1.55965417636e+18,-35.54541016,1.549934387,-8.564453125
339,1.55965417661e+18,-31.02322388,11.88201141,-17.28808594
340,1.55965417686e+18,-2.787384033,29.87407684,-24.00665283
341,1.55965417711e+18,-12.88096619,25.29007721,-27.93078613
342,1.55965417736e+18,-35.26757812,7.532279968,-9.912902832
343,1.55965417761e+18,-32.61685181,7.632850647,-13.92840576
344,1.55965417786e+18,-8.838623047,28.15331268,-24.62677002
345,1.55965417811e+18,-10.03775024,23.77632904,-27.85546875
346,1.55965417836e+18,-32.57104492,10.06223297,-14.3928833
347,1.55965417861e+18,-31.94671631,9.754478455,-18.1027832
348,1.55965417886e+18,-9.25982666,24.8907547,-28.25256348
349,1.55965417911e+18,2.536270142,24.64348602,-31.08782959
350,1.55965417936e+18,-23.28701782,6.686500549,-31.02514648
351,1.55965417961e+18,-27.95317078,-0.05864715576,-16.15002441
352,1.55965417985e+18,-25.40904236,11.20212555,-15.1517334
353,1.5596541801e+18,-17.39451599,21.67136383,-18.2701416
354,1.55965418035e+18,-5.859359741,30.44403839,-14.98724365
355,1.5596541806e+18,-15.14407349,31.61019135,-12.22589111
356,1.55965418085e+18,-19.63546753,30.66733551,-4.635681152
357,1.5596541811e+18,-10.29826355,36.76111603,-0.9912719727
358,1.55965418135e+18,-2.120132446,38.15196991,8.871276855
359,1.5596541816e+18,8.089172363,36.30280304,12.83966064
360,1.55965418185e+18,-7.0078125,38.08473969,4.152832031
361,1.5596541821e+18,-21.63676453,29.48662567,8.234191895
362,1.55965418235e+18,-5.823516846,35.72982025,10.00299072
363,1.5596541826e+18,3.196533203,29.9838028,20.08862305
364,1.55965418285e+18,-0.1777496338,35.83592987,10.29974365
365,1.5596541831e+18,-20.36976624,26.26232147,13.7175293
366,1.55965418335e+18,-13.86598206,29.85260773,12.88067627
367,1.5596541836e+18,3.747329712,30.83066559,15.65979004
368,1.55965418385e+18,3.158477783,32.90190887,10.89984131
369,1.5596541841e+18,-15.48962402,27.25492096,9.160339355
370,1.55965418435e+18,-18.05369568,24.40836334,9.536315918
371,1.5596541846e+18,3.419021606,32.01288605,10.14855957
372,1.55965418485e+18,6.599182129,32.10478973,10.34442139
373,1.5596541851e+18,-6.702896118,31.57741547,5.576843262
374,1.55965418535e+18,-21.23426819,22.39444733,9.250305176
375,1.5596541856e+18,-13.99357605,28.80944061,8.405700684
376,1.55965418584e+18,-4.930328369,31.36138153,13.20623779
377,1.55965418609e+18,-7.279266357,32.57935333,6.178894043
378,1.55965418634e+18,-29.30389404,13.96030426,8.153686523
379,1.55965418659e+18,-28.18264771,14.57543182,12.87402344
380,1.55965418684e+18,-26.17805481,23.18968964,8.977661133
381,1.55965418709e+18,-29.13551331,24.14209747,0.3627929688
382,1.55965418734e+18,-28.45057678,27.9532547,3.562133789
383,1.55965418759e+18,-33.10646057,9.172721863,16.97894287
384,1.55965418784e+18,-27.10029602,12.00060272,22.45880127
385,1.55965418809e+18,-25.56005859,20.47241974,22.52655029
386,1.55965418834e+18,-38.44125366,20.25591278,2.621887207
387,1.55965418859e+18,-33.37141418,21.36365509,-0.7180175781
388,1.55965418884e+18,-29.38743591,7.745826721,-0.6185302734
389,1.55965418909e+18,-28.03253174,9.679740906,-4.853759766
390,1.55965418934e+18,-16.537323,26.48741913,-7.440185547
391,1.55965418959e+18,-8.886505127,28.31003571,-8.839172363
392,1.55965418984e+18,-20.92051697,20.48760223,-10.71295166
393,1.55965419009e+18,-27.80073547,12.93965912,-13.43035889
394,1.55965419034e+18,-7.402420044,25.05597687,-19.3493042
395,1.55965419059e+18,2.239379883,27.92870331,-17.66693115
396,1.55965419084e+18,-19.45088196,24.57741547,-17.0947876
397,1.55965419109e+18,-33.95176697,12.85449982,-8.884460449
398,1.55965419134e+18,-17.83894348,26.98278046,-18.55847168
399,1.55965419159e+18,4.452606201,34.3822403,-16.15203857
400,1.55965419184e+18,-12.85736084,30.07683563,-21.47277832
401,1.55965419208e+18,-33.85572815,18.43306732,-6.290405273
402,1.55965419233e+18,-27.03025818,23.99517059,-14.87017822
403,1.55965419258e+18,0.4954528809,37.16483307,-13.65374756
404,1.55965419283e+18,-4.457901001,35.14838409,-17.98272705
405,1.55965419308e+18,-31.80505371,18.65973663,-14.84210205
406,1.55965419333e+18,-36.64851379,10.0541153,-11.64202881
407,1.55965419358e+18,-11.79159546,31.55764008,-22.24890137
408,1.55965419383e+18,7.322097778,35.06122589,-20.62078857
409,1.55965419408e+18,-33.18353271,16.60895538,-19.99969482
410,1.55965419433e+18,-36.97859192,-2.088874817,-3.508544922
411,1.55965419458e+18,-35.7754364,4.245185852,-3.104980469
412,1.55965419483e+18,-28.92030334,19.18831635,-12.3112793
413,1.55965419508e+18,-16.71426392,31.54785919,-18.74932861
414,1.55965419533e+18,-6.439025879,31.88446808,-21.26898193
415,1.55965419558e+18,-25.23999023,22.21213531,-11.28710938
416,1.55965419583e+18,-19.90008545,27.63121796,-8.29119873
417,1.55965419608e+18,-10.20849609,35.10227203,-2.082641602
418,1.55965419633e+18,1.136627197,36.72226715,1.854736328
419,1.55965419658e+18,-7.418441772,35.9617691,-0.2119750977
420,1.55965419683e+18,-25.23554993,26.90251923,5.667419434
421,1.55965419708e+18,-6.175033569,36.92198944,1.225646973
422,1.55965419733e+18,10.27688599,33.88741302,11.27630615
423,1.55965419758e+18,-2.849945068,38.53951263,2.206604004
424,1.55965419783e+18,-25.31027222,31.32378387,5.379333496
425,1.55965419807e+18,-16.06443787,37.31842804,4.118286133
426,1.55965419832e+18,7.366592407,37.87129974,8.305969238
427,1.55965419857e+18,5.922210693,41.04477692,3.220581055
428,1.55965419882e+18,-21.54283142,37.18946075,8.283081055
429,1.55965419907e+18,-30.89633179,29.08191681,13.14093018
430,1.55965419932e+18,3.445419312,41.98885345,10.86663818
431,1.55965419957e+18,6.878433228,42.63686371,7.961730957
432,1.55965419982e+18,-17.89126587,41.47003937,8.043640137
433,1.55965420007e+18,-31.89512634,30.82041168,15.03265381
434,1.55965420032e+18,-7.322433472,43.6654892,9.192077637
435,1.55965420057e+18,1.913162231,42.08260345,14.38671875
436,1.55965420082e+18,-11.13870239,42.17147064,10.65802002
437,1.55965420107e+18,-27.5138855,28.41281891,18.21148682
438,1.55965420132e+18,-16.604599,35.48020172,16.54095459
439,1.55965420157e+18,-20.45466614,30.36660004,20.37176514
440,1.55965420182e+18,-22.47518921,35.41114044,13.21459961
441,1.55965420207e+18,-24.87388611,32.47206879,7.731872559
442,1.55965420232e+18,-37.81121826,8.692466736,14.53326416
443,1.55965420257e+18,-35.83670044,14.11148834,15.07666016
444,1.55965420282e+18,-35.83894348,21.43061066,7.559631348
445,1.55965420307e+18,-30.76196289,29.20909882,-5.409851074
446,1.55965420332e+18,-24.2731781,31.0267868,-20.11669922
447,1.55965420357e+18,-39.5461731,12.06305695,-9.375732422
448,1.55965420382e+18,-38.77243042,8.36995697,-4.144897461
449,1.55965420406e+18,-26.54109192,31.28487396,-7.603759766
450,1.55965420431e+18,-7.985412598,40.27751923,-7.955200195
451,1.55965420456e+18,-26.8730011,26.64019012,-10.61230469
452,1.55965420481e+18,-37.20838928,6.351036072,-7.716552734
453,1.55965420506e+18,-27.95349121,24.44037628,-12.15234375
454,1.55965420531e+18,-3.458343506,35.99115753,-14.6762085
455,1.55965420556e+18,-7.137939453,33.97098541,-17.25836182
456,1.55965420581e+18,-28.09072876,24.75107574,-11.24310303
457,1.55965420606e+18,-36.0279541,13.64206696,-11.59033203
458,1.55965420631e+18,-14.68489075,31.10555267,-21.11169434
459,1.55965420656e+18,-0.3147735596,36.36145782,-17.96105957
460,1.55965420681e+18,-17.45019531,29.93527985,-22.40991211
461,1.55965420706e+18,-37.83888245,15.87517548,-13.83563232
462,1.55965420731e+18,-32.5475769,23.84223175,-17.08764648
463,1.55965420756e+18,-5.095001221,37.65361786,-21.6206665
464,1.55965420781e+18,-1.427627563,35.68576813,-26.91027832
465,1.55965420806e+18,-35.18188477,24.71840668,-15.77087402
466,1.55965420831e+18,-43.0660553,7.208992004,-14.9039917
467,1.55965420856e+18,-25.38310242,31.88916779,-22.79278564
468,1.55965420881e+18,-5.962921143,39.52146149,-24.70025635
469,1.55965420906e+18,-7.50491333,35.55095673,-30.60479736
470,1.55965420931e+18,-37.47122192,9.153160095,-24.92767334
471,1.55965420956e+18,-38.83650208,1.933326721,-14.90710449
472,1.55965420981e+18,-36.28985596,15.6125412,-10.6918335
473,1.55965421006e+18,-29.81593323,23.95310211,-19.1350708
474,1.5596542103e+18,-12.61856079,32.85051727,-25.54681396
475,1.55965421055e+18,-19.8061676,26.0654068,-20.43835449
476,1.5596542108e+18,-28.15988159,18.99701691,-7.081970215
477,1.55965421105e+18,-22.95474243,27.57498932,-1.29510498
478,1.5596542113e+18,-12.0398407,36.1738205,2.599975586
479,1.55965421155e+18,-8.902206421,35.79755402,7.469665527
480,1.5596542118e+18,-5.65385437,37.56247711,0.8850708008
481,1.55965421205e+18,-25.66807556,27.77843475,5.999023438
482,1.5596542123e+18,-25.85546875,27.88576508,6.974914551
483,1.55965421255e+18,-2.246276855,37.16077423,9.378601074
484,1.5596542128e+18,-9.322372437,36.25563812,11.57159424
485,1.55965421305e+18,-15.93806458,36.9752121,11.42205811
486,1.5596542133e+18,-26.97434998,32.67124176,8.747192383
487,1.55965421355e+18,-6.516952515,41.67462921,7.66607666
488,1.5596542138e+18,-2.630508423,40.32427216,11.95233154
489,1.55965421405e+18,-4.240371704,40.5994339,11.82043457
490,1.5596542143e+18,-17.67024231,40.24291229,3.237609863
491,1.55965421455e+18,-30.67936707,30.29862213,4.607055664
492,1.5596542148e+18,-13.23680115,40.00992584,8.505493164
493,1.55965421505e+18,5.675582886,40.5426712,12.59539795
494,1.5596542153e+18,-2.581359863,42.90044403,-1.835998535
495,1.55965421555e+18,-25.8921051,32.27445221,6.202880859
496,1.5596542158e+18,-24.29571533,32.15892792,5.460754395
497,1.55965421605e+18,3.826675415,41.37081146,-0.4558105469
498,1.5596542163e+18,-3.455703735,40.68985748,-0.2114868164
499,1.55965421654e+18,-21.3986969,32.65155792,5.580627441
500,1.55965421679e+18,-27.70524597,25.06620026,11.22833252
501,1.55965421704e+18,-28.69779968,24.06493378,13.09173584
502,1.55965421729e+18,-22.42234802,32.79695892,2.883728027
503,1.55965421754e+18,-20.5234375,33.75244904,-1.644897461
504,1.55965421779e+18,-34.88667297,24.12976837,2.296875
505,1.55965421804e+18,-38.02905273,8.37776947,11.57849121
506,1.55965421829e+18,-37.11024475,11.05464935,13.05511475
507,1.55965421854e+18,-35.78941345,20.86385345,0.7006225586
508,1.55965421879e+18,-24.34605408,32.35146332,-11.95056152
509,1.55965421904e+18,-34.42366028,21.9182663,-14.98760986
510,1.55965421929e+18,-41.71379089,8.692726135,-2.713195801
511,1.55965421954e+18,-37.02061462,21.34067535,-6.565734863
512,1.55965421979e+18,-25.02709961,35.08550262,-11.51416016
513,1.55965422004e+18,-19.65786743,39.31629181,-6.346618652
514,1.55965422029e+18,-31.47833252,22.09920502,-4.860168457
515,1.55965422054e+18,-35.48826599,5.382896423,-4.72052002
516,1.55965422079e+18,-23.33552551,25.25882721,-10.75299072
517,1.55965422104e+18,-3.319641113,33.87593842,-7.937683105
518,1.55965422129e+18,-16.47348022,24.53699493,-16.49499512
519,1.55965422154e+18,-31.51615906,5.100151062,-12.26916504
520,1.55965422179e+18,-30.02110291,11.87204742,-16.58575439
521,1.55965422204e+18,-6.505645752,29.01482391,-24.68395996
522,1.55965422229e+18,-8.232788086,28.04210663,-27.96844482
523,1.55965422253e+18,-34.15106201,15.8499527,-15.61981201
524,1.55965422278e+18,-36.90354919,7.331352234,-12.55627441
525,1.55965422303e+18,-15.35224915,31.49704742,-23.27410889
526,1.55965422328e+18,2.677612305,34.37410736,-25.59893799
527,1.55965422353e+18,-24.176651,28.82979584,-14.18719482
528,1.55965422378e+18,-37.20675659,6.478309631,-1.875366211
529,1.55965422403e+18,-30.56117249,19.27329254,-14.18786621
530,1.55965422428e+18,-3.117492676,30.7909317,-25.35137939
531,1.55965422453e+18,-3.876098633,27.06398773,-29.08734131
532,1.55965422478e+18,-34.51391602,6.721702576,-17.99298096
533,1.55965422503e+18,-34.65628052,5.319648743,-7.405334473
534,1.55965422528e+18,-30.62973022,14.62877655,-7.877075195
535,1.55965422553e+18,-23.14678955,21.3685379,-15.47570801
536,1.55965422578e+18,-4.44317627,31.36287689,-17.30584717
537,1.55965422603e+18,-12.0559845,27.75373077,-17.8326416
538,1.55965422628e+18,-24.78507996,22.30393219,-5.222351074
539,1.55965422653e+18,-17.4675293,30.12397003,0.7460327148
540,1.55965422678e+18,-10.40975952,33.10890961,1.960449219
541,1.55965422703e+18,-1.727279663,33.41405487,5.975708008
542,1.55965422728e+18,-6.794769287,37.16176605,5.467956543
543,1.55965422753e+18,-28.80360413,24.12284088,8.728759766
544,1.55965422778e+18,-15.2638855,34.45186615,12.44787598
545,1.55965422803e+18,-9.927352905,30.48033905,21.94293213
546,1.55965422828e+18,-7.169631958,36.7053299,16.25695801
547,1.55965422853e+18,-24.97137451,29.88455963,10.72381592
548,1.55965422877e+18,-22.29051208,31.34430695,11.29766846
549,1.55965422902e+18,0.7298278809,39.25922394,14.074646
550,1.55965422927e+18,3.809585571,38.1309433,16.42047119
551,1.55965422952e+18,-7.995986938,41.59423065,7.72088623
552,1.55965422977e+18,-23.2681427,34.86589813,13.31732178
553,1.55965423002e+18,-16.21481323,39.36492157,15.21575928
554,1.55965423027e+18,-3.672225952,39.56427765,20.36413574
555,1.55965423052e+18,2.088287354,46.07071686,5.119445801
556,1.55965423077e+18,-25.05810547,33.52140045,6.226196289
557,1.55965423102e+18,-17.70555115,38.71681976,2.422729492
558,1.55965423127e+18,5.543899536,42.04442596,11.72857666
559,1.55965423152e+18,-6.881561279,40.96985626,8.109436035
560,1.55965423177e+18,-26.31246948,27.08844757,7.904418945
561,1.55965423202e+18,-31.33531189,16.3887558,16.84875488
562,1.55965423227e+18,-25.93823242,21.60112762,18.96380615
563,1.55965423252e+18,-24.97283936,24.08338165,17.019104
564,1.55965423277e+18,-30.10745239,25.25208282,9.770751953
565,1.55965423302e+18,-37.95570374,15.69275665,11.42858887
566,1.55965423327e+18,-38.90490723,3.107765198,19.25524902
567,1.55965423352e+18,-38.57252502,9.211433411,16.32208252
568,1.55965423377e+18,-39.12542725,23.88516998,0.4888916016
569,1.55965423402e+18,-25.11256409,35.15668488,-13.53253174
570,1.55965423427e+18,-34.42472839,18.05951691,-6.151184082
571,1.55965423452e+18,-36.71969604,2.062400818,-3.954345703
572,1.55965423476e+18,-29.86834717,20.59886932,-10.33477783
573,1.55965423501e+18,-10.74230957,36.74666595,-8.55291748
574,1.55965423526e+18,-17.27818298,29.71430206,-17.52124023
575,1.55965423551e+18,-37.14407349,7.013191223,-12.16693115
576,1.55965423576e+18,-38.45106506,8.167533875,-8.496337891
577,1.55965423601e+18,-21.18441772,28.07979584,-17.04345703
578,1.55965423626e+18,-1.739440918,36.44472504,-13.74719238
579,1.55965423651e+18,-20.31593323,28.2868576,-19.84234619
580,1.55965423676e+18,-38.0145874,10.75084686,-7.935424805
581,1.55965423701e+18,-31.26065063,16.25000763,-19.52740479
582,1.55965423726e+18,-2.764556885,37.11774445,-14.50323486
583,1.55965423751e+18,-4.809844971,34.34792328,-21.98388672
584,1.55965423776e+18,-31.95878601,18.97634125,-14.91174316
585,1.55965423801e+18,-35.15071106,10.0568924,-14.88092041
586,1.55965423826e+18,-21.25457764,27.71920013,-20.10687256
587,1.55965423851e+18,-0.6826782227,36.09462738,-19.31616211
588,1.55965423876e+18,-16.71221924,27.96811676,-24.72070312
589,1.55965423901e+18,-36.00973511,7.810691833,-22.01385498
590,1.55965423926e+18,-32.09394836,11.97634125,-27.32489014
591,1.55965423951e+18,-3.223770142,31.19968414,-31.00085449
592,1.55965423976e+18,12.41714478,32.54262543,-29.61535645
593,1.55965424001e+18,-30.54222107,9.111534119,-47.3013916
594,1.55965424026e+18,-38.45840454,-1.0573349,-15.8180542
595,1.55965424051e+18,-37.71353149,7.611579895,-6.829162598
596,1.55965424076e+18,-34.25154114,14.04004669,-18.37561035
597,1.559654241e+18,-15.72999573,25.8456192,-28.97424316
598,1.55965424125e+18,-17.02458191,28.33443451,-30.84088135
599,1.5596542415e+18,-28.60121155,21.58031464,-9.096740723
600,1.55965424175e+18,-20.54823303,30.36492157,0.8753051758
601,1.559654242e+18,-22.48782349,30.18447113,11.35552979
602,1.55965424225e+18,-6.766281128,34.95336151,13.25201416
603,1.5596542425e+18,-16.53329468,30.23511505,10.97991943
604,1.55965424275e+18,-20.60673523,25.4708786,14.6494751
605,1.559654243e+18,-3.827804565,30.56459808,15.87463379
606,1.55965424325e+18,-3.731445312,34.05454254,11.62634277
607,1.5596542435e+18,-18.28918457,30.81517792,10.84765625
608,1.55965424375e+18,-25.095047,26.25905609,12.04046631
609,1.559654244e+18,-12.52331543,28.5006485,20.56091309
610,1.55965424425e+18,-9.666412354,32.63396454,17.80090332
611,1.5596542445e+18,-10.68093872,38.69696808,8.719421387
612,1.55965424475e+18,-27.07278442,29.56667328,15.14093018
613,1.559654245e+18,-11.87731934,37.1977005,14.71655273
614,1.55965424525e+18,3.63583374,40.70035553,12.39849854
615,1.5596542455e+18,-3.778823853,44.26868439,6.380004883
616,1.55965424575e+18,-27.01431274,33.1975174,11.75360107
617,1.559654246e+18,-12.06533813,40.57904816,11.02215576
618,1.55965424625e+18,4.411590576,41.91962433,9.211853027
619,1.5596542465e+18,-8.50177002,40.73183441,9.502807617
620,1.55965424675e+18,-23.85275269,31.97901154,10.67663574
621,1.55965424699e+18,-5.041000366,41.43413544,2.696105957
622,1.55965424724e+18,-18.83135986,30.60413361,13.75805664
623,1.55965424749e+18,-26.2872467,29.33670807,5.098388672
624,1.55965424774e+18,-24.78598022,30.37775421,3.946472168
625,1.55965424799e+18,-36.38246155,9.963691711,13.20391846
626,1.55965424824e+18,-35.60734558,9.497047424,15.07891846
627,1.55965424849e+18,-36.3008728,17.74408722,4.296875
628,1.55965424874e+18,-28.61105347,26.16959381,-12.8001709
629,1.55965424899e+18,-32.52548218,20.95598602,-10.05865479
630,1.55965424924e+18,-37.36538696,2.379737854,-3.240478516
631,1.55965424949e+18,-35.2514801,12.92787933,-4.930664062
632,1.55965424974e+18,-26.92687988,27.44470978,-9.818786621
633,1.55965424999e+18,-13.89770508,36.22853851,-13.14190674
634,1.55965425024e+18,-27.2183075,24.30475616,-7.043457031
635,1.55965425049e+18,-32.6783905,9.387229919,-6.176269531
636,1.55965425074e+18,-28.33392334,18.777565,-9.37121582
637,1.55965425099e+18,-10.42086792,32.52437592,-11.42645264
638,1.55965425124e+18,-7.469268799,31.80776215,-14.23638916
639,1.55965425149e+18,-23.98841858,23.82872772,-9.842468262
640,1.55965425174e+18,-33.5369873,11.52251434,-6.898193359
641,1.55965425199e+18,-15.99723816,30.1391983,-13.59490967
642,1.55965425224e+18,-2.889938354,33.23040009,-16.355896
643,1.55965425249e+18,-22.7121582,26.66689301,-12.60571289
644,1.55965425274e+18,-33.74754333,10.59355927,-5.9140625
645,1.55965425298e+18,-22.43254089,25.27648163,-15.26153564
646,1.55965425323e+18,-0.1908111572,33.95697784,-18.57977295
647,1.55965425348e+18,-15.03938293,26.21877289,-22.75408936
648,1.55965425373e+18,-35.7167511,8.142494202,-9.626281738
649,1.55965425398e+18,-30.46353149,12.97440338,-20.21942139
650,1.55965425423e+18,-7.693908691,30.27689362,-24.63336182
651,1.55965425448e+18,2.298095703,32.57097626,-23.68811035
652,1.55965425473e+18,-20.47773743,13.99701691,-32.02062988
653,1.55965425498e+18,-34.64851379,0.006278991699,-15.90893555
654,1.55965425523e+18,-34.79237366,4.218955994,-10.84619141
655,1.55965425548e+18,-30.13711548,16.63912201,-12.33056641
656,1.55965425573e+18,-14.63841248,27.74460602,-20.45605469
657,1.55965425598e+18,-6.287948608,29.4605484,-22.91052246
658,1.55965425623e+18,-27.79090881,19.83609772,-13.86956787
659,1.55965425648e+18,-27.45553589,23.44243622,-5.477966309
660,1.55965425673e+18,-16.20570374,31.4517746,-3.471313477
661,1.55965425698e+18,-6.487060547,32.97219086,-4.86114502
662,1.55965425723e+18,-4.745803833,38.70731354,-1.769836426
663,1.55965425748e+18,-21.56590271,33.60959625,-1.508117676
664,1.55965425773e+18,-27.50469971,29.52111053,2.135986328
665,1.55965425798e+18,-12.18855286,38.69280243,6.094421387
666,1.55965425823e+18,-9.60446167,35.58002472,15.0211792
667,1.55965425848e+18,-8.796127319,40.42464447,7.397155762
668,1.55965425873e+18,-29.89952087,27.32476044,4.39831543
669,1.55965425897e+18,-29.14907837,29.27300262,5.641418457
670,1.55965425922e+18,-9.703994751,37.3715744,17.79693604
671,1.55965425947e+18,-14.41410828,38.54003143,13.38739014
672,1.55965425972e+18,-10.1763916,42.14516449,1.383666992
673,1.55965425997e+18,-30.33105469,30.11893463,8.380981445
674,1.55965426022e+18,-22.34716797,33.76305389,14.65161133
675,1.55965426047e+18,-9.775634766,40.26036835,12.84320068
676,1.55965426072e+18,-0.9568786621,45.14907074,-4.291381836
677,1.55965426097e+18,-17.83885193,39.23279572,11.75158691
678,1.55965426122e+18,-21.01119995,36.85987091,8.735107422
679,1.55965426147e+18,-1.370178223,41.21508026,11.59613037
680,1.55965426172e+18,0.9651489258,41.65091705,5.367248535
681,1.55965426197e+18,-14.13841248,37.76926422,17.61254883
682,1.55965426222e+18,-23.9210968,28.92949677,15.58099365
683,1.55965426247e+18,-14.17662048,35.00769806,12.39862061
684,1.55965426272e+18,-10.55804443,32.84256744,18.84033203
685,1.55965426297e+18,-16.80531311,30.67371368,20.22735596
686,1.55965426322e+18,-20.17453003,31.41951752,9.429199219
687,1.55965426347e+18,-33.29389954,14.4986496,14.42785645
688,1.55965426372e+18,-32.38832092,18.61753082,11.67901611
689,1.55965426397e+18,-30.15924072,23.37943268,10.73223877
690,1.55965426422e+18,-29.96704102,26.90499115,-4.015441895
691,1.55965426447e+18,-20.35023499,32.78083038,-13.04559326
692,1.55965426472e+18,-34.1410675,13.99155426,4.235778809
693,1.55965426496e+18,-33.11607361,8.975334167,1.14654541
694,1.55965426521e+18,-25.93974304,23.07059479,-3.553161621
695,1.55965426546e+18,-11.80271912,33.52544403,-10.9296875
696,1.55965426571e+18,-17.55632019,27.34738922,-13.00842285
697,1.55965426596e+18,-30.03234863,18.07621002,-8.58215332
698,1.55965426621e+18,-27.37322998,21.73007965,-9.917541504
699,1.55965426646e+18,-9.96546936,31.64165497,-11.94042969
700,1.55965426671e+18,-5.26651001,33.6763382,-10.29925537
701,1.55965426696e+18,-16.04083252,29.22396088,-15.31433105
702,1.55965426721e+18,-29.33161926,22.09140778,-1.72442627
703,1.55965426746e+18,-26.79634094,24.79450226,-11.77502441
704,1.55965426771e+18,-5.921081543,33.70459747,-20.78161621
705,1.55965426796e+18,-9.519638062,33.80419159,-19.83996582
706,1.55965426821e+18,-29.76742554,27.75753021,-10.66070557
707,1.55965426846e+18,-34.92718506,24.06316376,-9.249633789
708,1.55965426871e+18,-19.40948486,34.8871994,-13.66027832
709,1.55965426896e+18,-4.850540161,38.97290802,-16.54876709
710,1.55965426921e+18,-19.75834656,30.62749481,-16.23907471
711,1.55965426946e+18,-38.44407654,11.56925201,-10.11645508
712,1.55965426971e+18,-34.98934937,16.50098419,-16.46936035
713,1.55965426996e+18,-14.28527832,28.7596817,-26.2901001
714,1.55965427021e+18,-12.45645142,26.69533539,-32.18139648
715,1.55965427046e+18,-40.7208252,1.73651886,-13.80218506
716,1.55965427071e+18,-39.92001343,0.3583755493,-5.644836426
717,1.55965427095e+18,-37.2756958,15.33298492,-5.40435791
718,1.5596542712e+18,-30.17202759,16.19589996,-23.85809326
719,1.55965427145e+18,-10.90791321,34.73859406,-24.43914795
720,1.5596542717e+18,-15.43659973,32.11188507,-27.75042725
721,1.55965427195e+18,-37.08387756,15.75684357,-19.92932129
722,1.5596542722e+18,-35.21670532,24.84250641,-15.01391602
723,1.55965427245e+18,-29.3271637,34.18618011,-18.86431885
724,1.5596542727e+18,-11.31596375,39.8600235,-18.62237549
725,1.55965427295e+18,-13.82719421,38.88755035,-7.13067627
726,1.5596542732e+18,-18.2993927,34.05608368,0.3767700195
727,1.55965427345e+18,-23.94789124,28.37192535,9.59173584
728,1.5596542737e+18,-11.44476318,35.31591034,10.87908936
729,1.55965427395e+18,-7.884231567,35.93750763,10.75396729
730,1.5596542742e+18,-5.67024231,38.11089325,5.997497559
731,1.55965427445e+18,-19.96133423,34.26056671,4.815795898
732,1.5596542747e+18,-11.67276001,37.7448349,8.331970215
733,1.55965427495e+18,4.555175781,38.63542938,9.728820801
734,1.5596542752e+18,2.357772827,40.28572845,7.029541016
735,1.55965427545e+18,-9.984130859,42.70659637,2.114562988
736,1.5596542757e+18,-24.53575134,39.11359406,4.42578125
737,1.55965427595e+18,-11.79718018,42.20610809,7.719055176
738,1.5596542762e+18,3.665237427,42.55037689,9.68157959
739,1.55965427645e+18,-3.197570801,47.15416718,-4.981994629
740,1.5596542767e+18,-38.51719666,27.93001556,13.99645996
741,1.55965427694e+18,-29.08232117,36.81168365,9.466125488
742,1.55965427719e+18,-1.634658813,45.35468292,8.653747559
743,1.55965427744e+18,-7.63192749,46.07871246,1.144836426
744,1.55965427769e+18,-29.3936615,34.63909149,8.703918457
745,1.55965427794e+18,-30.5652771,32.21880341,1.045043945
746,1.55965427819e+18,-26.8704071,33.58823395,4.19317627
747,1.55965427844e+18,-22.39167786,37.47760773,2.444519043
748,1.55965427869e+18,-20.31144714,39.12947845,-0.6784057617
749,1.55965427894e+18,-39.54681396,14.24694061,7.573913574
750,1.55965427919e+18,-39.30825806,12.6833725,8.61517334
751,1.55965427944e+18,-35.5218811,23.96918488,2.733642578
752,1.55965427969e+18,-34.72509766,24.19709015,-8.731994629
753,1.55965427994e+18,-28.42330933,28.31632233,-16.33813477
754,1.55965428019e+18,-38.0625,12.46799469,-13.57977295
755,1.55965428044e+18,-39.88551331,2.204292297,-7.393859863
756,1.55965428069e+18,-36.12257385,3.832252502,-11.15374756
757,1.55965428094e+18,-29.83349609,26.06703949,-11.65228271
758,1.55965428119e+18,-20.17625427,39.92671967,-9.262512207
759,1.55965428144e+18,-21.22865295,28.43602753,-20.42071533
760,1.55965428169e+18,-30.17016602,12.96723175,-0.7272949219
761,1.55965428194e+18,-27.61499023,11.2569046,-3.702392578
762,1.55965428219e+18,-18.34423828,24.11971283,-7.562194824
763,1.55965428244e+18,-15.48052979,26.46425629,-11.06549072
764,1.55965428269e+18,-19.47393799,17.30196381,-18.60931396
765,1.55965428293e+18,0.708984375,-4.121360779,-40.72674561
766,1.55965428318e+18,10.72380066,-12.63999176,-37.42572021
767,1.55965428343e+18,14.75640869,-16.58338165,-34.15661621
768,1.55965428368e+18,18.09411621,-13.90674591,-33.92431641
769,1.55965428393e+18,20.98742676,-14.49411774,-33.9274292
770,1.55965428418e+18,19.42686462,-15.2423172,-35.50958252
771,1.55965428443e+18,21.83340454,-15.32624054,-35.92486572
772,1.55965428468e+18,23.13275146,-16.21576691,-35.1182251
773,1.55965428493e+18,1.829208374,-13.83975983,-42.13085938
774,1.55965428518e+18,-34.04281616,-12.08747101,-23.08099365
775,1.55965428543e+18,-32.17414856,20.94902802,-18.04321289
776,1.55965428568e+18,-19.5871582,28.52632904,-25.53692627
777,1.55965428593e+18,-7.932617188,34.45723724,-24.74786377
778,1.55965428618e+18,-32.8243103,15.56772614,-26.84234619
779,1.55965428643e+18,-39.14135742,-1.268531799,-9.979736328
780,1.55965428668e+18,-37.23504639,8.042762756,-4.056152344
781,1.55965428693e+18,-32.98742676,17.82614899,-13.07080078
782,1.55965428718e+18,-19.64909363,27.21767426,-23.22705078
783,1.55965428743e+18,-5.615509033,28.09920502,-27.82495117
784,1.55965428768e+18,-25.99580383,18.30976105,-22.24810791
785,1.55965428793e+18,-31.09106445,14.35608673,-12.94219971
786,1.55965428818e+18,-21.45542908,27.22849274,-9.476135254
787,1.55965428843e+18,-16.4152832,31.56264496,-7.751586914
788,1.55965428868e+18,1.021911621,37.02744293,-11.88330078
789,1.55965428892e+18,-17.00930786,36.2873764,-8.149841309
790,1.55965428917e+18,-24.00236511,31.9938736,-3.425292969
791,1.55965428942e+18,-7.977844238,40.0194931,-0.02874755859
792,1.55965428967e+18,2.338943481,39.59552765,7.554016113
793,1.55965428992e+18,-9.918167114,38.66976166,4.217956543
794,1.55965429017e+18,-19.13594055,33.37436676,5.240356445
795,1.55965429042e+18,-18.01623535,31.40628815,11.2590332
796,1.55965429067e+18,3.827880859,38.70250702,6.842468262
797,1.55965429092e+18,-3.881347656,37.32595062,10.58721924
798,1.55965429117e+18,-6.916824341,36.49141693,3.629272461
799,1.55965429142e+18,-19.48774719,25.59152985,9.273925781
800,1.55965429167e+18,-5.553115845,35.73972321,-0.2476806641
801,1.55965429192e+18,9.123947144,36.6476059,-3.471130371
802,1.55965429217e+18,-1.204956055,35.28993988,-4.715698242
803,1.55965429242e+18,-16.10183716,26.85604095,3.530639648
804,1.55965429267e+18,-17.06092834,27.35811615,2.509338379
805,1.55965429292e+18,5.895553589,35.55016327,-1.375793457
806,1.55965429317e+18,1.227203369,35.27745819,-2.342163086
807,1.55965429342e+18,-17.09364319,27.65468597,5.133850098
808,1.55965429367e+18,-25.92329407,18.25200653,7.577148438
809,1.55965429392e+18,-15.25596619,29.53704071,6.846618652
810,1.55965429417e+18,-16.84185791,29.77475739,6.552062988
811,1.55965429442e+18,-11.85610962,32.99799347,0.9855957031
812,1.55965429467e+18,-10.33387756,33.75067902,-6.168273926
813,1.55965429491e+18,-29.41130066,23.37223053,0.2106323242
814,1.55965429516e+18,-34.59378052,12.10982513,10.60882568
815,1.55965429541e+18,-33.09460449,15.60723114,13.51293945
816,1.55965429566e+18,-39.34196472,11.94966888,0.330078125
817,1.55965429591e+18,-27.65274048,30.13639069,-10.8147583
818,1.55965429616e+18,-30.85939026,28.5896225,-9.863342285
819,1.55965429641e+18,-36.00196838,11.29685211,4.751281738
820,1.55965429666e+18,-36.04527283,10.80568695,3.771240234
821,1.55965429691e+18,-21.6882782,33.07987213,-0.6522827148
822,1.55965429716e+18,-14.38859558,38.58266449,4.502746582
823,1.55965429741e+18,-19.2674408,29.46825409,-10.1539917
824,1.55965429766e+18,-32.9066925,12.54915619,-2.272705078
825,1.55965429791e+18,-30.79310608,11.93610382,-9.887207031
826,1.55965429816e+18,-5.016921997,31.14134979,-12.28796387
827,1.55965429841e+18,-5.890838623,30.14141083,-13.69134521
828,1.55965429866e+18,-27.4524231,16.3358078,-6.161865234
829,1.55965429891e+18,-32.23512268,6.076347351,-1.116333008
830,1.55965429916e+18,-24.68089294,20.3967514,-12.74517822
831,1.55965429941e+18,-4.727005005,28.81539154,-19.7756958
832,1.55965429966e+18,-20.78062439,24.79587555,-16.86602783
833,1.55965429991e+18,-34.20329285,6.004371643,-4.898864746
834,1.55965430016e+18,-30.87065125,13.47769928,-10.71154785
835,1.55965430041e+18,-8.209350586,32.55818939,-16.15228271
836,1.55965430066e+18,-6.160629272,30.76203156,-19.97137451
837,1.5596543009e+18,-30.87599182,19.51078033,-15.94830322
838,1.55965430115e+18,-40.14624023,4.281822205,-9.54486084
839,1.5596543014e+18,-32.26675415,16.45301056,-21.43475342
840,1.55965430165e+18,-7.542175293,27.01741791,-33.11968994
841,1.5596543019e+18,-21.12919617,19.53809357,-33.85736084
842,1.55965430215e+18,-32.88269043,0.9717788696,-16.32891846
843,1.5596543024e+18,-32.56352234,3.393119812,-13.82977295
844,1.55965430265e+18,-30.62384033,16.10553741,-15.565979
845,1.5596543029e+18,-16.16915894,29.83979034,-24.03356934
846,1.55965430315e+18,3.794296265,29.48812103,-31.12213135
847,1.5596543034e+18,-15.85723877,31.92539215,-23.49371338
848,1.55965430365e+18,-30.87088013,28.38985443,-9.117614746
849,1.5596543039e+18,-29.5916748,35.11910248,1.537780762
850,1.55965430415e+18,-36.24237061,33.04505157,10.60778809
851,1.5596543044e+18,-29.21191406,40.52425385,1.513244629
852,1.55965430465e+18,-13.08078003,49.84029388,13.19390869
853,1.5596543049e+18,-9.50553894,41.60480499,15.73626709
854,1.55965430515e+18,-21.12742615,32.15390778,16.13372803
855,1.5596543054e+18,0.02027893066,39.67719269,15.7956543
856,1.55965430565e+18,4.523178101,38.16053009,15.83581543
857,1.5596543059e+18,-7.978393555,37.22457123,9.290527344
858,1.55965430615e+18,-24.21865845,25.07752228,16.215271
859,1.5596543064e+18,-2.16418457,39.0807724,6.704956055
860,1.55965430664e+18,11.84213257,37.14577484,7.557312012
861,1.55965430689e+18,-3.839569092,39.88643646,4.822570801
862,1.55965430714e+18,-14.33305359,37.26789093,12.88336182
863,1.55965430739e+18,-22.31385803,32.42378998,16.02154541
864,1.55965430764e+18,-4.556991577,43.17258453,8.887573242
865,1.55965430789e+18,0.1515960693,44.75055695,7.569580078
866,1.55965430814e+18,-5.683807373,44.50272369,10.10699463
867,1.55965430839e+18,-21.9667511,31.97371674,16.78894043
868,1.55965430864e+18,-6.148712158,43.16059113,5.370056152
869,1.55965430889e+18,7.744506836,43.26845551,3.152282715
870,1.55965430914e+18,-8.320556641,43.8020401,6.821228027
871,1.55965430939e+18,-30.74632263,23.96227264,7.344787598
872,1.55965430964e+18,-23.28343201,32.19046783,6.262023926
873,1.55965430989e+18,-19.9165802,34.15557098,6.726379395
874,1.55965431014e+18,-25.1633606,31.57880402,3.62487793
875,1.55965431039e+18,-26.35183716,32.22389984,-3.234069824
876,1.55965431064e+18,-38.25468445,14.70919037,7.541259766
877,1.55965431089e+18,-40.10421753,8.687400818,6.385620117
878,1.55965431114e+18,-33.69868469,22.42035675,-12.28930664
879,1.55965431139e+18,-21.26094055,32.8237381,-17.26904297
880,1.55965431164e+18,-19.33648682,30.16326141,-25.14703369
881,1.55965431189e+18,-39.81227112,7.07408905,-11.87286377
882,1.55965431214e+18,-37.64456177,11.68042755,-14.06976318
883,1.55965431239e+18,-26.48146057,31.01422882,-15.38720703
884,1.55965431263e+18,-7.648895264,40.57341766,-14.69677734
885,1.55965431288e+18,-23.63121033,27.05075836,-17.02313232
886,1.55965431313e+18,-30.92701721,14.24658966,-16.55169678
887,1.55965431338e+18,-22.44894409,25.5810318,-18.01800537
888,1.55965431363e+18,-2.120880127,36.38968658,-15.03631592
889,1.55965431388e+18,-1.236434937,35.78116608,-14.95526123
890,1.55965431413e+18,-21.69029236,26.2834549,-16.78753662
891,1.55965431438e+18,-32.175354,17.50940704,-12.36120605
892,1.55965431463e+18,-16.29527283,30.02185822,-20.80456543
893,1.55965431488e+18,5.571456909,34.89920807,-20.82440186
894,1.55965431513e+18,-2.191070557,32.64366913,-25.93920898
895,1.55965431538e+18,-31.28207397,25.34165192,-9.994812012
896,1.55965431563e+18,-34.96252441,22.60449982,-7.736999512
897,1.55965431588e+18,-12.54251099,38.77136993,-13.41149902
898,1.55965431613e+18,-0.7216796875,41.60062408,-13.19329834
899,1.55965431638e+18,-27.82691956,27.57923126,-23.1651001
900,1.55965431663e+18,-17.89155579,-8.853309631,-43.71307373
901,1.55965431688e+18,2.610153198,-10.6629715,-48.1763916
902,1.55965431713e+18,6.968658447,-12.56085968,-47.14105225
903,1.55965431738e+18,24.93344116,-13.11559296,-41.16033936
904,1.55965431763e+18,26.28352356,-14.58452606,-38.89611816
905,1.55965431788e+18,26.5922699,-16.03986359,-37.27819824
906,1.55965431813e+18,25.89602661,-17.81224823,-35.63128662
907,1.55965431838e+18,22.45024109,-17.56201935,-36.78045654
908,1.55965431862e+18,21.73582458,-17.28610992,-36.89160156
909,1.55965431887e+18,24.57064819,-17.02346039,-33.23931885
910,1.55965431912e+18,25.34687805,-17.14598846,-31.05725098
