"Time (s)","X (rad/s)","Y (rad/s)","Z (rad/s)"
0.000000000E0,-4.958347417E-4,4.857862368E-4,2.827076241E-4
2.495420000E-1,1.906190999E-3,5.915155634E-4,-3.565009683E-4
4.990840000E-1,9.859739803E-4,-6.801960990E-4,6.370265037E-4
7.486576250E-1,1.517329365E-3,-1.302857883E-3,8.080294356E-4
9.981996250E-1,-1.115625259E-3,2.039494924E-3,-1.204768196E-3
1.247772625E0,-7.194583304E-4,1.485048793E-3,-1.412615180E-3
1.497314625E0,-5.305400118E-4,1.337728463E-3,5.213664845E-4
1.746900000E0,1.143839676E-3,-9.692832828E-5,9.864009917E-5
1.996442000E0,9.700111113E-4,-8.301166818E-4,5.083028227E-4
2.246015000E0,1.057599671E-3,-2.466487698E-3,6.686151028E-4
2.495557000E0,3.168288153E-3,-1.436851919E-3,-4.617283121E-4
2.745134083E0,-6.459406577E-4,2.248324454E-4,-3.092363477E-4
2.994676083E0,9.774728678E-4,4.543829709E-4,-6.782282144E-4
3.244249083E0,1.486509573E-3,7.962407544E-4,-1.783082262E-4
3.493791083E0,-1.186426729E-3,9.610429406E-4,-2.507632598E-4
3.743333333E0,2.065622248E-3,2.613512799E-3,-5.403924733E-4
3.992875333E0,1.261821948E-3,-2.538161352E-4,8.849333972E-4
4.242448333E0,4.441663623E-5,-8.152825758E-4,1.390158199E-3
4.491990333E0,6.497539580E-4,-4.945686087E-4,2.622893080E-4
4.741574250E0,1.445109956E-4,5.253730342E-4,5.037607625E-4
4.991116250E0,-1.994536258E-3,-4.763398319E-4,6.315950304E-4
5.240689250E0,-2.902820706E-4,-1.731319353E-4,-7.143560797E-4
5.490231250E0,2.303579822E-5,3.820741549E-4,-1.956196502E-4
5.739801958E0,-1.917514019E-4,1.757055521E-3,-8.461987600E-4
5.989343958E0,3.533838317E-4,-8.724285290E-4,3.147590905E-4
6.238916958E0,-9.816638194E-4,-4.869140685E-5,1.094526611E-3
6.488489958E0,-1.418752130E-3,-4.050051793E-4,4.357341677E-4
6.738009458E0,6.425399333E-4,2.369005233E-4,6.650071591E-4
6.987582458E0,-1.684706658E-4,-1.274373382E-3,1.645584591E-3
7.237124458E0,-3.520944156E-4,-2.619996667E-4,5.791662261E-4
7.486697458E0,1.065349672E-3,5.387840793E-4,-5.842493847E-4
7.736251958E0,2.143463120E-3,-2.399152145E-4,-1.041671261E-3
7.985824958E0,-7.905382663E-4,-1.029567793E-3,1.632459462E-4
8.235397958E0,8.710059337E-4,-1.205185428E-3,2.045752481E-4
8.484939958E0,8.207480423E-4,-1.479793340E-3,5.935607478E-4
8.734495000E0,-4.271408543E-4,-1.013468020E-3,1.118343323E-3
8.984037000E0,1.583880745E-3,-2.007861622E-3,1.461850479E-4
9.233610000E0,6.694542244E-4,-8.882470429E-4,-7.811561227E-5
9.483182000E0,-1.393738203E-4,-7.729735225E-4,-2.436898649E-4
9.732737125E0,8.986499161E-4,6.093168631E-4,5.622571334E-4
9.982309125E0,-1.762646716E-3,1.258816570E-3,3.108596429E-4
1.023185212E1,-2.097301185E-4,-9.873174131E-4,-2.419629134E-3
1.048142412E1,5.841613747E-4,2.045510337E-4,-1.722496003E-3
1.073097783E1,-3.341203555E-4,-5.254363641E-4,5.137436092E-4
1.098051983E1,-5.040415563E-4,1.368907280E-3,-1.097014174E-4
1.123009283E1,-3.080009483E-4,1.883807592E-3,1.100177877E-3
1.147963483E1,6.786328740E-4,-1.239683479E-5,-3.313729540E-4
1.172921988E1,-1.207355410E-3,-8.967425674E-5,1.470840536E-3
1.197879288E1,-6.680041552E-4,2.872808836E-3,1.173224300E-4
1.222833487E1,3.850227222E-4,5.126679316E-4,-1.265473664E-3
1.247790787E1,1.051147934E-3,6.446531042E-4,9.294794872E-4
1.272746471E1,-6.825886667E-4,1.315069385E-3,-6.390931085E-4
1.297700671E1,-9.664846584E-5,-4.440052435E-4,2.585705370E-4
1.322657971E1,-4.177123774E-3,1.134955324E-3,9.040441364E-4
1.347612171E1,-3.296467476E-4,-3.240164369E-5,-2.088369802E-4
1.372570733E1,2.084454987E-3,5.947574973E-4,-4.791105166E-4
1.397527933E1,-1.695646904E-3,-6.377641112E-4,3.423439339E-4
1.422482133E1,-3.448715666E-3,2.841494977E-3,3.395071253E-4
1.447439433E1,3.294630442E-3,1.009661704E-3,-1.138032414E-3
1.472395383E1,1.582475379E-4,-3.234986216E-4,2.079727128E-4
1.497349583E1,5.820621736E-4,-1.280854456E-3,1.083855517E-3
1.522306883E1,-1.717062667E-3,-1.140737906E-3,-1.117559150E-4
1.547261083E1,6.212377921E-4,-1.303634606E-3,-1.047402620E-4
1.572216550E1,5.214707926E-5,2.736458555E-4,5.873003975E-4
1.597173850E1,8.539245464E-4,5.374532193E-4,-8.883513510E-5
1.622128050E1,-1.447261311E-3,2.610934898E-4,-3.044568002E-4
1.647085350E1,-1.765633933E-3,1.374373212E-3,-5.199294537E-5
1.672043808E1,1.691455953E-3,2.781189978E-4,4.310496151E-4
1.696998108E1,9.716609493E-4,4.053711891E-4,3.479598090E-4
1.721955308E1,1.878169831E-3,1.352712512E-3,-5.764029920E-4
1.746912608E1,1.908751205E-3,1.074019819E-4,-2.303356305E-4
1.771864508E1,-6.370823830E-4,8.181035519E-4,2.521285787E-4
1.796821808E1,-8.452567272E-4,8.635539562E-4,-1.690701582E-3
1.821779108E1,3.297338262E-4,3.722961992E-5,-9.571127594E-4
1.846733308E1,-1.112053171E-3,3.235656768E-4,8.610356599E-5
1.871691446E1,4.094210453E-4,-7.708752528E-4,7.480178028E-4
1.896648746E1,2.027465962E-4,1.708270982E-3,-3.723381087E-4
1.921602946E1,7.937629707E-4,6.468398497E-4,2.656523138E-4
1.946560246E1,-6.133364514E-4,-1.340815797E-4,5.731396377E-4
1.971515846E1,-1.897318289E-3,3.049066290E-4,-9.583309293E-4
1.996470146E1,5.389284343E-5,-6.094835699E-4,1.156802289E-3
2.021427346E1,-1.953314058E-4,-9.836358950E-4,-1.202747226E-4
2.046384646E1,-2.245609649E-4,7.814997807E-4,-8.667074144E-5
2.071339146E1,-1.473181881E-3,5.022445694E-4,1.228054985E-3
2.096296446E1,-7.294663228E-4,-1.447383314E-3,9.741913527E-5
2.121253746E1,-4.780613817E-4,4.897341132E-4,-3.563286737E-4
2.146207946E1,-1.972462516E-3,-3.453111276E-4,-1.232834533E-3
2.171165696E1,-3.654123284E-4,-1.150164753E-4,5.343090743E-4
2.196122996E1,1.234256197E-3,-9.702360258E-4,9.377850220E-4
2.221077196E1,-1.317382324E-3,-1.054330729E-3,8.069835603E-4
2.246034496E1,-1.346319914E-4,6.008865312E-4,-5.900515243E-4
2.270991521E1,4.603406414E-4,3.117881715E-4,-1.046191901E-4
2.295945821E1,1.424329355E-3,-1.464420930E-4,-1.147554256E-3
2.320903021E1,-8.464530110E-4,3.519626334E-4,1.160123385E-3
2.345860321E1,2.881097607E-4,4.490958527E-4,-2.526259050E-4
2.370813413E1,8.821021765E-4,1.170357689E-3,1.145469956E-3
2.395770713E1,-1.065946650E-3,5.009993911E-4,-2.182452008E-4
2.420728013E1,1.001520548E-3,-1.043161377E-3,-1.355744898E-4
2.445682213E1,-1.050844789E-3,-2.152174711E-4,-1.512086019E-4
2.470638163E1,-1.829714514E-3,6.848257035E-4,-3.778878599E-4
2.495595463E1,9.013274685E-4,1.260356978E-3,2.077408135E-5
2.520549662E1,7.529114373E-4,2.416064963E-4,1.310580410E-3
2.545506963E1,1.898687333E-3,-1.772108488E-3,9.424220771E-4
2.570466300E1,-6.076297723E-4,-4.297569394E-4,1.774830744E-4
2.595420600E1,1.022112556E-4,-1.485905610E-3,-1.327961683E-3
2.620377800E1,-5.543506704E-4,-1.554181799E-4,5.521457642E-4
2.645335100E1,3.464710899E-4,-9.337924421E-4,-1.009118743E-3
2.670287150E1,-6.184014492E-4,-4.035998136E-4,-2.840030938E-4
2.695244450E1,7.368260995E-4,-5.175173283E-5,-5.439789966E-4
2.720201750E1,6.044879556E-4,-5.644932389E-5,-1.221647486E-3
2.745155950E1,5.655898713E-4,-3.713881597E-4,1.097532921E-3
2.770112675E1,-4.787325859E-3,-2.541216090E-4,-3.395779058E-4
2.795069975E1,5.818055943E-4,1.806336455E-3,1.236665063E-3
2.820024175E1,2.755513415E-4,9.227395058E-4,-1.116253436E-3
2.844981475E1,-2.977764234E-4,-4.419088364E-4,-6.992109120E-4
2.869939708E1,-1.189467963E-3,-1.505205408E-3,1.239128411E-3
2.894894008E1,-1.424236689E-3,1.252613962E-3,-5.450164899E-4
2.919851208E1,6.962702610E-4,-4.865620285E-4,-6.029475480E-5
2.944808508E1,1.187872142E-3,-1.137746498E-3,6.020152941E-4
2.969762975E1,2.081006300E-3,-2.745008096E-4,-4.663784057E-4
2.994717175E1,-2.063834108E-3,-2.895575017E-5,-1.505013555E-3
3.019674475E1,2.073879354E-3,3.476925194E-4,1.723729074E-4
3.044631775E1,-8.448776789E-4,4.783887416E-4,-2.310341224E-4
3.069586538E1,-6.858985871E-4,4.443619400E-4,7.365439087E-4
3.094543837E1,9.696977213E-5,-2.862763591E-3,-3.301268443E-4
3.119501037E1,-1.930883154E-4,-5.263909698E-4,2.775806934E-5
3.144455338E1,-3.028307110E-4,2.106400207E-3,2.415962517E-4
3.169413246E1,-8.175233379E-4,-1.083006151E-3,-1.277192496E-3
3.194370546E1,-7.554087788E-4,1.221393235E-3,-1.446804963E-3
3.219324746E1,-1.850955188E-3,1.092957333E-3,-5.374457687E-4
3.244282046E1,-1.002278179E-3,2.316206694E-3,-1.279841177E-3
3.269237258E1,-1.677984837E-3,-1.076315530E-3,-1.144809648E-4
3.294191458E1,1.678884961E-3,-2.029884607E-3,1.244259067E-3
3.319148758E1,2.467280719E-3,7.867673412E-4,3.044325858E-4
3.344106058E1,-8.184695616E-4,-4.259617999E-4,-2.504903823E-4
3.369064383E1,1.103438903E-3,1.915603876E-3,1.312736422E-4
3.394018683E1,-9.425687604E-4,-4.646079615E-4,1.252407208E-3
3.418975883E1,-4.410045221E-4,1.705195755E-3,8.108690381E-4
3.443933183E1,-4.564831033E-5,-2.646129578E-4,1.320463605E-3
3.468885071E1,5.044224672E-4,1.294485293E-3,3.284970298E-4
3.493842371E1,-2.697096206E-4,-1.367790624E-3,-1.036356203E-3
3.518799671E1,5.450928584E-4,7.582278922E-4,-1.464170404E-3
3.543753871E1,-8.293539286E-4,1.324072480E-3,-5.680071190E-4
3.568712858E1,1.853918657E-4,-1.701522619E-3,9.355675429E-4
3.593670158E1,7.267482579E-5,1.234546304E-3,-1.024073921E-3
3.618627358E1,8.891024627E-4,-6.672963500E-4,-6.824731827E-6
3.643581658E1,-6.859884597E-4,3.381464630E-4,-8.971309289E-4
3.668536700E1,-2.002096735E-4,-5.600629374E-4,4.280982539E-4
3.693494000E1,-5.472120829E-4,2.149380744E-4,-4.756897688E-4
3.718448200E1,3.624414094E-4,1.825941727E-4,-4.256907851E-4
3.743405500E1,9.864615276E-5,6.568515673E-4,-3.996873274E-4
3.768364538E1,4.110452719E-4,-7.129600272E-4,9.953016415E-4
3.793318738E1,3.635725006E-4,5.298061296E-4,-1.800889149E-4
3.818276037E1,2.177804708E-3,-1.693014055E-4,-1.506625675E-3
3.843233337E1,2.288477030E-3,3.052977845E-4,1.227317378E-3
3.868188908E1,-1.076334156E-4,-6.860774010E-5,-2.750968561E-4
3.893143208E1,-3.385981545E-4,5.980180576E-4,-1.197794452E-3
3.918100408E1,-2.257931046E-4,-1.188553870E-5,-6.933091208E-4
3.943057708E1,-2.569477074E-4,-1.138584688E-3,-8.846940473E-4
3.968011908E1,-5.032070912E-4,4.947129637E-4,1.345996745E-3
3.992969512E1,-4.842435010E-4,3.154603764E-4,2.650069073E-4
4.017926813E1,-1.236072276E-3,1.379278488E-3,-3.946926445E-4
4.042881012E1,-3.414833918E-4,4.697684199E-4,-2.716174349E-4
4.067838312E1,-1.985730603E-3,1.257844269E-4,1.306142658E-3
4.092792983E1,1.217786223E-3,-3.622360528E-4,1.342347823E-3
4.117750183E1,5.015814677E-4,-9.464118630E-4,-4.588710144E-4
4.142704483E1,2.152901143E-4,-3.385581076E-3,-7.061501965E-4
4.167661683E1,6.234678440E-4,1.074533910E-3,-1.568719745E-3
4.192619033E1,-5.766968243E-4,-5.302652717E-4,-4.764506593E-4
4.217573233E1,-4.922738299E-4,-5.746129900E-4,1.786127687E-4
4.242530533E1,-1.586966682E-3,-1.305693761E-3,2.490011975E-4
4.267487833E1,-1.523159444E-4,-1.140524633E-3,2.934262156E-4
4.292443796E1,3.877356648E-4,5.420409143E-4,5.269879475E-4
4.317401096E1,4.192208871E-4,1.350677572E-3,3.404356539E-5
4.342358396E1,-6.811786443E-5,9.371116757E-4,1.221009530E-3
4.367315596E1,1.024240162E-3,1.087728888E-4,4.402808845E-4
4.392268000E1,8.427291177E-4,-1.064206474E-3,-1.127060503E-3
4.417225200E1,-1.044124365E-4,1.007623971E-3,3.087464720E-4
4.442182500E1,-7.091769949E-4,-2.316165715E-3,1.079301350E-3
4.467136700E1,6.733792834E-4,-5.790079013E-4,-9.428253397E-4
4.492095287E1,1.179880463E-3,-8.600475267E-4,-1.052813604E-3
4.517052588E1,-4.984419793E-4,-2.335980535E-4,1.090303063E-3
4.542009888E1,2.707471140E-4,4.549138248E-5,-9.516235441E-4
4.566964087E1,7.741954178E-4,5.482854322E-4,2.382379025E-4
4.591919358E1,1.296925358E-3,1.403167844E-4,9.432425722E-4
4.616876558E1,-1.805443317E-3,1.287186518E-3,-7.119523361E-4
4.641830858E1,-6.002401933E-4,-1.001270488E-3,-2.889586613E-4
4.666788058E1,1.567050349E-3,2.793228254E-3,-2.693766728E-4
4.691745688E1,1.831779256E-3,2.825707197E-4,-3.221165389E-5
4.716699887E1,-4.427153617E-4,-7.973248139E-4,-1.050945371E-3
4.741657188E1,3.485097550E-4,-2.092390321E-3,5.631931126E-4
4.766614488E1,-2.535638399E-3,-3.986200318E-4,-6.821202114E-4
4.791569713E1,-1.178429462E-3,2.280166373E-4,3.520837054E-4
4.816523913E1,2.946984023E-5,3.826785833E-4,-4.497030750E-4
4.841481213E1,-8.355453610E-4,2.739485353E-4,4.606824368E-4
4.866438413E1,-3.878897987E-4,-6.827013567E-4,3.220168874E-4
4.891394696E1,-5.862149410E-4,9.178640321E-4,3.525167704E-4
4.916351896E1,-7.231105119E-4,1.506241970E-3,1.234633848E-3
4.941309196E1,1.102339476E-3,-5.787992850E-4,-2.327187918E-3
4.966266496E1,-1.443284098E-3,2.858331427E-4,1.438409090E-4
4.991217825E1,2.003428526E-4,5.478356034E-4,1.211876981E-3
5.016175125E1,8.834884502E-4,-1.005185768E-4,-2.626990899E-4
5.041132425E1,5.244323984E-5,1.091443934E-3,4.131058231E-4
5.066086625E1,-9.551923722E-5,-7.360810414E-4,-9.606517851E-4
5.091044733E1,4.766378552E-4,1.321864314E-3,1.406613737E-4
5.116001933E1,6.352872588E-4,-5.146116018E-5,1.717111096E-3
5.140959233E1,1.679764595E-3,-1.176204532E-4,-5.150623620E-4
5.165913433E1,1.420038752E-4,-9.431689978E-5,-3.434205428E-4
5.190870408E1,-1.336876303E-3,3.119688481E-4,1.470815390E-3
5.215827708E1,-1.154772937E-3,-1.005718485E-3,-3.334749490E-4
5.240781908E1,-1.618511975E-3,7.054749876E-4,-1.873215660E-4
5.265739208E1,8.726995438E-4,1.088470221E-3,-1.124395058E-3
5.290694971E1,5.670613609E-4,1.300908625E-4,-4.219487309E-4
5.315652171E1,-1.557737589E-3,1.057529822E-3,-1.574837603E-3
5.340606371E1,-5.633560941E-4,-1.990087330E-4,-3.842143342E-4
5.365563671E1,-5.030091852E-4,-2.458244562E-4,-1.385946758E-3
5.390521983E1,-3.745313734E-5,-1.502250321E-3,-3.774780780E-4
5.415476183E1,-1.969272271E-4,-2.130563371E-3,-1.989137381E-4
5.440433483E1,-7.764212787E-4,2.112584189E-4,-1.535229385E-4
5.465390783E1,9.282426909E-4,-1.676160842E-3,3.707716241E-4
5.490346763E1,7.033087313E-4,1.405427232E-3,1.473668963E-4
5.515301062E1,1.857104246E-3,-9.075729176E-4,4.717148840E-4
5.540258262E1,-4.402240738E-4,-8.570831269E-4,-1.504113898E-4
5.565215563E1,2.124974970E-3,8.482299745E-5,-1.186521724E-3
5.590170400E1,-1.083235256E-3,5.181347951E-4,-2.694586292E-4
5.615127700E1,-1.828374341E-3,1.149734482E-3,-2.109255642E-3
5.640085000E1,9.227776900E-5,-5.016988143E-4,-7.480755448E-5
5.665042300E1,4.703770392E-4,-1.789778471E-4,-1.554191113E-4
5.689994758E1,-3.232541727E-3,2.749853767E-3,-4.584109411E-4
5.714952058E1,3.880900331E-4,6.078630686E-4,3.386605531E-4
5.739909258E1,1.446747687E-3,-2.372292802E-4,-9.276894853E-4
5.764863558E1,-7.117339410E-4,-1.222363673E-3,1.109709032E-3
5.789822013E1,-3.823642619E-4,-5.779489875E-4,3.887964413E-4
5.814779313E1,1.056236681E-3,-9.352527559E-5,-6.028208882E-4
5.839736612E1,3.227991983E-3,-2.541150898E-4,-1.442269422E-3
5.864690813E1,1.478110440E-3,1.451782882E-4,-2.267213538E-3
5.889646546E1,1.840283163E-3,-9.087203071E-4,-3.866832703E-4
5.914603846E1,-2.120213583E-3,-2.567507327E-4,-1.450004987E-3
5.939561046E1,1.735909842E-3,1.112938859E-3,3.602867946E-4
5.964515346E1,-2.864589682E-3,1.855436713E-4,4.346752539E-4
5.989470671E1,3.249365836E-4,6.162114441E-4,3.769071773E-4
6.014427971E1,1.239413396E-4,5.850177258E-4,1.584880054E-3
6.039382171E1,-1.387395430E-3,-2.192963846E-3,3.507742658E-4
6.064339471E1,2.649314702E-4,9.331330657E-4,2.015978098E-4
6.089297858E1,3.704852425E-4,4.292633384E-4,-1.410884783E-3
6.114255158E1,1.200785395E-3,-1.280708238E-3,-1.399572939E-4
6.139209358E1,8.163275197E-4,1.913942397E-4,-1.584847458E-3
6.164166658E1,6.975978613E-5,-2.110088244E-4,-1.139246859E-3
6.189124696E1,-1.395942643E-3,-9.739566594E-4,1.218868420E-4
6.214078996E1,-4.187142476E-4,7.666544989E-4,-1.624483615E-3
6.239036196E1,2.180220559E-3,3.173900768E-4,1.401631162E-4
6.263993496E1,-1.229136251E-4,-1.152828336E-4,-1.753112301E-4
6.288948896E1,-6.211302243E-4,-5.301460624E-4,1.388030127E-3
6.313903096E1,1.851584762E-3,5.595218390E-4,-1.291858032E-3
6.338860396E1,-2.452968620E-4,-3.977594897E-4,-2.841595560E-4
6.363817696E1,-1.884425525E-3,2.057509497E-3,1.168316230E-4
6.388776008E1,2.157539129E-3,-7.373886183E-4,-5.069598556E-4
6.413730308E1,-3.201048821E-4,-4.484318197E-6,3.849808127E-4
6.438687508E1,-2.846098505E-4,2.979686484E-3,-1.967325807E-4
6.463644808E1,-2.526631579E-5,2.966411412E-4,-2.108048648E-5
6.488596150E1,-2.181958407E-4,-1.544440165E-4,2.360250801E-5
6.513553450E1,1.002601348E-3,-3.069695085E-4,-1.420759596E-3
6.538510750E1,6.538117304E-5,-1.048056409E-3,-4.781465977E-4
6.563468050E1,1.076157205E-4,-2.270145342E-3,1.010410488E-4
6.588421796E1,-1.788237132E-4,-6.897645071E-4,1.236089505E-3
6.613379096E1,-8.237133734E-4,-1.421831548E-4,-1.316591166E-3
6.638336296E1,-4.514087923E-4,-4.602828994E-4,5.583977327E-4
6.663293596E1,3.406847827E-4,-1.720615663E-3,1.672595739E-3
6.688249221E1,-8.485605940E-5,-1.001886092E-3,2.771690488E-4
6.713206521E1,6.883474998E-4,3.241235390E-4,5.277246237E-5
6.738163821E1,2.679557540E-3,-2.913418692E-3,-2.315230668E-3
6.763118021E1,-3.246553242E-4,1.790495589E-4,4.116445780E-7
6.788075521E1,-2.025646623E-3,9.117750451E-4,3.841388971E-4
6.813032821E1,2.892459743E-4,9.547602385E-4,4.625217989E-4
6.837990021E1,-1.167614013E-3,1.333244145E-4,-5.003511906E-4
6.862944321E1,-5.636382848E-4,-8.500795811E-4,-4.052920267E-4
6.887900746E1,1.477194484E-3,2.289125696E-4,2.337916754E-3
6.912858046E1,1.185822766E-3,2.157529816E-4,2.367021516E-4
6.937815346E1,1.046014484E-3,-1.581495628E-3,6.773108616E-4
6.962769546E1,8.761780336E-4,-3.263363615E-4,-1.209412701E-3
6.987726088E1,2.342127264E-4,1.012461260E-3,2.969056368E-4
7.012683388E1,3.858469427E-4,5.323085934E-4,3.737322986E-4
7.037637587E1,9.479220025E-4,-4.006251693E-4,7.201684639E-4
7.062594888E1,-5.945330486E-4,5.157701671E-4,-1.134756021E-3
7.087550283E1,1.187974587E-3,-7.679406554E-5,-8.296770975E-4
7.112507583E1,-1.549745910E-3,2.803886309E-4,2.670474350E-4
7.137461783E1,-2.835867926E-4,1.161778346E-4,2.174004912E-4
7.162419083E1,-4.376173019E-4,-8.549131453E-4,1.126168296E-3
7.187378033E1,-1.262449659E-3,4.255603999E-4,-5.244212225E-4
7.212335333E1,5.106348544E-4,-5.180109292E-5,-1.051360741E-4
7.237289533E1,-1.795290038E-3,-1.801326871E-4,8.599720895E-4
7.262246833E1,-1.654509455E-3,2.107038163E-3,-4.247361794E-4
7.287201458E1,-5.328231491E-4,-2.941768616E-4,-2.951053903E-4
7.312155758E1,1.607055776E-3,-1.399463974E-3,-1.663723961E-4
7.337112958E1,-7.331268862E-4,2.206861973E-5,-1.262550242E-3
7.362070258E1,1.337840222E-4,7.148860022E-4,8.486788720E-4
7.387028596E1,-1.186352223E-3,-1.058351249E-3,1.300893724E-3
7.411982796E1,3.643520176E-4,-1.021936536E-3,-1.901136711E-4
7.436940096E1,3.277417272E-4,-1.288034022E-3,1.250044443E-3
7.461897396E1,-2.766456455E-4,6.330767646E-4,7.812306285E-5
7.486852696E1,-1.666519325E-3,1.847930253E-5,-1.188032329E-4
7.511806996E1,-4.700841382E-4,1.788994297E-3,1.080957241E-3
7.536764196E1,-2.933256328E-4,3.114137799E-4,-7.013510913E-4
7.561721496E1,-5.243229680E-4,7.329843938E-4,8.722441271E-4
7.586677896E1,1.065589953E-3,5.455855280E-4,-4.116985947E-4
7.611632096E1,-5.048462190E-4,-1.797117293E-4,7.435614243E-4
7.636589396E1,-5.617877468E-5,1.217492856E-3,8.386559784E-4
7.661546696E1,-2.293074504E-4,9.142654017E-4,-6.911922246E-4
7.686501537E1,-1.362794545E-3,-5.136802793E-5,3.696437925E-4
7.711458837E1,-1.986574382E-3,-5.079424009E-4,-2.958886325E-4
7.736416038E1,-1.251491252E-3,-4.391372204E-5,-1.165520400E-3
7.761373338E1,7.423991337E-5,-1.275836490E-3,-1.669296063E-3
7.786326387E1,-7.605445571E-4,1.783268526E-4,9.526107460E-4
7.811283687E1,-1.392369624E-3,7.733600214E-4,-8.842358366E-4
7.836240988E1,-4.035127349E-4,-1.079235226E-4,1.481596380E-3
7.861198288E1,-1.992001198E-4,-3.418363631E-4,-2.031866461E-4
7.886153271E1,1.344099175E-3,-3.449954093E-4,8.490197361E-4
7.911110571E1,-4.440164194E-4,3.523435444E-4,-1.503806561E-3
7.936067771E1,-7.538655773E-4,-1.463018358E-3,5.893697962E-4
7.961025071E1,-1.385751180E-3,2.994649112E-4,7.272288203E-4
7.985977233E1,1.295879483E-4,2.477029338E-4,-1.117106527E-3
8.010934533E1,-3.390647471E-4,1.143533736E-4,-2.550100908E-4
8.035891833E1,1.719804481E-3,1.149716787E-3,2.753278241E-4
8.060846033E1,2.819597721E-4,-7.019406185E-4,-1.146867871E-4
8.085804475E1,3.937445581E-4,9.945426136E-4,-3.252672032E-4
8.110761775E1,-8.210772648E-5,-1.289067790E-3,5.798703060E-4
8.135718975E1,-2.820705995E-4,1.627248712E-3,1.382725313E-4
8.160673275E1,-1.083435491E-4,-1.860754564E-4,8.087670431E-4
8.185629046E1,-1.864815131E-4,-1.110812649E-3,-7.259380072E-5
8.210586346E1,-3.321291879E-4,-1.109772362E-3,-5.478635430E-4
8.235543646E1,1.337578520E-3,-1.270273700E-3,5.713496357E-4
8.260497846E1,-1.482779626E-3,9.352844208E-4,-1.363087445E-3
8.285455721E1,-6.170826964E-4,-3.032609820E-4,-1.504179090E-5
8.310413021E1,-9.107189253E-4,-1.092350110E-3,5.099792033E-4
8.335370221E1,1.441511791E-3,-1.820167527E-4,-2.620164305E-3
8.360324521E1,-8.341493085E-4,-7.531754673E-4,1.356881112E-4
8.385279821E1,-1.047789585E-3,2.723746002E-5,-1.250422560E-3
8.410237121E1,6.470833905E-4,3.611240536E-4,1.336568967E-4
8.435194421E1,-5.543897860E-4,6.511891261E-4,-2.127727494E-4
8.460148621E1,1.013157424E-3,1.514525153E-3,-4.903171211E-4
8.485107421E1,1.756371930E-4,4.034209996E-4,-3.629755229E-4
8.510064721E1,-8.829049766E-4,-1.349032857E-3,2.691429108E-5
8.535018921E1,-7.607629523E-4,-1.157669351E-3,1.024147496E-4
8.559976221E1,6.832485087E-4,-3.371229395E-4,-4.977015778E-4
8.584932388E1,3.772131167E-4,1.618396491E-4,4.991516471E-4
8.609889688E1,1.813256647E-3,6.183553487E-4,7.919445634E-4
8.634843888E1,3.461218439E-4,-7.126666605E-5,6.052553654E-4
8.659801188E1,9.237262420E-4,1.685386524E-3,7.460592315E-4
8.684759133E1,7.219370455E-4,8.815741166E-4,-8.981581777E-5
8.709716433E1,-4.094401374E-4,-1.036362723E-3,-1.061183400E-3
8.734670633E1,1.340589020E-3,-1.857668161E-3,-6.594248116E-4
8.759627933E1,-1.126000192E-3,1.848284155E-3,-5.910191685E-4
8.784583933E1,6.852163933E-4,-3.055548295E-4,-1.218055375E-3
8.809541233E1,-2.181460150E-4,-1.311196946E-3,-5.419459194E-5
8.834495433E1,-5.363724194E-4,5.928315222E-4,4.457440227E-4
8.859452733E1,-4.433328286E-4,2.786042169E-4,1.139023341E-3
8.884409563E1,3.658267669E-4,-1.416910440E-3,-1.676660031E-4
8.909366862E1,1.054530032E-3,4.383176565E-5,5.024913698E-4
8.934321063E1,-1.936342102E-3,-6.431359798E-4,1.107908785E-3
8.959278363E1,9.094877169E-5,1.305909827E-4,3.338074312E-4
8.984234158E1,4.189424217E-4,-2.777827904E-4,-9.646238759E-4
9.009191458E1,3.213658929E-4,8.018873632E-5,1.078335568E-3
9.034145658E1,-6.396477111E-4,-1.252860762E-3,-4.321113229E-4
9.059102958E1,-1.837487333E-3,-2.075415105E-4,3.770617768E-4
9.084059900E1,-2.538831905E-4,-1.829902641E-3,1.295216382E-3
9.109014100E1,-1.693225466E-3,-2.381178550E-3,-3.585685045E-4
9.133971400E1,7.499731146E-4,-1.558996737E-4,1.714983955E-3
9.158928700E1,1.202649437E-4,-2.246000804E-3,-2.643400803E-4
9.183886008E1,-6.818072870E-5,-1.516711898E-3,1.351463608E-3
9.208840308E1,-5.082129501E-4,5.111983046E-4,3.951722756E-4
9.233797508E1,8.783354424E-4,3.002341837E-4,-4.771780223E-4
9.258754808E1,8.570589125E-4,-3.310907632E-4,8.707866073E-7
9.283713246E1,7.777661085E-5,1.234626397E-4,-3.361292183E-4
9.308667446E1,1.110043842E-3,2.647005022E-4,-6.639109924E-4
9.333624746E1,-8.708210662E-4,-1.484871842E-3,1.178747974E-3
9.358582046E1,1.757619902E-4,1.328401268E-4,3.062849864E-4
9.383538125E1,-1.164433546E-3,-2.958951518E-4,-9.562736377E-4
9.408492425E1,-4.370235838E-4,-1.215503551E-3,1.772157848E-4
9.433449625E1,-4.234239459E-4,1.341421157E-4,2.073803917E-4
9.458406925E1,-6.785588339E-4,-6.928890944E-4,4.908610135E-4
9.483362475E1,8.664773777E-4,5.238205194E-4,4.597939551E-5
9.508316675E1,3.357459791E-4,1.831304282E-3,1.150123775E-3
9.533273975E1,1.132115722E-3,-2.394206822E-4,-1.074083149E-3
9.558231275E1,7.166108117E-5,-3.637857735E-4,1.501198858E-4
9.583189713E1,-2.799276263E-4,5.444921553E-4,9.202109650E-4
9.608144013E1,-9.205215611E-4,-1.420369372E-4,-5.174940452E-4
9.633101213E1,-8.234009147E-5,8.819540963E-4,-1.307400875E-3
9.658058513E1,-1.713229809E-3,1.144449227E-3,-9.733093902E-4
9.683014146E1,-1.757684629E-3,2.578194253E-3,4.434110597E-4
9.707968346E1,-3.688656725E-4,-9.612850845E-4,-4.141563550E-4
9.732925646E1,-8.398573846E-5,-1.269538887E-3,-1.063732430E-3
9.757882946E1,-2.427999862E-4,-1.159299165E-3,-3.766827285E-4
9.782841213E1,-9.492523968E-4,3.048842773E-4,-3.312304616E-4
9.807795513E1,-5.326289684E-4,6.907666102E-4,1.733953133E-3
9.832752713E1,-8.434918709E-4,-9.847544134E-4,-4.809387028E-4
9.857710013E1,-9.158086032E-4,1.799389720E-4,-1.307791099E-3
9.882665500E1,2.221571282E-3,-1.416120678E-3,2.904236317E-4
9.907619700E1,-1.935851760E-4,3.385139629E-3,5.641113967E-5
9.932577000E1,-2.239155583E-3,6.730407476E-4,1.180836931E-3
9.957534300E1,2.585086040E-4,-1.283239573E-3,-1.154605299E-3
9.982488821E1,1.018220093E-3,-7.702754810E-4,-3.311689943E-4
1.000744612E2,2.093337942E-3,-1.190606505E-3,-6.736163050E-4
1.003240332E2,-9.313952178E-4,1.321183518E-4,-4.002256319E-4
1.005736062E2,7.719662972E-4,-5.598301068E-4,1.666415483E-4
1.008231326E2,-9.044059552E-4,-1.336502843E-3,2.936497331E-4
1.010727056E2,-3.372319043E-5,2.879360691E-4,-1.108790748E-3
1.013222786E2,2.018734813E-4,-5.164435133E-4,-6.251493469E-4
1.015718516E2,-1.561368350E-3,1.536815427E-3,-8.066315204E-4
1.018213997E2,3.657769412E-5,-1.941183582E-4,-1.552710310E-3
1.020709727E2,-3.573340364E-4,-3.683706746E-4,2.254294232E-4
1.023205448E2,2.442579716E-5,2.010213211E-4,3.829374909E-4
1.025701178E2,8.693551645E-4,8.603893220E-4,8.658887818E-4
1.028196415E2,-2.934038639E-4,2.802982926E-4,-3.909179941E-4
1.030692145E2,-5.499646068E-4,-1.995274797E-4,-4.499582574E-4
1.033187875E2,-7.617501542E-4,-1.407760195E-3,9.488034993E-5
1.035683605E2,7.282728329E-4,-5.163261667E-4,6.807111204E-4
1.038179208E2,-3.110729158E-4,-6.423620507E-4,4.681814462E-4
1.040674938E2,1.363289542E-3,-3.656372428E-4,-1.163072884E-3
1.043170658E2,1.656257082E-3,-2.064655535E-3,-3.606062382E-4
1.045666388E2,-7.979292423E-4,-2.002093941E-3,4.503177479E-4
1.048161620E2,5.778889172E-4,1.833252609E-3,-4.713907838E-4
1.050657350E2,4.705023021E-4,2.242363989E-4,1.304019243E-4
1.053153080E2,-9.603481740E-4,1.311469823E-3,-2.578143030E-4
1.055648810E2,8.682813495E-4,2.681240439E-4,-5.254894495E-5
1.058144081E2,-5.486607552E-4,3.405204043E-4,-8.830800653E-5
1.060639811E2,2.534049563E-4,-6.351834163E-4,-1.445853151E-3
1.063135531E2,1.089968719E-4,5.636755377E-4,-7.416438311E-4
1.065631261E2,-1.398244407E-3,-1.111155376E-3,7.161740214E-4
1.068126748E2,-2.603183268E-3,2.425306477E-3,1.106988639E-4
1.070622478E2,-4.223681055E-3,6.536999717E-4,1.350260340E-3
1.073118208E2,-1.074867323E-4,6.845192984E-4,7.494064048E-4
1.075613938E2,1.492737792E-4,-1.119411550E-3,1.510594040E-3
1.078109170E2,-9.149922989E-4,-3.797616810E-4,5.621090531E-4
1.080604900E2,1.624599099E-3,1.024286263E-3,3.089476377E-5
1.083100620E2,2.069841139E-3,-1.822896302E-4,-7.789619267E-4
1.085596350E2,-1.724828500E-3,-1.249793917E-3,-1.752581447E-4
1.088091941E2,-3.945655189E-4,8.992543444E-4,-1.075444743E-3
1.090587671E2,-1.706195530E-3,-1.617260277E-4,5.195289850E-4
1.093083401E2,-1.294198912E-3,2.485720441E-3,-3.721006215E-5
1.095579131E2,-2.655451186E-3,1.574830152E-3,6.486559287E-4
1.098074366E2,3.028073814E-3,-1.279992051E-3,-1.072738320E-3
1.100570096E2,-7.929881103E-4,-1.723207533E-4,5.646096542E-4
1.103065816E2,-7.198750973E-5,-3.904160112E-4,1.070005819E-4
1.105561546E2,-3.636204638E-4,1.834146678E-5,7.790792733E-5
1.108056930E2,-8.881324902E-5,4.529263824E-4,-3.090882674E-4
1.110552660E2,5.553159863E-4,5.191061646E-4,-7.283315063E-5
1.113048390E2,2.420460805E-5,8.702836931E-5,-3.741364926E-4
1.115544120E2,1.031323336E-3,-9.133089334E-4,3.849286586E-4
1.118039684E2,-2.837119391E-3,1.683714800E-3,-2.298410982E-5
1.120535414E2,-8.789314888E-4,2.379762009E-4,2.071270719E-4
1.123031134E2,-4.189708270E-4,6.031533703E-4,2.104397863E-4
1.125526864E2,-7.897778414E-4,-1.245178282E-5,6.171781570E-5
1.128022033E2,-8.086501621E-4,1.298638992E-3,5.917781964E-4
1.130517763E2,-3.203554079E-4,-2.475556917E-3,5.596214905E-4
1.133013493E2,9.701987728E-4,6.444379687E-5,-8.258465677E-4
1.135509223E2,-5.970746279E-4,-8.253324777E-4,-1.173957251E-3
1.138004766E2,2.160402015E-3,-2.295468003E-4,3.635277972E-4
1.140500496E2,5.788682029E-5,-7.396098226E-4,-3.950968385E-4
1.142996216E2,-1.125894487E-4,-4.255967215E-4,-1.124435104E-3
1.145491946E2,1.475077588E-3,-7.348759100E-4,-2.867523581E-4
1.147987386E2,-1.476298552E-3,4.180539399E-4,8.828146383E-4
1.150483116E2,6.197090261E-4,-2.602944151E-4,1.114877872E-3
1.152978846E2,5.447845906E-4,-4.018722102E-4,1.454659738E-3
1.155474576E2,8.322228678E-4,1.196797937E-3,-6.113760173E-4
1.157970080E2,8.012847975E-4,1.014924608E-3,2.549998462E-4
1.160465510E2,-1.713046338E-3,1.097448170E-3,3.167185932E-4
1.162961230E2,6.826394238E-4,8.435351774E-4,-9.845197201E-5
1.165456960E2,-1.970400568E-3,2.734242007E-4,-5.024950951E-4
1.167952776E2,-4.296805710E-4,1.584626734E-4,-3.750836477E-4
1.170448196E2,-3.818133846E-4,4.017660394E-4,-6.506796926E-4
1.172943926E2,-4.917662591E-4,1.409341581E-3,-2.165168524E-3
1.175439656E2,8.956436068E-4,8.417954668E-4,-9.757615626E-4
1.177935179E2,-9.133243002E-4,9.492142126E-4,-6.253868341E-4
1.180430609E2,6.402223371E-4,-1.068994403E-3,-1.550356857E-3
1.182926329E2,-1.001132652E-3,1.147101633E-3,7.500443608E-4
1.185422059E2,-1.115409657E-3,-1.641823910E-3,-2.226112410E-4
1.187917800E2,-6.649382412E-4,-1.651234925E-6,5.258200690E-4
1.190413530E2,-3.004302271E-4,-1.247964799E-3,-2.655293792E-5
1.192908950E2,-4.951748997E-5,8.819065988E-5,6.988272071E-5
1.195404680E2,-1.621018630E-3,4.417113960E-4,-2.512386069E-3
1.197900336E2,-8.769645356E-4,-1.231377944E-3,1.619610004E-3
1.200396066E2,-6.022457965E-4,6.701694801E-4,-1.022107899E-4
1.202891486E2,6.689238362E-4,4.667788744E-6,4.661828279E-5
1.205387216E2,6.641340442E-4,-9.343596175E-4,5.953675136E-4
1.207882908E2,-1.272371970E-3,6.422447041E-4,4.373285919E-4
1.210378638E2,-6.706444547E-4,-2.773487940E-4,9.346436709E-4
1.212874058E2,-1.492083073E-3,-1.578172669E-4,7.496783510E-4
1.215369788E2,1.377047505E-3,-5.674064159E-4,-7.546078414E-4
1.217865636E2,5.285209045E-4,8.520483971E-5,1.532565802E-4
1.220361366E2,-5.877693184E-4,2.347939648E-3,-8.637085557E-5
1.222857096E2,1.074743923E-3,-8.576493710E-4,6.449725479E-4
1.225352516E2,-7.236804813E-4,1.911799423E-3,4.668338224E-4
1.227848070E2,2.233007923E-3,1.741172746E-4,-9.515909478E-4
1.230343800E2,3.614407033E-4,5.458751693E-4,4.437165335E-4
1.232839520E2,2.562627196E-5,1.260116696E-3,5.638804287E-4
1.235334950E2,1.428803429E-3,3.317417577E-4,-7.801186293E-4
1.237830736E2,5.701938644E-4,1.027497463E-3,1.641930081E-3
1.240326466E2,-9.294142947E-4,4.132827744E-4,-2.144630998E-4
1.242822196E2,-3.361129202E-4,-3.365892917E-4,2.330951393E-4
1.245317926E2,2.613291144E-4,-1.793905161E-3,3.354335204E-4
1.247813387E2,-6.052916870E-4,-1.637479290E-3,5.568936467E-5
1.250309118E2,-4.647201858E-4,1.509394497E-3,5.277665332E-4
1.252804838E2,6.179152988E-4,-8.756034076E-4,4.020240158E-4
1.255300568E2,1.175725833E-3,-6.029512733E-4,2.156374976E-4
1.257795731E2,-7.331897505E-4,-6.375527009E-4,1.621153206E-4
1.260291461E2,-1.375395339E-3,3.794692457E-4,2.741739154E-4
1.262787191E2,2.365964465E-4,8.750045672E-4,-1.058916561E-3
1.265282921E2,-1.715522259E-3,9.246794507E-4,-2.345331013E-4
1.267778395E2,-6.313552149E-4,-3.301715478E-4,-4.748813808E-5
1.270274125E2,-1.666964963E-4,-3.021294251E-4,-7.989415899E-4
1.272769845E2,8.608493954E-5,1.775906421E-3,5.345679820E-4
1.275265575E2,-1.487007365E-3,2.156358212E-3,1.702935435E-3
1.277761141E2,2.167439088E-4,2.489276230E-4,2.938760445E-4
1.280256561E2,6.988188252E-4,1.078129746E-3,-1.128679141E-3
1.282752291E2,-5.684201606E-4,6.475877017E-4,3.987383097E-4
1.285248021E2,1.654825173E-3,-3.450401127E-4,3.988593817E-4
1.287743781E2,2.206131816E-3,-4.883203655E-4,5.951086059E-4
1.290239211E2,-1.924059354E-3,-1.103751361E-3,1.001902856E-3
1.292734931E2,6.591682322E-4,-3.260327503E-4,1.523653045E-3
1.295230661E2,6.333040074E-5,-1.342961565E-3,-1.119233668E-3
1.297726375E2,-3.656889312E-4,-1.067021862E-3,6.620679051E-5
1.300222105E2,1.497082412E-4,8.677411824E-5,3.015156835E-5
1.302717525E2,-2.793190069E-4,6.279787049E-4,5.601597950E-4
1.305213255E2,-1.478227787E-4,-8.225357160E-4,4.100445658E-4
1.307708905E2,-1.969463658E-3,6.668753922E-4,6.169453263E-4
1.310204635E2,-7.268930785E-4,1.561520621E-4,3.581894562E-4
1.312700055E2,2.283607610E-4,1.351227984E-4,-2.020625398E-4
1.315195785E2,2.816901542E-4,1.023908146E-3,-9.929919615E-4
1.317691671E2,-8.026193827E-4,-1.297478564E-3,-4.935078323E-5
1.320187401E2,-6.309854798E-4,-1.845387742E-3,9.805615991E-4
1.322683121E2,-1.099221408E-4,-6.608758122E-5,-1.896489412E-4
1.325178551E2,-1.950561069E-3,1.042867079E-3,2.242363989E-4
1.327674056E2,1.532360446E-3,3.165332600E-4,-3.889938816E-4
1.330169786E2,5.064741708E-4,-1.978008077E-4,4.083998501E-4
1.332665516E2,2.138908952E-3,6.056642160E-4,4.940209910E-4
1.335160936E2,1.505538821E-4,-7.742652670E-4,-3.135195002E-4
1.337656790E2,4.014628939E-4,-1.273516566E-3,7.590372115E-5
1.340152520E2,-5.102553405E-4,9.448667988E-4,2.823825926E-4
1.342648240E2,-1.493064221E-3,-1.390543766E-3,1.134075224E-3
1.345143970E2,5.645728670E-4,-9.446032345E-4,-9.552873671E-4
1.347639390E2,2.598701976E-4,1.096913591E-3,5.307327956E-5
1.350134935E2,-4.105982371E-4,1.410162076E-3,3.427267075E-5
1.352630665E2,9.823320433E-4,2.957880497E-4,-1.344038174E-4
1.355126395E2,2.886787988E-4,-4.355367273E-4,-3.764908761E-4
1.357621815E2,2.294881269E-4,-1.620758325E-3,7.509160787E-5
1.360117474E2,-3.980421461E-4,6.304653361E-4,-1.504328102E-4
1.362613194E2,1.033433247E-3,-9.575514123E-4,-1.620408148E-5
1.365108924E2,5.176048726E-4,-9.328378364E-4,-1.915106550E-4
1.367604654E2,-8.998359554E-4,5.133450031E-6,1.249426976E-3
1.370100092E2,5.124011077E-4,-1.062028110E-3,3.098510206E-5
1.372595822E2,5.921069533E-5,8.510658517E-4,3.895517439E-4
1.375091552E2,-1.242723316E-3,-4.045329988E-4,-2.179173753E-4
1.377587272E2,1.361691859E-3,8.282344788E-4,2.895314246E-4
1.380082517E2,-6.174561568E-4,1.477003098E-4,1.185527071E-4
1.382578237E2,1.753973775E-4,-2.652462572E-4,-2.023316920E-4
1.385073967E2,4.133828916E-4,4.858570173E-4,9.718909860E-5
1.387569697E2,-4.513636231E-4,4.813475534E-4,3.874488175E-5
1.390065572E2,-2.898815321E-3,-8.468339220E-4,5.570799112E-5
1.392560992E2,2.159228548E-3,-2.568553202E-3,-1.102142967E-3
1.395056722E2,1.061999239E-3,-6.311656907E-4,1.660914160E-3
1.397552442E2,-1.284247264E-4,-2.806577832E-4,-1.423783600E-3
1.400048211E2,-2.028915565E-3,7.995683700E-5,1.614833251E-3
1.402543631E2,-4.419982433E-4,-8.535385132E-5,1.040603966E-4
1.405039361E2,-1.117849257E-3,1.547867432E-4,-2.584904432E-4
1.407535091E2,-4.030214623E-4,-5.852179602E-4,5.354816094E-4
1.410030586E2,1.128709409E-3,-1.287152991E-4,5.747284740E-5
1.412526306E2,-2.315361053E-4,2.503539436E-3,-5.374755710E-5
1.415021736E2,2.983586863E-3,1.988029107E-4,-6.301896647E-4
1.417517456E2,-1.679724082E-4,4.117060453E-4,-9.869793430E-4
1.420013076E2,1.554042101E-4,-8.170679212E-5,5.450006574E-5
1.422508806E2,9.415540844E-4,8.437968791E-5,-1.952117309E-4
1.425004226E2,1.131140161E-3,2.017943189E-3,-1.349449158E-4
1.427499956E2,2.901921980E-4,9.199082851E-4,-1.467112452E-3
1.429995826E2,-1.665925607E-3,-7.965788245E-5,1.194531098E-3
1.432491546E2,-8.980557323E-5,-1.622277312E-3,-6.604194641E-4
1.434987276E2,-1.760302112E-4,-7.270816714E-4,-1.036424190E-3
1.437482696E2,-1.440072898E-3,-6.167953834E-4,5.121678114E-4
1.439978236E2,2.591805533E-4,-2.783359960E-3,1.050071791E-3
1.442473966E2,-8.309865370E-4,-7.023280486E-4,5.613174289E-5
1.444969696E2,9.848456830E-5,4.316037521E-4,6.494037807E-4
1.447465416E2,-1.516323071E-3,1.429003663E-3,-1.317961141E-4
1.449961015E2,3.341441043E-4,8.575804532E-4,-1.434278674E-3
1.452456735E2,-4.148189910E-4,5.864100531E-4,5.987351760E-4
1.454952465E2,-2.197241411E-4,2.454230562E-3,-4.724739119E-4
1.457448195E2,4.297960550E-4,1.306066290E-3,1.552552916E-3
1.459943416E2,8.803363889E-4,-3.234725446E-4,1.972364262E-4
1.462439146E2,-1.138212625E-3,1.152834855E-3,-5.900068209E-4
1.464934876E2,-6.153602153E-4,-4.953425378E-5,-1.160727814E-3
1.467430596E2,-2.504952252E-3,2.175206318E-3,-1.183664426E-3
1.469926476E2,-4.308987409E-4,1.451601274E-3,5.877595395E-4
1.472421896E2,9.543308988E-5,5.567083135E-4,1.273071393E-4
1.474917626E2,8.242344484E-5,9.989459068E-5,-8.527757600E-4
1.477413356E2,-2.776207402E-4,-8.140541613E-4,-4.988163710E-5
1.479908995E2,-6.243335083E-4,6.717536598E-5,3.977492452E-5
1.482404415E2,1.361204311E-3,-3.448752686E-4,1.066714525E-3
1.484900145E2,-8.424832486E-4,-4.187040031E-4,1.219363883E-3
1.487395865E2,-5.915663205E-4,6.327852607E-4,2.695610747E-4
1.489891311E2,-1.175002661E-3,1.047967002E-3,1.167252660E-3
1.492387041E2,1.718644053E-4,-8.939607069E-4,4.829643294E-4
1.494882461E2,-2.037193626E-4,-1.071194187E-3,-1.325708814E-3
1.497378191E2,-1.010667067E-3,1.138981432E-3,9.686220437E-5
1.499874150E2,-2.133917529E-3,2.159107476E-3,-5.388641730E-4
1.502369870E2,7.400154136E-4,2.767667174E-4,3.718361259E-4
1.504865300E2,9.786263108E-4,1.479135826E-4,-2.495571971E-4
1.507361020E2,-4.647229798E-4,-6.441343576E-4,-7.163146511E-4
1.509856583E2,1.120572444E-3,1.282854006E-3,-8.752746508E-4
1.512352313E2,3.101956099E-4,1.706164330E-4,-1.426508650E-3
1.514848043E2,-9.495904669E-4,4.336209968E-4,-4.407521337E-4
1.517343463E2,5.999994464E-4,6.000399590E-4,-1.279900782E-3
1.519839308E2,8.996902034E-4,4.100454971E-4,3.553740680E-4
1.522335028E2,-4.742452875E-4,-3.943666816E-4,-1.913057640E-4
1.524830758E2,-9.819283150E-4,-7.132217288E-4,1.298012212E-4
1.527326177E2,7.633538917E-4,9.184703231E-5,5.891071633E-4
1.529821697E2,6.393664517E-4,-1.299588010E-3,5.963072181E-4
1.532317427E2,1.372373663E-4,3.863545135E-4,-1.392904669E-4
1.534813157E2,-7.135584019E-4,-3.782305866E-4,1.159868203E-3
1.537308877E2,8.511031047E-5,-2.156272531E-4,-1.960089430E-4
1.539804426E2,6.884778850E-4,2.177199349E-4,-1.312464476E-3
1.542300146E2,1.802858897E-4,-1.047865488E-3,8.793054149E-4
1.544795876E2,-7.185167633E-4,1.019127667E-4,5.323160440E-5
1.547291606E2,-1.759693027E-3,1.194747165E-3,-2.015484497E-4
1.549787142E2,-3.031813772E-3,-1.334416680E-3,-4.055770114E-4
1.552282563E2,-1.740958542E-4,-2.767518163E-4,-3.310143948E-4
1.554778293E2,8.281227201E-4,8.546290919E-4,-7.787775248E-4
1.557274012E2,5.977982655E-4,-7.732789963E-4,2.001151443E-4
1.559769852E2,2.506300807E-4,1.183496788E-4,-1.366713084E-3
1.562265272E2,4.355977289E-4,1.094607636E-3,2.697017044E-4
1.564761002E2,2.123248763E-3,1.070586964E-3,-1.477384940E-3
1.567256732E2,4.689446650E-4,-5.382131785E-4,-3.382517025E-4
1.569752210E2,-6.636385806E-4,-1.013521105E-4,5.184095353E-4
1.572247930E2,-8.724466898E-4,1.942409202E-3,1.098421402E-3
1.574743360E2,-4.830220714E-4,1.042026095E-3,3.989050165E-4
1.577239080E2,6.345771253E-4,-7.035098970E-4,4.406655207E-4
1.579734872E2,2.019422594E-3,3.838995472E-4,3.351951018E-4
1.582230602E2,-9.051244706E-4,-5.149664357E-4,-7.281675935E-4
1.584726022E2,-1.001970377E-3,8.932268247E-4,1.160365529E-3
1.587221752E2,9.563146159E-4,6.338329986E-4,-1.827450469E-4
1.589717299E2,2.458607778E-4,-1.866146922E-4,4.236716777E-4
1.592213019E2,-1.048185863E-3,7.166154683E-5,1.031626016E-4
1.594708749E2,2.476060763E-5,5.200263113E-4,1.605145633E-3
1.597204169E2,6.455630064E-4,-3.304975107E-4,-1.102698967E-3
1.599700025E2,-2.005207352E-4,2.170754597E-4,-8.672717959E-4
1.602195755E2,-4.087383859E-4,7.278565317E-5,-8.583581075E-4
1.604691485E2,-8.809710853E-4,-1.016929746E-3,-7.210960612E-4
1.607187205E2,-9.644590318E-5,9.886482731E-4,2.346979454E-4
1.609682435E2,-6.216326728E-4,-1.551208086E-3,-6.290646270E-4
1.612178155E2,3.262339160E-4,-4.005199298E-4,4.916423932E-4
1.614673885E2,1.511828043E-3,-2.654147334E-3,-3.752671182E-5
1.617169615E2,-1.599896234E-3,-5.874875933E-5,2.951165661E-4
1.619665241E2,-6.422987208E-4,-1.239417121E-3,-9.698849171E-4
1.622160971E2,-1.783026382E-4,-1.456242055E-3,7.418515161E-4
1.624656701E2,-8.989698254E-4,3.985203803E-4,-6.421376020E-5
1.627152421E2,7.193717174E-4,-3.709765151E-4,-6.753262132E-4
1.629647915E2,-1.946895383E-3,9.621959180E-4,-2.395939082E-4
1.632143335E2,-4.634736106E-4,-2.352586016E-4,1.677274704E-3
1.634639065E2,1.052865293E-3,-1.529464498E-4,6.598141044E-5
1.637134795E2,-2.016154118E-3,-4.982780665E-4,-1.252919436E-3
1.639630627E2,-1.904634759E-3,1.071167178E-3,1.390214078E-3
1.642126347E2,2.040288877E-3,6.373999640E-4,-9.396588430E-4
1.644621777E2,-1.223257277E-3,2.990402281E-4,-1.248689368E-4
1.647117497E2,-8.491734043E-4,-1.355028711E-3,2.159392461E-4
1.649612981E2,6.420286372E-4,7.925834507E-5,-7.639881223E-4
1.652108711E2,1.088815276E-3,-4.373164847E-4,1.679913141E-3
1.654604131E2,6.498750299E-4,4.274770617E-5,3.822240978E-5
1.657099861E2,-6.508547813E-6,-8.942717686E-4,-2.101603895E-4
1.659595690E2,5.129422061E-4,6.367666647E-4,1.051262021E-3
1.662091410E2,2.135345712E-4,-6.464319304E-4,1.001792960E-3
1.664587140E2,5.189673975E-4,7.567303255E-4,-3.164066002E-4
1.667082560E2,1.830008812E-3,2.952665091E-5,5.098031834E-4
1.669578103E2,1.971949823E-4,1.326981001E-3,-1.316638663E-4
1.672073833E2,1.876511611E-3,-4.345551133E-5,1.352056861E-4
1.674569563E2,-6.723264232E-5,1.021502540E-4,-2.695033327E-4
1.677065283E2,1.933333930E-3,7.974514738E-4,-8.321134374E-4
1.679560668E2,4.937811755E-4,-6.830105558E-4,2.183113247E-5
1.682056388E2,-2.418990480E-3,1.115428284E-3,4.149479792E-4
1.684552118E2,-9.876275435E-4,1.260191202E-4,-3.568558022E-4
1.687047848E2,-1.555378549E-4,1.217694953E-3,8.365353569E-4
1.689543437E2,-5.077924579E-4,-4.296367988E-4,4.520481452E-4
1.692039167E2,-6.227642298E-4,1.407078467E-3,1.088473946E-4
1.694534897E2,-1.378179528E-3,-1.851068810E-4,-3.997227177E-4
1.697030617E2,-7.256404497E-4,9.648548439E-4,-4.316298291E-4
1.699526236E2,-7.556304336E-4,6.195809692E-5,2.344148234E-4
1.702021656E2,-9.392341599E-5,-5.292072892E-4,1.465809532E-3
1.704517386E2,2.732174471E-4,5.467217416E-4,-2.720654011E-4
1.707013116E2,3.414456733E-4,-1.152133569E-3,1.022676006E-3
1.709508742E2,-4.489114508E-4,-9.746262804E-4,1.061807387E-3
1.712004462E2,-7.020905614E-4,-2.325640991E-3,-7.983418182E-4
1.714499892E2,-3.982307389E-4,-3.365464509E-4,-8.507128805E-4
1.716995612E2,-3.752160352E-3,1.221010461E-3,9.922944009E-4
1.719491287E2,-3.366791643E-4,-1.049842685E-4,-6.964672357E-4
1.721987017E2,7.248460315E-4,1.360289752E-4,1.238818280E-3
1.724482438E2,-7.305969484E-4,1.374119893E-3,1.666890457E-4
1.726978167E2,1.575951930E-3,3.547761589E-4,3.644172102E-4
1.729473962E2,-1.421387307E-3,-1.808507368E-4,-2.847891301E-5
1.731969682E2,1.993983518E-3,1.812633127E-4,-3.345841542E-4
1.734465412E2,8.431342430E-4,-8.463673294E-5,-7.692649961E-4
1.736960832E2,-8.321907371E-4,-7.486771792E-4,1.130533405E-3
1.739456446E2,-1.786476932E-4,-4.978012294E-5,8.324356750E-4
1.741952176E2,-7.695993409E-4,-1.501922496E-3,9.195506573E-5
1.744447906E2,-1.974701881E-4,2.342760563E-4,-5.706567317E-4
1.746943626E2,1.785263419E-3,-4.124669358E-4,-1.330129802E-3
1.749438942E2,-1.098147128E-3,1.048560254E-3,-5.508679897E-4
1.751934662E2,4.566363059E-4,-1.465030015E-3,3.702770919E-4
1.754430392E2,1.225720160E-3,-8.366648108E-4,-3.852304071E-4
1.756926123E2,6.457935087E-4,1.511430368E-3,-3.478461877E-4
1.759421482E2,1.115332823E-3,-3.387723118E-4,-9.229527786E-4
1.761917212E2,-1.577975228E-3,1.516720280E-3,-1.291530207E-4
1.764412942E2,1.995462924E-3,-3.145113587E-4,-5.757249892E-4
1.766908662E2,-1.957626082E-4,-4.897667095E-4,-5.506919697E-4
1.769404517E2,-4.043858498E-4,-3.454899415E-4,4.764832556E-5
1.771899937E2,7.498674095E-4,-1.496607438E-4,-1.295283437E-5
1.774395667E2,1.432485878E-4,5.290033296E-4,-1.184329391E-3
1.776891397E2,9.197639301E-4,1.485910267E-3,-8.927099407E-5
1.779387160E2,-3.556464799E-4,-1.722499728E-4,3.424733877E-4
1.781882880E2,4.128380679E-4,-1.049116254E-4,-3.000441939E-4
1.784378310E2,1.002726611E-3,-6.569968536E-4,1.754704863E-5
1.786874030E2,-1.556070987E-3,7.037501782E-4,1.563346013E-4
1.789369545E2,-6.802603602E-4,-2.013039775E-3,-1.232159324E-3
1.791865275E2,-9.533320554E-4,-9.063361213E-4,-2.741338685E-4
1.794361005E2,1.070820726E-4,-3.019673750E-4,-1.773638651E-4
1.796856425E2,1.077293418E-4,-1.394920051E-3,-1.177629456E-3
1.799352287E2,-1.002324745E-3,-9.917058051E-4,-4.062708467E-4
1.801848007E2,-4.502944648E-4,-2.278174274E-3,1.185480505E-4
1.804343737E2,1.097737812E-3,-4.259953275E-4,7.141605020E-4
1.806839157E2,-1.169373281E-3,-6.424346939E-4,4.276167601E-5
1.809334900E2,-4.277396947E-4,-4.042098299E-4,1.220593229E-3
1.811830630E2,2.025955822E-3,2.449648455E-4,-1.317260787E-3
1.814326360E2,-8.075851947E-4,-1.490967348E-3,-8.511729538E-5
1.816822080E2,4.640803672E-4,4.119547084E-4,3.400444984E-5
1.819317252E2,-2.897745231E-3,1.479604281E-3,-2.515064552E-4
1.821812972E2,-1.996275969E-4,-2.878578380E-4,8.616689593E-4
1.824308702E2,-1.605561934E-3,-4.661185667E-4,9.536277503E-5
1.826804432E2,1.503293402E-3,2.710586414E-4,1.592840999E-3
1.829300223E2,1.076746732E-3,1.394655555E-3,-1.275676303E-3
1.831795643E2,-1.139817759E-4,-1.101098023E-3,-1.076816581E-3
1.834291373E2,1.505382825E-3,1.446780749E-3,-1.643998548E-4
1.836787093E2,1.201209147E-3,-4.381248727E-4,1.182033680E-3
1.839282897E2,-3.374513471E-3,-9.325146675E-4,7.516629994E-4
1.841778627E2,1.991951372E-3,4.062009975E-4,-1.055775210E-4
1.844274047E2,-8.423831314E-4,-5.123261362E-4,-6.678914651E-4
1.846769777E2,-6.102239713E-4,1.298770308E-3,4.383949563E-4
1.849265338E2,-8.299322799E-4,4.071202129E-4,-7.577361539E-4
1.851761058E2,-5.330396816E-4,-7.686214522E-4,2.275984734E-4
1.854256488E2,-1.827870961E-3,-2.862112597E-4,2.777827904E-4
1.856752208E2,-1.035464462E-3,4.466585815E-4,-3.322158009E-4
1.859248036E2,9.026518092E-5,1.104231924E-4,4.269219935E-4
1.861743766E2,-6.066402420E-4,5.127778277E-4,-1.568910666E-3
1.864239496E2,-3.291075816E-3,3.123365343E-3,4.541184753E-4
1.866734916E2,1.928163692E-4,1.317943446E-3,1.162780449E-3
1.869230566E2,-3.752009943E-4,-2.179504372E-3,-3.480380401E-4
1.871726286E2,-2.838890068E-4,-3.441236913E-6,-7.119253278E-4
1.874222016E2,-8.048312739E-4,-8.090520278E-4,1.174176112E-3
1.876717746E2,6.699641235E-4,-2.880012617E-4,2.699652687E-4
1.879212972E2,9.062299505E-4,2.832273021E-4,-8.667446673E-4
1.881708702E2,4.500928335E-4,-6.963666528E-4,6.360188127E-5
1.884204432E2,-1.718399115E-3,2.991296351E-4,3.951089457E-4
1.886700152E2,-8.616782725E-5,-1.427226700E-3,-7.504969835E-4
1.889195906E2,-5.074669607E-4,4.894025624E-4,4.877811298E-4
1.891691326E2,2.221297473E-4,1.395754516E-3,5.436837673E-4
1.894187056E2,-9.450232610E-4,-1.873914152E-4,-3.435248509E-4
1.896682786E2,1.132317819E-3,9.070737287E-4,8.399598300E-5
1.899178455E2,7.844148204E-4,-1.538364217E-3,-1.169133000E-3
1.901674175E2,9.472491220E-4,6.559770554E-5,7.138280198E-4
1.904169605E2,-1.585502177E-4,-3.806184977E-4,1.058510505E-3
1.906665325E2,-1.737168990E-3,-4.012286663E-4,-1.851990819E-4
1.909160919E2,1.148325857E-3,-2.073971555E-4,7.902719080E-4
1.911656649E2,-1.669814810E-4,-2.720877528E-4,3.621634096E-5
1.914152069E2,1.471121795E-4,1.441601664E-3,-8.235499263E-5
1.916647799E2,2.359473146E-4,7.329666987E-4,7.759220898E-5
1.919143593E2,1.451634336E-3,-1.804924570E-3,-4.710825160E-4
1.921639313E2,-3.338684328E-4,-5.768053234E-5,1.779338345E-4
1.924135042E2,-1.787948422E-4,1.702392474E-4,-3.728913143E-4
1.926630463E2,8.887457661E-4,-3.674123436E-4,1.234347932E-3
1.929126158E2,-1.837270800E-3,1.595125534E-3,-1.090952195E-3
1.931621888E2,8.830707520E-4,-9.424556047E-4,-1.280101016E-3
1.934117618E2,5.551888607E-4,5.947034806E-4,5.354434252E-4
1.936613338E2,1.872689463E-4,-1.087143086E-3,-7.225023583E-4
1.939108847E2,-1.477217767E-3,-1.153018326E-3,-1.551774330E-3
1.941604567E2,1.267325133E-4,1.212527044E-3,1.667598262E-4
1.944100297E2,-5.183210596E-4,-1.083249226E-4,1.291623339E-4
1.946596027E2,8.454578929E-4,-8.702436462E-4,1.345103607E-3
1.949091565E2,-5.006040446E-4,-1.552272588E-4,2.414789051E-4
1.951586985E2,2.029082272E-3,-7.946370170E-4,8.605755866E-4
1.954082715E2,-1.564249862E-3,7.470734417E-4,-7.728962228E-4
1.956578435E2,1.216649078E-3,2.392207272E-3,-1.192918979E-3
1.959074048E2,2.596382983E-4,-1.092921011E-3,-8.084252477E-5
1.961569778E2,-8.704029024E-4,-8.208956569E-5,1.266105101E-4
1.964065198E2,-1.015428919E-3,1.305229962E-4,-2.699242905E-4
1.966560928E2,4.773591645E-4,2.652453259E-4,7.367786020E-5
1.969056785E2,-1.124155242E-3,-6.991792470E-4,1.730668359E-3
1.971552505E2,-3.471025266E-4,-2.134954557E-4,2.409908921E-4
1.974048235E2,-1.728772651E-3,-1.148482785E-3,-1.556468196E-3
1.976543655E2,-5.419021472E-4,1.143018715E-3,2.438165247E-3
1.979039185E2,-1.056611538E-3,-9.135752916E-4,-2.171099186E-4
1.981534915E2,-3.000737401E-3,-8.727815002E-4,9.642774239E-4
1.984030645E2,-9.962115437E-4,-7.471255958E-5,-2.021091059E-4
1.986526365E2,-3.659152426E-4,8.759871125E-4,1.485319808E-3
1.989021811E2,4.536290653E-4,-1.467019320E-5,-8.066473529E-4
1.991517531E2,-1.621708274E-3,-1.434676349E-3,-9.904988110E-5
1.994013261E2,6.179213524E-4,-2.490803599E-4,5.806693807E-4
1.996508991E2,-2.332264557E-5,7.389858365E-4,-8.186670020E-4
1.999004834E2,6.945244968E-5,1.927876845E-3,-3.960905597E-4
2.001500254E2,7.833638228E-4,9.105093777E-4,1.776004210E-4
2.003995984E2,-2.542878501E-4,7.621282712E-4,-4.144096747E-4
2.006491704E2,1.906561665E-4,3.182180226E-4,-3.082733601E-4
2.008987225E2,6.433445960E-4,1.213775948E-3,1.287853345E-3
2.011482645E2,-6.345920730E-3,1.903984696E-3,3.665136173E-4
2.013978375E2,4.803268239E-4,-9.124595672E-4,1.430139877E-3
2.016474105E2,-5.070362240E-4,1.627020538E-6,-1.294146292E-3
2.018969912E2,-1.493051182E-3,8.372077718E-4,-3.711078316E-4
2.021465632E2,1.878563315E-3,-1.381813549E-3,7.610768080E-6
2.023961062E2,-8.049188182E-5,-3.611147404E-4,1.313148998E-3
2.026456782E2,-1.645623706E-4,1.737130806E-3,1.558216289E-3
2.028952255E2,1.056911889E-3,-2.234756947E-3,1.736017875E-3
2.031447985E2,1.256116666E-3,5.108956248E-4,8.856318891E-5
2.033943715E2,2.190763596E-3,-7.665501907E-4,-1.073079184E-4
2.036439135E2,7.442408241E-4,-1.271032728E-3,5.609784275E-4
2.038934890E2,8.040261455E-4,1.844661310E-4,4.347367212E-4
2.041430610E2,1.125604846E-3,-1.235141419E-3,6.618732587E-4
2.043926340E2,-5.575865507E-4,9.759999812E-4,-8.992953226E-4
2.046422070E2,-6.989841349E-4,-1.097694039E-4,2.324525267E-4
2.048917545E2,2.404140308E-3,1.225318760E-3,-2.469839528E-4
2.051413275E2,-1.703833696E-3,3.195749596E-4,-1.422384754E-3
2.053909005E2,9.727873839E-4,-8.756257594E-4,1.381384209E-4
2.056404725E2,-3.202441148E-4,-2.965461463E-4,3.535673022E-5
2.058900314E2,-8.760825731E-4,1.272075810E-3,1.474861056E-4
2.061395734E2,5.153580569E-4,-6.250170991E-4,3.664726391E-4
2.063891464E2,2.441448625E-3,7.053874433E-4,-4.404596984E-5
2.066387194E2,2.276403829E-4,6.513446569E-4,6.530536339E-4
2.068882990E2,8.764541708E-4,-9.734649211E-4,1.202625223E-3
2.071378710E2,-7.128673606E-4,1.034189016E-3,1.304436475E-3
2.073874140E2,2.333656419E-3,-7.054721937E-4,-6.562704220E-4
2.076369860E2,-5.072075874E-4,8.197780699E-5,-1.137891784E-3
2.078865437E2,-1.911786851E-3,4.960699007E-4,-6.718011573E-4
2.081361167E2,-2.529717982E-3,7.896088064E-4,-1.406471245E-3
2.083856897E2,-4.009213299E-4,-3.063008189E-4,-1.926045865E-3
2.086352317E2,-3.775539808E-4,8.573560044E-4,1.360488124E-3
2.088848080E2,1.828270033E-4,1.574262977E-3,-2.071037889E-4
2.091343800E2,-5.454225466E-4,-1.401661895E-3,6.166649982E-4
2.093839530E2,6.535416469E-4,-1.384710893E-3,-5.553141236E-4
2.096335260E2,7.583945990E-4,-5.924748257E-4,-3.582527861E-4
2.098830755E2,1.669093035E-4,-1.256792806E-3,-2.776710317E-4
2.101326485E2,-9.788926691E-4,-2.677813172E-4,-5.882373080E-4
2.103822215E2,4.358151928E-4,1.844754443E-4,5.311807618E-4
2.106317935E2,1.894560177E-3,-1.657819375E-4,5.256030709E-4
2.108813496E2,1.014168840E-3,2.277513035E-3,4.290295765E-4
2.111308916E2,1.880767755E-3,1.529522240E-3,3.173397854E-4
2.113804646E2,-5.583574064E-3,1.651131548E-3,-2.617947757E-5
2.116300376E2,5.742614157E-4,-6.378293037E-4,6.537595764E-4
2.118796227E2,1.499210950E-3,8.169347420E-4,2.050306648E-4
2.121291947E2,1.330074389E-3,1.978729852E-3,-1.345034689E-4
2.123787377E2,-1.712655649E-5,-9.491341189E-4,-1.210776158E-3
2.126283097E2,9.479350410E-4,-1.557461917E-3,5.219876766E-5
2.128778643E2,-2.719070530E-3,5.069905892E-4,-4.254998639E-4
2.131274373E2,1.833261922E-4,-4.668161273E-4,8.650124073E-5
2.133770103E2,1.036124304E-4,-4.580281675E-4,4.694797099E-6
2.136265523E2,2.827006392E-4,-1.339121722E-3,-1.296650618E-3
2.138761135E2,9.130109102E-4,1.366330311E-3,6.690621376E-4
2.141256855E2,3.893333487E-4,-1.271208748E-3,2.440950833E-3
2.143752585E2,-2.010967582E-4,-6.065396592E-4,-1.081004739E-4
2.146248315E2,1.552458853E-4,5.527036265E-4,-1.558537595E-3
2.148743838E2,2.885870636E-4,1.617245376E-3,2.000480890E-4
2.151239568E2,-1.297156792E-3,8.884575218E-4,-1.441147178E-3
2.153735298E2,1.668934710E-4,-1.268775202E-3,3.917664289E-4
2.156231018E2,9.634839371E-4,7.585799322E-4,4.388708621E-4
2.158726806E2,1.315977424E-4,1.355893910E-4,2.535376698E-4
2.161222226E2,-1.436008606E-3,-1.779887825E-4,-1.686997712E-5
2.163717956E2,-1.429398544E-3,-7.127784193E-5,5.461946130E-4
2.166213686E2,8.494881913E-4,-1.071142033E-3,-3.537023440E-4
2.168709288E2,-7.410752587E-4,-1.457632519E-3,-1.176664606E-3
2.171205008E2,1.431247219E-4,3.792876378E-3,3.956565633E-4
2.173700738E2,9.736688808E-4,1.625446603E-4,-6.750272587E-4
2.176196158E2,1.306412742E-5,-3.577023745E-4,4.158765078E-4
2.178691753E2,1.141161192E-3,6.673941389E-4,-2.631489187E-4
2.181187483E2,-6.797253154E-4,-9.280191734E-4,5.337828770E-4
2.183683213E2,7.464690134E-5,3.368118778E-4,-1.374609768E-3
2.186178933E2,-8.281031623E-4,-5.904845893E-4,1.715786755E-3
2.188674449E2,6.832410581E-4,4.968335852E-4,1.193141565E-3
2.191170169E2,-6.653903984E-4,7.924688980E-4,-1.112428494E-3
2.193665899E2,-4.807235673E-4,4.838956520E-4,8.846540004E-5
2.196161629E2,-1.264454331E-3,8.657276630E-4,3.390833735E-4
2.198657118E2,1.240869984E-3,-1.049956307E-3,-5.129771307E-4
2.201152538E2,-1.546739135E-3,1.206585206E-3,-2.243099734E-4
2.203648268E2,1.706065610E-3,-4.489654675E-4,4.287334159E-4
2.206143988E2,5.837152712E-4,5.895374343E-4,5.703885108E-5
2.208639817E2,1.085319091E-3,-1.459568739E-3,-1.258381642E-3
2.211135547E2,8.974606171E-4,-1.179416664E-3,2.378774807E-4
2.213630967E2,-1.104519237E-3,-4.210341722E-4,-2.649705857E-5
2.216126697E2,-1.545805018E-3,-2.632057294E-4,-8.687376976E-5
2.218622539E2,-8.577015251E-5,-1.380406320E-5,-1.084534451E-4
2.221118259E2,-2.962350845E-4,2.317297272E-3,-2.430146560E-4
2.223613989E2,-8.920538239E-4,8.394075558E-4,1.013132744E-3
2.226109409E2,-2.351161093E-4,1.843132079E-3,-1.327777281E-4
2.228604936E2,3.946875222E-4,-4.648379982E-4,3.003505990E-4
2.231100666E2,2.645975910E-4,-2.687154338E-4,1.917071640E-4
2.233596396E2,-1.619001385E-3,-4.848809913E-4,-3.065066412E-4
2.236092116E2,1.349875703E-3,-6.565712392E-4,-1.159303822E-3
2.238587700E2,3.798496909E-4,1.237126999E-3,-5.755294114E-5
2.241083120E2,8.486676961E-6,5.699256435E-4,1.726532355E-4
2.243578850E2,1.373123378E-3,-1.212838106E-3,-2.731103450E-5
2.246074580E2,-5.338629708E-4,-4.208786413E-4,1.911018044E-4
2.248570250E2,-1.055758446E-3,9.197695181E-4,-4.346733913E-4
2.251065970E2,-7.127793506E-4,1.904726028E-3,-9.858775884E-4
2.253561400E2,4.554637708E-4,2.994835377E-4,-1.102276146E-4
2.256057120E2,-4.623378627E-4,-1.155744307E-3,-5.231536925E-4
2.258552908E2,-1.657218672E-3,-5.108425394E-4,1.087044366E-3
2.261048637E2,-1.683704089E-3,2.406195737E-3,-3.198925406E-4
2.263544367E2,-1.849592198E-3,7.301019505E-4,1.011552289E-3
2.266039788E2,2.152509987E-4,1.180994324E-3,1.107201912E-3
2.268535662E2,-1.113455277E-3,1.251907088E-3,1.505016349E-3
2.271031382E2,-6.608804688E-4,-8.216714486E-4,1.326794736E-3
2.273527112E2,1.556219999E-3,-6.443932652E-4,-3.081057221E-4
2.276022842E2,-2.682651393E-4,1.350606792E-3,-2.458393574E-4
2.278518476E2,-1.406098250E-3,1.756250858E-4,-1.881113276E-4
2.281013896E2,5.530859344E-4,1.109290868E-3,-1.095315441E-3
2.283509626E2,1.532342285E-4,-7.537817582E-4,-1.543912105E-3
2.286005346E2,4.852558486E-4,-7.297089323E-4,-1.550761051E-3
2.288501076E2,-1.863469370E-4,4.184190184E-4,-1.211818308E-4
2.290996805E2,-1.940319780E-3,-3.259442747E-4,-2.857930958E-4
2.293492225E2,-1.521197148E-3,-3.880886361E-4,-6.915740669E-4
2.295987955E2,-7.181228139E-4,8.832225576E-4,2.572834492E-4
2.298483685E2,-1.376733650E-3,6.347168237E-4,-6.401715800E-4
2.300979227E2,-8.232267573E-4,5.725687370E-4,-1.726849005E-4
2.303474958E2,1.808484085E-4,1.179403625E-3,2.136869356E-3
2.305970688E2,-6.252811290E-4,-1.565984450E-3,-9.470656514E-4
2.308466107E2,6.901333109E-4,-2.216175199E-5,-7.050726563E-4
2.310961701E2,1.655300613E-3,1.409397461E-3,-3.304434940E-4
2.313457431E2,-5.243569613E-4,-5.413424224E-4,3.661392257E-4
2.315953151E2,-6.767883897E-4,-5.851862952E-4,5.401670933E-6
2.318448881E2,1.963549294E-3,1.010640524E-3,-3.094272688E-4
2.320944381E2,3.250828013E-3,2.829261124E-3,-9.903684258E-5
2.323440111E2,-4.521175288E-4,-4.823999479E-4,-1.251083799E-3
2.325935841E2,-1.847724430E-3,1.425192691E-3,5.205273628E-4
2.328431571E2,4.466902465E-5,5.189040676E-4,-3.268476576E-4
2.330927208E2,1.118662767E-4,1.022778451E-4,6.339140236E-5
2.333422938E2,-2.035629004E-4,3.123478964E-4,2.182377502E-4
2.335918358E2,-8.364575915E-4,3.131853417E-3,-1.023165882E-3
2.338414088E2,-1.003122889E-4,-7.957248017E-4,-2.447608858E-4
2.340909964E2,-7.473952137E-4,1.509146765E-3,-3.382321447E-4
2.343405694E2,3.935778514E-4,1.164983027E-3,-1.369221136E-4
2.345901414E2,2.040308435E-3,-1.136538573E-3,-1.138625666E-4
2.348396844E2,2.523721196E-4,-3.790808842E-4,6.180936471E-4
2.350892286E2,3.514667042E-4,-9.764637798E-4,5.571134388E-4
2.353388016E2,-4.871557467E-4,1.239792444E-3,-1.464455388E-3
2.355883746E2,7.001697086E-4,2.212104388E-3,3.153784201E-4
2.358379476E2,-6.351969205E-4,-2.373475581E-4,1.905709505E-4
2.360875104E2,8.215829730E-4,-3.188950941E-4,6.265528500E-4
2.363370834E2,1.725954469E-3,-2.113068476E-4,-2.857185900E-4
2.365866554E2,-6.795586087E-4,1.339298673E-3,9.942892939E-5
2.368362284E2,-2.631896874E-3,1.286994666E-4,1.123696566E-3
2.370857832E2,7.263952866E-4,-5.357246846E-5,1.542551443E-3
2.373353562E2,1.921718009E-3,-3.830529749E-5,-1.362059265E-4
2.375848982E2,-4.993765615E-4,-4.053451121E-4,3.075376153E-4
2.378344712E2,1.345695928E-4,3.143846989E-4,-3.624148667E-5
2.380840513E2,-7.682582363E-4,-3.816653043E-4,-3.738142550E-5
2.383336243E2,5.546058528E-4,7.556797937E-4,-1.360504888E-3
2.385831973E2,-7.585780695E-4,4.567299038E-5,-2.745585516E-4
2.388327393E2,-3.089201637E-4,6.677648053E-4,1.574615017E-4
2.390823092E2,-1.741765533E-3,1.382388175E-3,-3.770450130E-4
2.393318822E2,1.416495070E-4,1.039065421E-3,-1.254159026E-3
2.395814542E2,-4.188083112E-4,-1.677405089E-3,3.285389394E-4
2.398310272E2,1.869431697E-3,-1.538709737E-3,1.426917501E-3
2.400805843E2,-1.543696038E-3,-1.362530515E-3,-2.542694099E-3
2.403301263E2,1.008707564E-3,-1.311320812E-4,-2.956567332E-4
2.405796993E2,-8.237580769E-4,5.555134267E-4,-1.863576472E-6
2.408292723E2,1.897451933E-3,7.189810276E-7,-3.079958260E-4
2.410788413E2,1.110369340E-4,-4.027830437E-4,1.330011524E-3
2.413284143E2,-1.120063476E-3,-1.694238745E-3,1.448835246E-3
2.415779563E2,-2.011330798E-4,-5.052518100E-5,-4.406953231E-4
2.418275293E2,-5.725999363E-4,-5.532987416E-6,1.541314647E-3
2.420770847E2,1.218453981E-4,5.048206076E-4,1.348429359E-3
2.423266577E2,-8.060596883E-5,9.920801967E-4,-1.355160028E-3
2.425762297E2,1.117178705E-3,1.037641428E-3,-1.592230983E-3
2.428258027E2,7.680710405E-5,-2.768803388E-4,8.416827768E-5
2.430753411E2,-3.069704399E-4,-7.915720344E-4,-1.216018572E-4
2.433249141E2,-1.895301975E-4,-9.204456583E-4,-4.352694377E-4
2.435744871E2,1.970991027E-3,-5.361596122E-4,7.449565455E-4
2.438240601E2,2.440675162E-4,-2.782652155E-4,4.766387865E-4
2.440736482E2,-1.145877410E-3,-1.337661408E-3,-4.728492349E-4
2.443231913E2,1.993983984E-3,-5.188854411E-4,2.948166803E-4
2.445727632E2,1.852842979E-3,1.216767356E-3,1.299772412E-4
2.448223362E2,-1.086159609E-4,1.625617966E-3,3.074221313E-4
2.450718925E2,-3.174948506E-4,-2.209190279E-5,-2.467427403E-4
2.453214655E2,-1.426860690E-4,-2.479339018E-4,-5.020359531E-4
2.455710375E2,-1.835568808E-3,8.473889902E-4,2.969317138E-4
2.458205805E2,-4.117181525E-4,8.967639878E-4,5.375789478E-4
2.460701511E2,-8.420567028E-4,-2.079177648E-5,-1.558151096E-3
2.463197241E2,-6.478163414E-4,1.352699474E-4,5.349414423E-4
2.465692971E2,1.518499572E-3,7.018418983E-4,3.582574427E-4
2.468188701E2,-4.907525145E-4,9.602224454E-4,3.588693216E-4
2.470684100E2,-1.745570451E-3,5.157589912E-4,7.298318669E-4
2.473179830E2,9.956671856E-4,-1.109706238E-3,7.015028968E-4
2.475675550E2,-2.341791987E-4,-1.136424951E-3,-9.485008195E-4
2.478171280E2,-6.499891169E-4,-9.011374786E-4,-8.520362899E-4
2.480666836E2,5.066632293E-4,-2.451399341E-4,4.958733916E-4
2.483162566E2,1.026382204E-3,-1.405912451E-3,-1.372387633E-3
2.485657986E2,-1.177488361E-3,4.355171695E-4,-3.254469484E-4
2.488153716E2,9.813909419E-4,8.175186813E-4,2.577649429E-4
2.490649543E2,8.947956376E-4,-3.228513524E-4,-9.916638955E-4
2.493145273E2,-6.652702577E-4,5.857376382E-4,-8.494686335E-5
2.495641003E2,3.441292793E-4,-2.203118056E-4,2.819765359E-4
2.498136423E2,-1.319142524E-3,-1.327707432E-3,-9.089801461E-5
2.500631965E2,1.322198659E-4,1.384005882E-3,-1.841261983E-4
2.503127695E2,-8.490434848E-4,4.994152114E-4,6.690118462E-4
2.505623415E2,-3.433749080E-4,-2.460562624E-3,-1.326596364E-3
2.508119145E2,4.831659608E-4,1.770332456E-4,-1.326338388E-3
2.510615065E2,-5.289861001E-4,-1.368107274E-3,-1.629348844E-5
2.513110485E2,1.716009807E-3,-1.006387174E-5,-3.131357953E-4
2.515606215E2,5.134302191E-4,-5.957912654E-4,-4.927441478E-5
2.518101945E2,-8.679246530E-4,3.736298531E-4,3.933422267E-4
2.520597449E2,-2.403846011E-4,-1.102534123E-3,-4.057167098E-4
2.523093179E2,-1.577001531E-3,1.294398680E-4,3.710677847E-4
2.525588599E2,1.310012303E-4,1.088136807E-3,-1.147696748E-4
2.528084329E2,2.593230456E-4,4.239631817E-4,-5.360776559E-4
2.530580181E2,-9.130728431E-4,-1.550195739E-3,3.774035722E-4
2.533075911E2,1.689124387E-3,1.364438795E-3,9.419871494E-4
2.535571631E2,-6.852764636E-5,1.360963099E-3,-4.197005183E-5
2.538067361E2,7.557412609E-4,-4.289867356E-4,-7.773907855E-4
2.540562670E2,4.685777240E-4,3.471411765E-4,2.864394337E-4
2.543058400E2,8.870656602E-4,-4.223771393E-4,-1.988345757E-4
2.545554130E2,6.835949607E-4,7.470035926E-4,-5.802605301E-4
2.548049860E2,5.107265897E-4,2.478610724E-3,-4.460681230E-4
2.550545660E2,-4.977639765E-4,2.008946612E-4,-1.471561380E-3
2.553041390E2,-7.216972299E-4,1.009287313E-3,-1.197464764E-3
2.555536810E2,-6.126645021E-4,-1.540705562E-4,4.362361506E-4
2.558032540E2,-6.006350741E-4,1.224855892E-3,-1.281214878E-3
2.560528036E2,-1.834795810E-3,1.227105036E-3,-7.023978978E-4
2.563023766E2,-8.431524038E-4,3.072824329E-4,5.926750600E-4
2.565519486E2,-7.757269777E-4,9.056245908E-4,1.881029457E-4
2.568014916E2,-3.315173090E-4,1.211964525E-3,-5.025016144E-4
2.570510749E2,3.029932268E-4,3.400938585E-4,4.520229995E-4
2.573006479E2,2.130671404E-3,1.574261114E-4,3.894874826E-4
2.575502209E2,-3.464641050E-4,3.065653145E-4,7.369946688E-4
2.577997939E2,-1.210140064E-3,4.302253947E-4,-8.568782359E-4
2.580493526E2,6.989031099E-4,1.197989099E-3,-1.191605814E-3
2.582988956E2,7.257559337E-4,1.939311624E-4,-3.799591213E-4
2.585484676E2,4.330654629E-4,-8.285287768E-4,1.459003426E-3
2.587980406E2,4.181205295E-4,1.131406054E-3,-9.988229722E-4
2.590476235E2,-4.766755737E-4,-2.944339067E-4,-8.722171187E-4
2.592971965E2,4.693167284E-5,-1.176819205E-4,-2.077044919E-4
2.595467385E2,-2.067092340E-3,-3.770990297E-4,-3.586821258E-4
2.597963115E2,-1.330450177E-4,-2.445112914E-4,-1.382685266E-3
2.600458641E2,2.877223305E-4,-8.354894817E-5,-1.335411333E-3
2.602954371E2,1.100389287E-3,1.050747000E-3,-2.533104271E-3
2.605450101E2,-3.758971579E-4,6.675580516E-4,1.286258921E-4
2.607945831E2,2.080394886E-3,-1.436975785E-3,-3.681909293E-4
2.610441364E2,-2.436591312E-4,-1.481343992E-3,1.631226391E-3
2.612937094E2,-8.140620776E-4,-4.972042516E-4,4.148557782E-4
2.615432814E2,-2.004364505E-4,-1.055654138E-4,-1.196211204E-3
2.617928544E2,-2.404409461E-4,-8.061202243E-4,-7.959250361E-4
2.620424007E2,8.735004812E-4,-1.806176268E-3,-1.270792447E-3
2.622919737E2,-3.790701739E-4,-1.590837725E-3,1.171308570E-3
2.625415157E2,1.012384426E-3,4.761898890E-4,-7.679965347E-5
2.627910887E2,-3.113965504E-4,2.096462063E-3,4.313653335E-4
2.630406740E2,1.584873535E-4,-3.964034840E-4,2.028057352E-4
2.632902460E2,-2.958956175E-4,1.050147228E-3,-1.191463321E-3
2.635398190E2,1.991611440E-3,1.017807983E-3,1.049265265E-4
2.637893920E2,1.169496682E-3,1.327855512E-3,9.192805737E-4
2.640389250E2,2.600895241E-4,4.304703325E-4,3.183390945E-4
2.642884980E2,2.652471885E-4,-8.515743539E-4,-2.566063777E-4
2.645380710E2,3.435499966E-4,-6.081238389E-4,-2.240072936E-4
2.647876430E2,2.061004750E-3,3.142617643E-4,6.251763552E-4
2.650372103E2,-7.004518993E-4,2.866890281E-5,1.498665661E-4
2.652867523E2,1.429889817E-3,-4.155477509E-4,7.972959429E-5
2.655363253E2,7.145665586E-4,-1.521997154E-3,-7.507689297E-4
2.657858983E2,-4.455782473E-4,-1.340056770E-3,8.903136477E-4
2.660354672E2,-7.806573994E-4,-1.817808487E-3,6.379028782E-4
2.662850392E2,-1.274438575E-3,3.794543445E-4,3.006160259E-4
2.665346122E2,1.913437154E-3,3.152526915E-4,-9.619835764E-4
2.667841542E2,-7.727011107E-4,6.220545620E-4,-5.777832121E-4
2.670337142E2,-6.910376251E-4,-5.518207327E-4,-6.767977029E-4
2.672832872E2,-1.091864891E-3,-6.676884368E-4,-2.749133855E-4
2.675328602E2,8.751605637E-4,-2.949563786E-4,9.024515748E-7
2.677824322E2,-3.947103396E-4,1.375395805E-4,2.388637513E-4
2.680320130E2,1.648571342E-4,1.724805683E-3,7.100608200E-4
2.682815550E2,-5.871988833E-6,1.089726575E-3,2.654312178E-3
2.685311280E2,-2.044845372E-3,-6.246725097E-4,1.536321826E-3
2.687807010E2,-1.649517100E-3,7.865410298E-4,4.641534761E-4
2.690302847E2,6.304453127E-4,-4.431102425E-4,2.801213413E-4
2.692798567E2,-9.261700325E-4,-8.655181155E-4,-1.132600009E-4
2.695293997E2,-1.145348884E-3,1.165051945E-3,-9.525511414E-4
2.697789717E2,9.005148895E-4,1.855012961E-3,-8.231494576E-4
2.700285150E2,-1.506666187E-3,3.834096715E-4,7.871538401E-5
2.702780880E2,-3.152252175E-4,6.840843707E-4,1.162606291E-3
2.705276610E2,-2.287572250E-3,1.201542094E-3,3.525279462E-4
2.707772330E2,-1.584780402E-3,5.502961576E-4,-1.837126911E-5
2.710267958E2,-2.684561769E-3,1.875916496E-4,-1.377325505E-3
2.712763678E2,-8.603376336E-4,1.184608787E-3,2.599824220E-4
2.715259408E2,8.030314930E-4,1.447536983E-3,-6.085447967E-5
2.717755137E2,1.145833172E-3,5.953926593E-4,-1.378929242E-3
2.720250679E2,2.811821178E-4,-7.184259593E-4,-2.209898084E-4
2.722746399E2,1.290045213E-3,7.959622890E-4,2.267686650E-4
2.725241829E2,-5.683070049E-5,-2.440881915E-3,-2.727517858E-4
2.727737549E2,-5.082366988E-4,8.951360360E-4,-1.448468305E-3
2.730233338E2,-8.731847629E-5,-3.803940490E-4,3.065755591E-4
2.732729068E2,5.667130463E-4,-9.297952056E-5,1.763645560E-4
2.735224798E2,-7.159365341E-4,2.064276487E-4,3.414228559E-4
2.737720518E2,1.708338968E-4,1.111914404E-3,-5.110390484E-4
2.740215807E2,-1.353590284E-3,-8.268766105E-4,-2.919482067E-4
2.742711527E2,5.565700121E-4,6.484538317E-4,-1.447412185E-3
2.745207257E2,1.700506080E-3,-1.743926667E-3,1.230835915E-5
2.747702987E2,1.162425149E-3,7.344596088E-4,-1.334452070E-3
2.750198782E2,-1.925458200E-4,-5.010804161E-4,4.457598552E-4
2.752694502E2,-2.567837946E-4,5.656434223E-4,-6.100023165E-4
2.755189932E2,2.461718395E-4,-2.283565700E-4,1.674015075E-4
2.757685652E2,-2.057338133E-4,-1.089149155E-3,1.685252413E-3
2.760181176E2,1.819811761E-3,2.439878881E-4,1.567943953E-3
2.762676906E2,3.155227751E-5,-4.792967811E-4,6.772484630E-5
2.765172636E2,3.408915363E-4,1.847227104E-3,-2.012809739E-3
2.767668056E2,7.984521799E-4,-1.176539809E-5,-9.674960747E-4
2.770163766E2,1.988683362E-3,-5.649141967E-4,1.065976918E-3
2.772659486E2,-1.738627441E-3,-5.766367540E-4,-1.172623597E-3
2.775155216E2,-8.546747267E-4,-7.070414722E-4,-8.769501001E-4
2.777650946E2,6.835302338E-5,8.738487959E-4,1.347558573E-4
2.780146800E2,-6.153145805E-4,7.191924378E-4,1.279655844E-4
2.782642220E2,-2.844794653E-4,-8.049691096E-4,4.502367228E-4
2.785137950E2,1.967296004E-3,1.111757010E-3,-9.080544114E-4
2.787633670E2,-6.631580181E-4,8.923644200E-4,1.301412471E-3
2.790129183E2,2.149546053E-3,2.104444429E-4,5.674976856E-4
2.792624913E2,1.382622402E-3,-5.066590384E-4,8.567236364E-6
2.795120643E2,-8.651604876E-4,3.423420712E-4,-8.922340348E-4
2.797616063E2,-7.661124691E-4,3.001419827E-4,-6.072316319E-5
2.800111830E2,5.533238873E-4,2.680271864E-4,-2.033114433E-4
2.802607550E2,9.917169809E-4,-6.223730743E-4,-3.445064649E-4
2.805103280E2,-3.654742613E-4,-7.590344176E-4,2.198303118E-4
2.807599010E2,-1.883511432E-3,-4.611071199E-4,2.498785034E-4
2.810094567E2,-5.575749092E-4,2.797753550E-3,4.119751975E-4
2.812589987E2,-1.497818157E-4,2.994881943E-4,-7.231170312E-4
2.815085717E2,1.134685241E-3,-7.838848978E-5,2.907672897E-4
2.817581437E2,-1.072878484E-3,7.854467258E-4,-3.782790154E-4
2.820077371E2,1.187412534E-3,1.988454722E-3,-3.038858995E-4
2.822573101E2,-3.248862922E-4,-1.665441319E-3,-7.099574432E-4
2.825068831E2,7.682428695E-4,-7.674144581E-4,-8.023809642E-5
2.827564251E2,-1.140071545E-3,-9.549967945E-5,-6.652958691E-4
2.830059723E2,2.229511738E-3,-9.296322241E-4,5.247918889E-4
2.832555443E2,-6.786840968E-4,1.119309105E-3,-1.157925464E-3
2.835051173E2,-9.262948297E-4,-1.153629273E-5,1.462486573E-3
2.837546903E2,2.045257948E-3,8.646305650E-4,-6.607640535E-5
2.840042809E2,-1.067968551E-3,3.588460386E-4,4.734368995E-4
2.842538229E2,-7.946742699E-5,-1.407262869E-3,6.570266560E-4
2.845033959E2,-2.653514966E-4,9.723501280E-4,6.080707535E-4
2.847529679E2,-2.593733370E-7,4.598908126E-4,9.300541133E-4
2.850025133E2,-7.127542049E-4,6.770966575E-4,1.621153206E-5
2.852520863E2,-5.217841826E-4,-1.875602640E-3,4.234360531E-4
2.855016593E2,1.646695193E-3,-2.402011305E-4,5.786297843E-4
2.857512013E2,8.751829155E-4,1.001302153E-3,4.328927025E-4
2.860007731E2,-2.826177515E-4,6.929105148E-4,-1.297149807E-3
2.862503451E2,1.014764421E-4,8.315034211E-5,-2.169255167E-4
2.864999181E2,-2.082567662E-4,1.663613133E-3,-4.984801635E-4
2.867494911E2,1.272406895E-3,6.960965693E-4,3.138557076E-4
2.869990594E2,1.082639676E-3,9.200153872E-4,-1.394570805E-3
2.872486014E2,6.566629745E-4,2.303775400E-4,1.341504976E-4
2.874981744E2,9.051808156E-4,9.753499180E-4,-9.321561083E-4
2.877477464E2,6.385506131E-4,1.875196584E-3,1.741625369E-3
2.879973281E2,1.280404627E-3,-6.446959451E-4,-1.140106469E-4
2.882469011E2,1.027952414E-3,1.637802459E-3,2.073310316E-4
2.884964741E2,1.927423757E-3,3.380952403E-4,-2.477075905E-4
2.887460161E2,2.261707559E-3,-1.844079234E-3,-2.422463149E-4
2.889955963E2,-6.337780505E-4,5.110297352E-4,6.817067042E-4
2.892451683E2,-2.745576203E-4,-7.978966460E-4,-7.445598021E-4
2.894947413E2,-1.857428811E-3,2.090539783E-4,1.523084939E-5
2.897443143E2,3.906972706E-4,1.840507612E-4,8.587324992E-4
2.899938858E2,4.709181376E-4,6.439648569E-4,-7.542064413E-4
2.902434278E2,-3.388072364E-4,-4.455763847E-4,-1.940783113E-4
2.904930008E2,1.913539134E-3,9.053749964E-4,-1.833587885E-4
2.907425728E2,7.088915445E-4,-7.549710572E-4,3.113579005E-4
2.909921267E2,4.286039621E-4,1.853564754E-4,2.100141719E-4
2.912416997E2,9.547611699E-4,-3.208294511E-4,1.531286165E-3
2.914912727E2,8.105253801E-5,-1.568794250E-4,-1.498274505E-4
2.917408147E2,-4.135919735E-4,-7.651839405E-5,-3.127325326E-4
2.919903856E2,4.428629763E-4,8.792011067E-4,-2.278685570E-4
2.922399576E2,-6.526438519E-4,1.454932615E-3,-1.036720350E-4
2.924895306E2,-4.223682918E-4,-1.645746641E-3,-1.386652701E-3
2.927391036E2,-1.627982594E-3,1.616906375E-3,-3.833277151E-4
2.929886832E2,1.998090651E-3,-1.571519300E-3,-2.381466329E-4
2.932382252E2,-1.649700571E-3,1.948494464E-3,-1.050250605E-3
2.934877982E2,7.946509868E-4,-4.726164043E-4,-5.791243166E-4
2.937373702E2,-1.064308919E-3,7.980596274E-4,-2.429513261E-4
2.939869227E2,1.343823038E-3,7.379055023E-4,-1.115153544E-3
2.942364957E2,1.603855751E-3,6.943987682E-4,4.520770162E-4
2.944860687E2,1.012061723E-3,-1.438531093E-3,1.522059552E-3
2.947356107E2,9.610406123E-4,6.922706962E-5,-2.560941502E-4
2.949851864E2,2.178177238E-5,9.420718998E-4,9.800102562E-4
2.952347584E2,-6.688665599E-4,7.452471182E-4,5.941875279E-4
2.954843314E2,1.169571653E-3,1.972514205E-3,-7.149763405E-5
2.957339044E2,-4.461654462E-4,-6.660502404E-4,2.571810037E-4
2.959834762E2,-1.767363399E-3,-7.209898904E-4,-1.799110323E-4
2.962330182E2,-2.222649753E-3,-2.769241109E-4,1.317155547E-3
2.964825912E2,-1.116176601E-3,9.123953059E-4,1.045636833E-3
2.967321632E2,1.350522041E-3,1.019908115E-3,-1.730961725E-3
2.969817238E2,4.875753075E-4,-6.964802742E-5,1.734867692E-5
2.972312968E2,1.598215662E-3,-3.267861903E-4,6.157504395E-4
2.974808698E2,3.790417686E-4,1.042239368E-3,4.470702261E-4
2.977304118E2,4.773624241E-4,6.825542077E-4,5.883928388E-4
2.979799957E2,-1.112858299E-3,-1.858962700E-3,1.322180964E-3
2.982295677E2,2.989547327E-3,-2.633640543E-4,-3.325548023E-4
2.984791407E2,-1.061809715E-3,-9.286450222E-4,1.115483232E-3
2.987287137E2,-1.009860542E-3,9.471615776E-4,4.551066086E-4
2.989782686E2,9.868545458E-4,-6.985319778E-4,-1.432661898E-3
2.992278106E2,5.943719298E-4,-1.398300752E-3,1.111053862E-3
2.994773836E2,-1.509729773E-4,1.156993210E-3,-4.055341706E-4
2.997269556E2,1.051939093E-3,-1.575378701E-4,6.123641506E-4
2.999765423E2,-2.804701217E-4,-1.333756372E-4,-1.042147167E-3
3.002261153E2,-4.722569138E-4,1.867990009E-3,1.000119373E-4
3.004756883E2,-1.811382826E-3,-1.267064363E-5,1.101395115E-3
3.007252303E2,-1.185126603E-4,-1.298786141E-3,-7.319152355E-4
3.009747983E2,1.554586925E-4,-1.797610894E-3,1.685932279E-3
3.012243702E2,3.234424628E-3,-3.238823265E-4,3.742538393E-4
3.014739432E2,-8.214530535E-4,1.126185060E-3,-1.677842811E-4
3.017235163E2,1.041196287E-3,-3.303205594E-4,4.504090175E-4
3.019730661E2,-5.463492125E-4,1.775054261E-4,-2.336602658E-3
3.022226081E2,5.045952275E-4,-1.888662577E-3,1.372564584E-3
3.024721811E2,-2.389866859E-5,8.711870760E-5,2.283696085E-4
3.027217531E2,9.467308410E-4,-6.844848394E-4,-5.582273006E-4
3.029713450E2,-7.221200503E-4,-3.911862150E-4,7.556863129E-4
3.032209180E2,9.619332850E-4,4.831356928E-4,2.399859950E-4
3.034704910E2,-1.549213193E-4,-6.949193776E-4,-1.425626688E-3
3.037200330E2,-1.842373051E-3,1.246397384E-3,-1.083109528E-4
3.039695781E2,1.945657190E-3,-1.036860049E-4,-1.059790142E-3
3.042191501E2,-7.062950172E-4,1.508349553E-3,-1.375465654E-3
3.044687231E2,1.697260886E-4,-9.838063270E-4,-1.057475805E-3
3.047182961E2,-1.073055901E-3,-5.306210369E-4,-7.022516802E-4
3.049678754E2,1.139074098E-3,-1.283197664E-3,1.372732222E-4
3.052174174E2,-1.752238721E-3,1.785840839E-3,1.136502251E-4
3.054669904E2,2.175844274E-3,-3.585061058E-4,2.112211660E-4
3.057165624E2,1.381104812E-5,-1.492621377E-4,7.910812274E-4
3.059661181E2,1.062199939E-3,2.878727391E-4,-9.730504826E-4
3.062156911E2,7.106084377E-5,7.454892620E-4,6.119608879E-4
3.064652641E2,-1.896896400E-3,1.370990649E-4,3.171693534E-4
3.067148061E2,7.261987776E-5,-7.312158123E-4,4.376387224E-4
3.069644031E2,7.346714847E-4,-3.786003217E-4,-1.049506478E-3
3.072139751E2,7.676989771E-4,1.442739740E-4,-1.198860817E-3
3.074635481E2,-1.151952893E-3,5.211783573E-4,-4.999907687E-4
3.077131211E2,-5.079885013E-4,-2.675208263E-3,4.790173844E-4
3.079626770E2,5.021155812E-4,-9.574461728E-4,-4.044361413E-4
3.082122490E2,-8.244398050E-4,4.616957158E-4,5.131810904E-4
3.084617920E2,-1.325367019E-3,1.053418033E-3,-2.030376345E-4
3.087113640E2,1.191752963E-3,2.937382087E-4,-1.322436146E-3
3.089609188E2,-1.167400740E-3,-5.135899410E-4,1.571769826E-3
3.092104918E2,7.234681398E-4,2.201011404E-3,5.669714883E-4
3.094600648E2,-3.353091888E-4,-3.709001467E-4,-1.398348249E-3
3.097096368E2,2.246439923E-3,-3.453437239E-4,-4.147626460E-4
3.099591929E2,-3.431113437E-4,-5.039330572E-4,6.402432919E-4
3.102087649E2,5.648890510E-4,-5.115000531E-4,-6.201909855E-4
3.104583379E2,-3.632973414E-3,3.119800240E-4,2.806913108E-5
3.107079109E2,-6.119427271E-4,1.018609852E-3,-1.151021570E-4
3.109574905E2,1.911914907E-3,-3.199111670E-4,-7.950048894E-5
3.112070625E2,1.907779835E-3,-6.070714444E-4,-1.572920009E-4
3.114566055E2,-1.585042104E-3,-2.523669973E-4,4.468346015E-4
3.117061775E2,-4.697609693E-4,-1.784423366E-4,1.078471541E-4
3.119557251E2,-4.159053788E-5,1.132368110E-3,-1.420472749E-3
3.122052981E2,4.074331373E-4,-3.910334781E-4,1.531155780E-3
3.124548711E2,-1.479758415E-3,-4.135221243E-4,-8.193282411E-4
3.127044431E2,-3.705532290E-4,2.683382481E-4,-1.213584095E-3
3.129540042E2,9.158584289E-4,2.896961756E-3,5.720779300E-4
3.132035762E2,-1.683691517E-3,-7.933527231E-4,5.571907386E-4
3.134531492E2,-1.677912660E-4,1.042881981E-3,-2.178053372E-3
3.137027222E2,-2.727205865E-4,-1.087367535E-3,4.829252139E-4
3.139522628E2,8.536553942E-4,1.163139008E-3,1.474558376E-3
3.142018348E2,5.263527855E-4,-2.483185381E-4,1.507475041E-3
3.144513778E2,-5.475990474E-5,-1.128772274E-4,-1.270066947E-3
3.147009498E2,8.389074355E-5,3.401180729E-4,1.773256809E-4
3.149505347E2,-9.657102637E-4,-6.741965190E-4,-3.415513784E-4
3.152001077E2,4.780730233E-4,-1.508276910E-3,4.062755033E-4
3.154496807E2,-1.084609888E-3,-1.164059155E-3,2.739736810E-4
3.156992527E2,-6.823078729E-4,-1.277299598E-4,5.866894498E-4
3.159488075E2,-1.485636458E-4,1.189160161E-3,1.565548591E-3
3.161983495E2,8.197715506E-4,-2.351505682E-4,1.055361703E-3
3.164479225E2,3.917678259E-4,-7.540201768E-4,-5.769198760E-4
3.166974955E2,3.674905747E-5,8.760709316E-4,1.106891781E-3
3.169470792E2,-1.422375441E-3,9.894650429E-4,3.718379885E-4
3.171966513E2,1.146261115E-3,-6.277309731E-4,-3.247642890E-4
3.174462243E2,8.037541993E-4,7.041329518E-4,1.094806939E-4
3.176957662E2,1.507410780E-4,1.429994591E-3,-9.115114808E-4
3.179453445E2,-2.547879703E-4,-1.103999093E-4,1.123149879E-3
3.181949175E2,-9.254314937E-4,-5.561895669E-4,6.379634142E-4
3.184444905E2,-1.916945912E-4,1.044623554E-3,-7.200483233E-4
3.186940625E2,-4.098918289E-4,9.079035372E-4,-7.951036096E-4
3.189436158E2,-8.939243853E-4,7.770210505E-4,-5.471641198E-4
3.191931888E2,-3.514019772E-4,-8.193133399E-4,9.150430560E-5
3.194427308E2,2.012860030E-3,6.197253242E-4,-2.944590524E-4
3.196923038E2,2.158907242E-3,-9.161587805E-4,-4.833377898E-5
3.199418871E2,-1.815176569E-3,9.762635455E-4,5.028238520E-4
3.201914591E2,-5.849013105E-4,1.239404082E-4,5.032932386E-4
3.204410321E2,-1.414166763E-5,-1.862859353E-3,7.452787831E-4
3.206906051E2,1.781126484E-4,-1.402151771E-3,4.122816026E-4
3.209401298E2,-1.432991587E-3,3.068344668E-4,2.994611859E-4
3.211897028E2,-7.214727812E-4,-9.187711403E-4,-9.909681976E-4
3.214392758E2,-7.233419456E-4,-8.214972913E-4,-7.728673518E-5
3.216888478E2,9.909262881E-4,-1.359184273E-3,-9.425515309E-4
3.219384208E2,5.456130020E-4,2.903406508E-3,-2.914573997E-5
3.221879966E2,-1.512256917E-3,6.254138425E-4,-6.693638861E-4
3.224375696E2,-1.490437891E-3,-3.555882722E-4,-3.149658442E-4
3.226871116E2,-1.489980146E-3,6.877165288E-5,1.079965383E-3
3.229366846E2,-3.850520588E-4,1.006079838E-3,6.302259862E-5
3.231862625E2,-6.871493533E-4,-1.974012703E-3,-3.510378301E-4
3.234358355E2,-2.513453364E-4,-1.871076412E-3,9.796265513E-4
3.236854085E2,-9.477776475E-4,1.556081697E-4,-2.789143473E-4
3.239349815E2,5.604103208E-4,-7.213931531E-4,7.137954235E-4
3.241845052E2,-2.069216222E-3,-2.819785848E-3,3.762356937E-4
3.244340783E2,-3.404258750E-4,-7.893498987E-4,3.633331507E-4
3.246836503E2,-9.060618468E-4,1.172175631E-3,1.856153831E-4
3.249332233E2,7.046936080E-4,-7.593287155E-4,-2.399440855E-4
3.251828081E2,-1.749155112E-3,6.781863049E-4,1.121772453E-3
3.254323811E2,-8.476707153E-4,-7.130214944E-4,-1.225026324E-3
3.256819541E2,4.111221060E-4,-6.628511474E-4,-5.967793986E-4
3.259314961E2,-1.011933200E-3,2.228007652E-3,3.150776029E-4
3.261810480E2,-8.400012739E-4,-1.417932101E-3,-4.271902144E-4
3.264306200E2,-8.184933104E-4,9.353952482E-4,2.511590719E-4
3.266801930E2,-7.613552734E-4,8.274903521E-4,2.700630575E-4
3.269297660E2,8.734376170E-4,2.197395079E-3,-8.880207315E-4
3.271793495E2,8.571688086E-4,2.257740125E-4,7.294509560E-4
3.274288915E2,-2.474198118E-4,1.016414724E-3,-1.177323982E-3
3.276784645E2,7.247407921E-4,1.549039967E-3,-4.188725725E-4
3.279280365E2,6.929347292E-4,-7.870374247E-4,2.121776342E-4
3.281775888E2,1.156376675E-4,-2.826339565E-3,-1.205182634E-3
3.284271618E2,8.514211513E-4,6.517395377E-6,1.437850296E-4
3.286767348E2,-9.727580473E-4,-8.039213717E-4,5.277330056E-4
3.289263068E2,8.195601404E-4,2.358052880E-4,-1.385855488E-3
3.291758598E2,6.074164994E-4,1.982453279E-3,1.601902768E-4
3.294254318E2,8.544325829E-5,-9.246673435E-4,-4.932172596E-4
3.296750048E2,3.981222399E-4,-7.611112669E-4,7.796194404E-4
3.299245778E2,-7.531447336E-4,1.684948802E-4,8.535934612E-4
3.301741297E2,3.155693412E-5,-6.330423057E-4,5.491022021E-4
3.304237017E2,8.809290826E-3,-5.602766294E-3,-4.001399502E-4
3.306732747E2,2.038674429E-3,-9.750546888E-4,-8.726399392E-5
3.309228167E2,-3.599780612E-4,1.171173528E-3,-1.484676264E-3
3.311724020E2,-6.905007176E-4,8.692676201E-4,-1.062108204E-4
3.314219750E2,2.013748512E-3,1.008026302E-4,-5.501043051E-5
3.316715480E2,-8.381712250E-4,-2.604899928E-4,-7.910551503E-4
3.319211200E2,-9.681307711E-4,8.456781507E-4,-4.833834246E-4
3.321706730E2,-1.990751829E-3,-1.091334969E-3,-3.927089274E-4
3.324202150E2,-1.683654264E-4,-1.947991550E-4,5.491776392E-4
3.326697880E2,5.892878398E-4,8.543021977E-5,3.656223416E-4
3.329193610E2,8.973428048E-4,9.853672236E-4,-1.200095750E-3
3.331689499E2,-6.769457832E-4,2.075117081E-4,7.730145007E-4
3.334185219E2,-2.007536590E-3,4.527550191E-4,-9.963931516E-4
3.336680949E2,-2.403109567E-3,2.410374582E-4,-1.298937015E-3
3.339176679E2,-1.514947508E-3,-7.518585771E-4,2.361796796E-4
3.341671948E2,2.175489441E-3,1.055432484E-3,6.391201168E-4
3.344167678E2,-5.954946391E-4,-1.478877850E-3,-8.832756430E-4
3.346663408E2,-2.581328154E-4,-6.451308727E-4,-1.418683678E-3
3.349159128E2,3.268620931E-4,5.134493113E-4,-1.186057925E-4
3.351654988E2,5.270778202E-4,-5.358913913E-4,1.368904486E-4
3.354150718E2,-5.970471539E-4,2.010737546E-3,-5.005784333E-4
3.356646138E2,-1.763751730E-3,9.744055569E-5,1.849234104E-4
3.359141868E2,-5.114786327E-4,1.212866046E-3,1.617544331E-3
3.361637351E2,3.202445805E-4,-3.936817870E-3,5.618212745E-4
3.364133071E2,1.036405098E-3,-1.895629801E-3,-2.843793482E-5
3.366628801E2,6.318646483E-4,-7.954929024E-4,1.874556765E-4
3.369124531E2,9.957957081E-4,-6.621498615E-4,1.063520089E-3
3.371620175E2,9.905020706E-4,2.021488734E-3,1.626735553E-3
3.374115595E2,-2.032185905E-3,8.425181732E-4,-9.402465075E-4
3.376611325E2,-9.040348232E-6,1.671386883E-3,-9.468942881E-5
3.379107045E2,-7.086424157E-4,-2.304513939E-3,1.538881101E-3
3.381602781E2,1.214612275E-4,-1.900131814E-3,-8.882889524E-4
3.384098511E2,1.259201206E-3,-6.475038826E-4,6.179073825E-4
3.386594241E2,-9.588710964E-5,-1.925176941E-3,5.194544792E-5
3.389089961E2,-7.626707666E-4,-1.790126786E-3,-2.080276608E-4
3.391585558E2,1.362222247E-4,-1.716809347E-4,1.356804743E-3
3.394081278E2,-7.680337876E-4,1.689244062E-3,-7.919305936E-4
3.396577008E2,7.723830640E-5,7.778406143E-6,9.943749756E-4
3.399072738E2,5.673612468E-4,-7.801530883E-4,-3.694333136E-4
3.401568238E2,-2.749068663E-4,-4.627350718E-4,-1.136498526E-3
3.404063958E2,2.118997276E-3,-1.511917450E-3,-5.849013105E-4
3.406559388E2,3.695348278E-5,-1.286906190E-3,1.554097980E-4
3.409055108E2,1.054968219E-3,-5.021886900E-4,-5.371496081E-5
3.411550895E2,8.586146869E-4,-5.467562005E-4,1.425937749E-3
3.414046625E2,1.040367875E-3,1.220132224E-3,-4.335558042E-4
3.416542355E2,-1.506102271E-3,-1.871232875E-3,3.175027668E-4
3.419038075E2,-1.066451427E-3,-6.250310689E-4,-2.418626100E-4
3.421533833E2,1.046248712E-3,1.307139173E-4,-3.448212519E-4
3.424029253E2,-4.827547818E-4,1.196586527E-3,-1.489266753E-3
3.426524983E2,-3.765965812E-4,-5.961395800E-4,-9.982567281E-5
3.429020713E2,-9.668259881E-4,1.078322530E-3,3.405241296E-4
3.431516293E2,8.615804836E-4,9.866114706E-4,1.251478679E-3
3.434012013E2,-8.921986446E-4,-4.627481103E-4,9.226240218E-5
3.436507743E2,-3.712843172E-4,-1.113866456E-3,7.163546979E-5
3.439003473E2,-1.061873510E-3,-1.931037754E-3,3.544185311E-4
3.441499024E2,1.521968283E-3,7.778499275E-5,-9.041279554E-5
3.443994754E2,-1.675499603E-3,1.119352877E-3,5.261423066E-4
3.446490484E2,1.123866532E-3,3.671618178E-4,-1.335993409E-3
3.448986204E2,4.457575269E-4,8.244207129E-4,9.275972843E-6
3.451481611E2,-2.116424963E-3,2.755277790E-3,5.295248702E-4
3.453977341E2,1.051693689E-3,-2.583472058E-3,-2.167139202E-3
3.456473071E2,-4.142336547E-4,1.075035892E-3,1.603601500E-3
3.458968491E2,6.401338615E-4,1.409227028E-3,-3.528315574E-5
3.461464287E2,2.146683168E-3,-8.723912761E-4,-5.199117586E-4
3.463960007E2,7.999627851E-4,-1.953972504E-3,1.036439091E-3
3.466455738E2,-4.963926040E-4,8.031576872E-4,-5.113575608E-4
3.468951468E2,-8.223811164E-5,2.145197242E-3,1.130783930E-4
3.471447327E2,-6.425650790E-4,6.533432752E-4,6.348732859E-4
3.473942747E2,-4.713921808E-4,7.182704285E-4,2.185832709E-4
3.476438477E2,4.078783095E-4,9.095808491E-4,2.802889794E-4
3.478934197E2,8.943625726E-4,9.989552200E-4,1.547383144E-4
3.481429753E2,-1.478921622E-4,9.956313297E-4,-1.228587702E-3
3.483925483E2,-1.954473555E-4,-7.947254926E-4,-1.461980864E-4
3.486421213E2,1.133153681E-3,2.003479749E-3,9.656418115E-5
3.488916933E2,-2.105161548E-5,5.430681631E-4,-2.038027160E-3
3.491412281E2,3.642635420E-5,3.110803664E-5,1.176157966E-4
3.493908001E2,-5.006543361E-4,7.248856127E-5,2.335580066E-4
3.496403731E2,-5.411151797E-4,-5.487846211E-4,1.675356179E-3
3.498899461E2,7.335250266E-4,1.090779901E-3,-3.397306427E-4
3.501395307E2,-3.453763202E-4,-5.030380562E-4,1.839082688E-5
3.503891027E2,-2.891728655E-4,8.297227323E-4,1.020198688E-3
3.506386758E2,4.127342254E-4,4.054568708E-4,8.836686611E-4
3.508882177E2,1.101968344E-3,1.351609826E-4,4.194118083E-4
3.511377627E2,3.087134100E-4,-1.142887399E-3,-9.291600436E-4
3.513873357E2,1.119834371E-3,2.970742062E-4,5.496004596E-4
3.516369087E2,7.574399933E-5,-9.247753769E-5,1.315819100E-4
3.518864807E2,1.628869213E-4,9.159008041E-4,3.718212247E-5
3.521360585E2,-7.972265594E-4,-3.184936941E-4,-2.906285226E-5
3.523856315E2,1.110359561E-3,-6.724754348E-4,2.555707470E-4
3.526351735E2,9.850729257E-4,3.691911697E-4,1.372106373E-3
3.528847465E2,-2.454722673E-2,1.429273747E-3,-2.124822699E-3
3.531343216E2,-2.621054649E-3,1.841893420E-3,-4.303231835E-4
3.533838936E2,-1.818593591E-5,3.604898229E-4,-8.296128362E-5
3.536334666E2,-1.157177612E-4,9.715547785E-4,-3.786850721E-4
3.538830396E2,-1.681600697E-4,-7.637711242E-4,2.385061234E-4
3.541325646E2,-1.075723208E-3,8.352901787E-4,2.239774913E-4
3.543821376E2,8.893171325E-4,1.050858758E-3,1.973575912E-3
3.546317106E2,5.503185093E-5,8.584251627E-4,1.753875986E-4
3.548812826E2,4.525617696E-4,2.879371867E-3,-1.443377696E-3