,Time (s),X (rad/s),Y (rad/s),Z (rad/s)
0,1.55965432e+18,-0.5617922544,-0.3156937361,-0.1110733226
1,1.55965432025e+18,-0.08530846238,-0.3773186803,-0.006817714311
2,1.5596543205e+18,-1.431050539,-1.682486892,-0.3355399668
3,1.55965432075e+18,-0.7640442848,-1.756104231,1.847576976
4,1.559654321e+18,-0.3553083539,-0.5019994974,0.8187291622
5,1.55965432125e+18,-0.01203576569,0.05900100246,1.082492471
6,1.5596543215e+18,-0.5610235929,0.8002773523,0.3197650909
7,1.55965432175e+18,0.4221031368,0.4400481582,0.1928934604
8,1.559654322e+18,-0.5943841934,-1.129477262,1.38476932
9,1.55965432225e+18,-0.6769630313,1.008167505,-1.142698765
10,1.5596543225e+18,-0.1277318895,-0.8356795311,0.4105330706
11,1.55965432275e+18,0.4901636541,-0.01291853748,1.068113923
12,1.559654323e+18,-0.2046969682,0.9566501975,-0.6141111851
13,1.55965432325e+18,-0.7264000177,1.050446868,-0.964076221
14,1.5596543235e+18,-0.7063286304,0.3960445225,-0.8590410352
15,1.55965432375e+18,0.7038181424,-0.5440570116,0.1422947496
16,1.559654324e+18,0.6720124483,0.3893836737,-0.3534046412
17,1.55965432425e+18,-0.7979537249,0.28867504,-0.852876544
18,1.5596543245e+18,-0.475307554,-0.1852041185,0.3735814095
19,1.55965432475e+18,0.2524476051,-0.3040829599,0.4941576421
20,1.559654325e+18,0.0009406576864,0.4478144348,-1.385564923
21,1.55965432525e+18,0.4182576537,-0.11828015,-0.4107073247
22,1.5596543255e+18,0.1752111912,-1.150672197,0.0152139971
23,1.55965432575e+18,0.03685364127,0.3325868249,1.313815475
24,1.559654326e+18,-0.5031980276,0.002077271231,-1.052572846
25,1.55965432625e+18,0.4903166592,0.1659940332,-0.1743688583
26,1.55965432649e+18,-0.1331178993,0.07272549719,0.2062278688
27,1.55965432674e+18,-0.08902269602,0.4558031857,0.1121046543
28,1.55965432699e+18,0.2898091674,0.4315062165,-0.4194160104
29,1.55965432724e+18,0.3529202342,-0.3392823935,0.3315064311
30,1.55965432749e+18,-0.6041383743,0.1387192309,-0.1050999314
31,1.55965432774e+18,-0.1346067339,0.09809476882,-0.2911986411
32,1.55965432799e+18,-0.1553811878,0.07064779103,-0.08011805266
33,1.55965432824e+18,-0.1836430728,0.2024113983,0.3431989253
34,1.55965432849e+18,0.5485358238,-0.7603543997,-0.1926924586
35,1.55965432874e+18,0.2513961494,-0.3418678343,0.3478405774
36,1.55965432899e+18,0.0145494258,0.1880725175,0.1340852529
37,1.55965432924e+18,0.04981332645,0.4667114019,-0.7541319132
38,1.55965432949e+18,-0.2581782639,-0.374430418,-0.293295145
39,1.55965432974e+18,-0.06815592945,-0.5130512714,0.373188585
40,1.55965432999e+18,0.2597492933,-0.6325309873,-0.1151524484
41,1.55965433024e+18,0.03393840045,0.316708833,0.3348261118
42,1.55965433049e+18,0.2385105789,0.4587633014,0.0911462605
43,1.55965433074e+18,-0.1471585929,-0.2815215886,-0.01631257683
44,1.55965433099e+18,0.2887774408,0.08839585632,0.2085638195
45,1.55965433124e+18,-0.2832410634,0.361120224,-0.6559564471
46,1.55965433149e+18,-0.03426770866,0.1206077337,0.2188096642
47,1.55965433174e+18,0.1256106347,-0.04252153635,-0.2196760774
48,1.55965433199e+18,0.336342901,0.01608959213,0.3175086975
49,1.55965433224e+18,-0.01133538038,-0.1666333973,0.7924882174
50,1.55965433249e+18,0.7566327453,0.0718274489,0.6270260215
51,1.55965433274e+18,-0.6995251775,0.3508800268,-0.7496919632
52,1.55965433298e+18,0.0690992102,-0.09128728509,0.08829853684
53,1.55965433323e+18,0.3895038068,0.2406442463,0.4456133842
54,1.55965433348e+18,-0.731438756,-0.09541872889,-0.5746372342
55,1.55965433373e+18,0.05490149558,-0.2610106766,-0.2469679564
56,1.55965433398e+18,-0.07497286052,-0.3667142987,0.3624211252
57,1.55965433423e+18,0.3305851221,-0.1553968489,0.06762800366
58,1.55965433448e+18,-0.0007086787373,0.6892563105,-0.3520005643
59,1.55965433473e+18,-0.2445983887,-0.5018646121,-0.1671753824
60,1.55965433498e+18,0.2478254884,-0.3647867739,0.8780725002
61,1.55965433523e+18,0.6974059343,0.2849041522,0.619402051
62,1.55965433548e+18,-0.01785272919,-0.1491436064,-0.4143004417
63,1.55965433573e+18,-0.2414847016,-0.2036198676,0.1318086088
64,1.55965433598e+18,-0.128275916,-0.08209328353,-0.10298343
65,1.55965433623e+18,-0.8065418005,0.385273993,-0.8514740467
66,1.55965433648e+18,-0.1077628583,-0.4478640556,0.1469123065
67,1.55965433673e+18,0.4192662239,-0.01675977372,-0.1439299732
68,1.55965433698e+18,-0.2749732137,0.2323862761,-0.2253795266
69,1.55965433723e+18,-0.1592345089,-0.174317643,0.07440751791
70,1.55965433748e+18,0.7921485901,-1.474775314,0.7235179543
71,1.55965433773e+18,0.6268306375,0.2522549927,0.05415492877
72,1.55965433798e+18,-0.8952468634,0.936378479,-0.7680254579
73,1.55965433823e+18,-0.3913917243,1.18205893,-0.142172277
74,1.55965433848e+18,0.6160951853,-0.3766064346,0.3803524375
75,1.55965433873e+18,0.09576974064,-0.4647172391,-0.02164316177
76,1.55965433898e+18,-0.5120952725,0.2348303944,-0.7841484547
77,1.55965433923e+18,-0.19862625,-0.5156428218,-0.02474696189
78,1.55965433947e+18,-0.06685156375,-0.5411074758,-0.03663844615
79,1.55965433972e+18,0.08287423104,-0.2294992059,0.0615310967
80,1.55965433997e+18,0.08954645693,0.09973592311,-0.1778169423
81,1.55965434022e+18,-0.4319391549,1.087047577,-0.1999867111
82,1.55965434047e+18,0.1353858709,-1.400069118,0.6246411204
83,1.55965434072e+18,0.3089905679,-0.5948740244,-0.644615829
84,1.55965434097e+18,0.1287658811,0.1511959583,0.1270428896
85,1.55965434122e+18,-0.1014913768,0.8048787713,0.2623051703
86,1.55965434147e+18,-0.379440248,0.2490977347,0.02270108834
87,1.55965434172e+18,0.225111559,-0.1645663083,0.6798025966
88,1.55965434197e+18,0.3954823613,-0.6420460343,0.2938127518
89,1.55965434222e+18,-0.03634599596,-0.0974431783,-0.7826436162
90,1.55965434247e+18,-0.4407685399,0.7076016068,-0.5989208817
91,1.55965434272e+18,-0.2334263623,-0.3820769787,0.07194063812
92,1.55965434297e+18,0.1550422907,-0.559553504,0.3021799624
93,1.55965434322e+18,0.2672387362,0.1321280599,0.7548069954
94,1.55965434347e+18,-0.09621740878,0.06670793146,-0.5376328826
95,1.55965434372e+18,-1.082140684,-0.281609714,-0.4715667665
96,1.55965434397e+18,0.7106797695,-1.245313406,0.3249338865
97,1.55965434422e+18,0.4369062185,-1.180777788,-0.1954352558
98,1.55965434447e+18,-0.3797810376,-0.4885285795,0.1115601584
99,1.55965434472e+18,0.2277183086,0.5289362073,0.2980674803
100,1.55965434497e+18,0.9812025428,-1.511400461,0.6711499095
101,1.55965434522e+18,-0.285582453,-2.060194492,0.4393133521
102,1.55965434547e+18,-0.5369229913,-0.1644928604,-0.3003392816
103,1.55965434571e+18,0.5265761614,-1.26567173,0.3718831241
104,1.55965434596e+18,0.676981926,-0.3634532392,0.3357431591
105,1.55965434621e+18,-0.6662118435,0.511056304,-0.370999366
106,1.55965434646e+18,0.355202049,-0.1451129913,-0.1457431912
107,1.55965434671e+18,0.5415068865,0.2136350721,0.1028620228
108,1.55965434696e+18,-0.7103262544,1.569764018,-0.1731846482
109,1.55965434721e+18,-0.4914248586,0.06175305322,0.103297092
110,1.55965434746e+18,0.6000781059,-1.66499114,0.3442074656
111,1.55965434771e+18,0.1328933835,0.3414211869,-0.6104626656
112,1.55965434796e+18,-0.7920139432,0.4222611189,-0.657030046
113,1.55965434821e+18,0.2992574275,-2.035167694,0.9515690804
114,1.55965434846e+18,-0.2276283205,-0.6261042953,0.1277204454
115,1.55965434871e+18,0.7090869546,-0.5067316294,-0.06227239221
116,1.55965434896e+18,-0.2348802686,0.3395278454,0.1213600487
117,1.55965434921e+18,-0.2214550972,0.8616097569,-0.3762357831
118,1.55965434946e+18,-0.0275740996,-0.1131152809,0.3246349096
119,1.55965434971e+18,0.2508607805,0.2098385543,-0.2237401307
120,1.55965434996e+18,-0.1244179085,0.3711042106,0.1328120679
121,1.55965435021e+18,-0.05861196667,-0.6912475824,-0.3257190287
122,1.55965435046e+18,0.1482252479,-0.1453471929,-0.2154929787
123,1.55965435071e+18,-0.2612470984,0.306162715,-0.338737607
124,1.55965435096e+18,0.5547783971,-0.3972943127,0.4552611709
125,1.55965435121e+18,-0.4112642407,-0.1530574113,0.3143588603
126,1.55965435146e+18,0.8302916884,0.3499642909,0.7044891119
127,1.55965435171e+18,-0.1399158835,-0.3723169863,0.2243867218
128,1.55965435196e+18,0.06320303679,0.3688029647,0.2006616294
129,1.5596543522e+18,0.1465265453,-0.008976237848,0.2832736075
130,1.55965435245e+18,-0.09527806938,-2.125122309,-0.4558241367
131,1.5596543527e+18,0.5385434031,0.510305047,0.1754599661
132,1.55965435295e+18,0.2179234773,-1.966216803,0.58629632
133,1.5596543532e+18,0.2679943144,-0.767719388,0.3637875915
134,1.55965435345e+18,-0.4047041237,-0.1692666709,-0.3579914868
135,1.5596543537e+18,0.9389174581,0.800465405,0.02230967954
136,1.55965435395e+18,0.1965745389,0.7733048201,0.1429203749
137,1.5596543542e+18,-0.3080966771,-0.5401063561,0.4565608203
138,1.55965435445e+18,-0.06828010827,-1.142001748,-0.1680279821
139,1.5596543547e+18,-0.936457634,-0.2447775453,0.04452287406
140,1.55965435495e+18,0.3792978227,-2.815008163,0.4713671207
141,1.5596543552e+18,-0.2299248427,0.2555630803,-0.2164991945
142,1.55965435545e+18,0.3195078373,0.4121157527,-0.09613327682
143,1.5596543557e+18,1.718537092,0.1536659449,0.5055086017
144,1.55965435595e+18,-0.6914592385,-0.1788834184,0.2509378791
145,1.5596543562e+18,0.03567370027,0.7075157762,-0.1268150508
146,1.55965435645e+18,-0.377289921,0.3149990439,0.6670070887
147,1.5596543567e+18,0.1266190857,-1.105597019,0.2854658663
148,1.55965435695e+18,-0.1733036637,0.1683722436,-0.1125849485
149,1.5596543572e+18,-0.3455893099,0.73616606,-0.2117776573
150,1.55965435745e+18,-0.7137761712,-0.0180044882,0.335875988
151,1.5596543577e+18,-0.1039130241,-1.06724143,0.4372434914
152,1.55965435795e+18,0.1562165916,0.6258470416,-0.3600873351
153,1.5596543582e+18,-0.06328075379,-0.2379407734,0.03440969437
154,1.55965435844e+18,0.2570356131,0.05512087792,-0.2414617687
155,1.55965435869e+18,-0.6276263595,0.3825016916,0.306175679
156,1.55965435894e+18,-0.4981217384,-1.573206186,0.0392773971
157,1.55965435919e+18,0.02362193353,0.4675989151,0.0280531235
158,1.55965435944e+18,-0.27474159,0.3802946508,0.180335328
159,1.55965435969e+18,-0.1941075027,-0.1972888559,-0.1436029375
160,1.55965435994e+18,0.5165804029,0.09088487178,0.3078233302
161,1.55965436019e+18,-0.2776728272,0.2170101255,-0.20129399
162,1.55965436044e+18,-0.224218443,0.2189985663,0.334149152
163,1.55965436069e+18,-0.170196563,0.27434057,-0.2347691804
164,1.55965436094e+18,-0.3129969835,0.1599024087,0.003264355473
165,1.55965436119e+18,0.2519333661,-0.5294491649,0.16675134
166,1.55965436144e+18,0.4303283393,-0.4007661939,-0.4720924497
167,1.55965436169e+18,0.4460789561,0.1995247453,0.1393527836
168,1.55965436194e+18,0.2385776192,0.006623617373,-0.1778670251
169,1.55965436219e+18,-0.03647771478,0.04549980536,-0.119347021
170,1.55965436244e+18,-0.1889849007,-0.08980766684,0.04557151347
171,1.55965436269e+18,-0.5101296902,-0.475127846,0.002692847513
172,1.55965436294e+18,0.2179807574,-0.1698965132,-0.2150299549
173,1.55965436319e+18,-0.1288457066,0.1655374914,0.1165992022
174,1.55965436344e+18,0.1473274529,-0.6521535516,0.02548508905
175,1.55965436369e+18,0.06692190468,-0.0833812058,-0.1850477457
176,1.55965436394e+18,-0.04949380457,-0.02047470957,0.248513341
177,1.55965436419e+18,0.1293167621,0.4427092969,0.04503722116
178,1.55965436444e+18,0.1387514174,0.1524872482,0.01561574452
179,1.55965436469e+18,0.02077920549,-0.3598013818,-0.1167472377
180,1.55965436493e+18,0.05596497282,-0.3456944227,-0.2294847965
181,1.55965436518e+18,-0.3928608596,-0.3196962774,0.08799444884
182,1.55965436543e+18,0.6031348705,-0.1809765995,-0.1050398052
183,1.55965436568e+18,-0.1421851367,0.2339841127,-0.158584252
184,1.55965436593e+18,-0.4464331865,-0.1845643967,0.29280743
185,1.55965436618e+18,0.02074801177,0.003757067956,-0.1754162908
186,1.55965436643e+18,-0.8042386174,0.863835454,-0.1033471897
187,1.55965436668e+18,-0.4038194418,0.3743125796,0.03394281864
188,1.55965436693e+18,-0.3503399491,-0.3957256377,-0.2088074833
189,1.55965436718e+18,0.3158988357,0.4821661115,0.3105519414
190,1.55965436743e+18,-1.032276273,0.2084387243,0.718585968
191,1.55965436768e+18,-0.04629859701,0.2615040243,-0.08775512129
192,1.55965436793e+18,0.113432385,0.1173383221,-0.4183567762
193,1.55965436818e+18,-0.4356573224,0.03826032951,0.3285455108
194,1.55965436843e+18,-0.3799758852,-0.08383591473,0.1449022293
195,1.55965436868e+18,0.3125665784,0.3476345837,-0.114332445
196,1.55965436893e+18,-0.06706865877,0.3435988426,-0.144407779
197,1.55965436918e+18,0.01047041547,-0.2697057128,-0.1323771924
198,1.55965436943e+18,0.2028889358,0.3478490114,0.2504175007
199,1.55965436968e+18,-0.08986544609,0.1975352466,0.1480586231
200,1.55965436993e+18,0.2207427025,-0.1306509078,-0.3009105325
201,1.55965437018e+18,-0.2018880993,-0.06616675109,0.459002912
202,1.55965437043e+18,-0.3302562833,-0.1869684309,-0.3001851439
203,1.55965437068e+18,-0.3282424212,0.131908983,-0.00636374671
204,1.55965437093e+18,-0.0809674412,-0.8092004061,-0.2864629626
205,1.55965437117e+18,0.02727059834,0.4430719018,0.06788460165
206,1.55965437142e+18,-0.07252667844,-0.01534143556,0.2566094398
207,1.55965437167e+18,-0.09036967903,-1.153199196,-0.4799403846
208,1.55965437192e+18,0.02393883467,0.2098604739,-0.06179024279
209,1.55965437217e+18,0.9349809885,0.2575345635,0.05308934674
210,1.55965437242e+18,-0.1668720394,-0.09997587651,-0.1138467491
211,1.55965437267e+18,0.08359238505,0.2885146141,0.06539197266
212,1.55965437292e+18,0.4992631674,-0.7531918883,-0.2646740675
213,1.55965437317e+18,0.1840137094,0.4433820546,-0.002294306643
214,1.55965437342e+18,1.026717067,-0.3421325386,-0.1407479793
215,1.55965437367e+18,-0.4061179757,0.4808953106,0.00897166878
216,1.55965437392e+18,-0.04474422336,-0.3879740536,0.0175364539
217,1.55965437417e+18,0.3115941584,-0.420599699,-0.2453800142
218,1.55965437442e+18,0.01721273549,0.8462204933,0.246185407
219,1.55965437467e+18,-0.0777798295,-0.1335501373,-0.1318360716
220,1.55965437492e+18,-0.2779102027,-0.2148952037,0.2287575603
221,1.55965437517e+18,0.05001724139,-0.4626420736,-0.242173925
222,1.55965437542e+18,0.2257347852,0.1922158003,0.05055518448
223,1.55965437567e+18,-0.3328894079,0.4477562904,0.2006976455
224,1.55965437592e+18,-0.01845504716,-0.2321826667,0.04677664489
225,1.55965437617e+18,-0.03125667572,-0.07868465036,-0.1271005273
226,1.55965437642e+18,0.5113844872,-0.1169113591,-0.1606632769
227,1.55965437667e+18,0.3412584066,0.1829953492,-0.004864713177
228,1.55965437692e+18,0.33810848,0.1002588496,-0.1203178912
229,1.55965437717e+18,-0.1639924198,-0.08912248164,0.005111813545
230,1.55965437741e+18,-0.4462622702,-0.05594651774,-0.0212910641
231,1.55965437766e+18,-0.002054109238,-0.4103353024,0.0346160531
232,1.55965437791e+18,0.25208655,0.1626669765,0.03536546603
233,1.55965437816e+18,-0.3457958996,0.6561611891,-0.07327852398
234,1.55965437841e+18,-0.6280648708,-0.02238072082,0.4574114382
235,1.55965437866e+18,0.6179842949,-0.8483644724,-0.1742281616
236,1.55965437891e+18,0.01964247786,0.6597546935,-0.8726356626
237,1.55965437916e+18,0.1606280953,-0.2709957957,0.2122180611
238,1.55965437941e+18,0.09925205261,0.2868678868,0.5135544538
239,1.55965437966e+18,-0.9031777978,1.66320312,-0.4648064971
240,1.55965437991e+18,-0.07656850666,-0.4290356338,-0.1122575179
241,1.55965438016e+18,0.2914956808,-0.4417761564,0.1327444464
242,1.55965438041e+18,0.4164850414,0.8302620053,-0.02603572607
243,1.55965438066e+18,-0.08888833225,-0.4563972354,0.1945414096
244,1.55965438091e+18,0.5316446424,-0.3017531931,-0.09364779294
245,1.55965438116e+18,-0.05525941402,0.4650412798,-0.4763415456
246,1.55965438141e+18,0.03328790143,0.2218610644,0.1520998031
247,1.55965438166e+18,-0.3600857854,0.6204046011,0.3586289585
248,1.55965438191e+18,-0.1621247828,-1.266015172,-0.02519244701
249,1.55965438216e+18,-0.1644320339,0.189459458,-0.3343727589
250,1.55965438241e+18,-0.5791727304,0.7710703015,0.2830309868
251,1.55965438266e+18,-0.1152737811,-1.461914539,-0.01014152728
252,1.55965438291e+18,0.7396392822,1.613871455,-0.7942166924
253,1.55965438316e+18,-0.3065717816,0.2939253151,0.09919351339
254,1.55965438341e+18,0.8556936979,-1.042333245,-0.04095683619
255,1.55965438366e+18,-0.07407455891,0.1022843644,-0.3811368644
256,1.5596543839e+18,0.6417096853,0.1383148581,0.1384565085
257,1.55965438415e+18,-0.5197732449,0.2784677446,0.3421230912
258,1.5596543844e+18,-0.5100147724,-0.6278163791,0.2673579752
259,1.55965438465e+18,0.2039885372,-0.8186115026,0.1167549714
260,1.5596543849e+18,-0.08184115589,0.1894776821,-0.2517559826
261,1.55965438515e+18,-0.1378809214,0.6188408732,0.383547008
262,1.5596543854e+18,-0.1348192841,-0.07755461335,0.4658181965
263,1.55965438565e+18,0.8304677606,-0.2129133493,-0.4856609106
264,1.5596543859e+18,-0.06509612501,0.1140193418,0.001369025558
265,1.55965438615e+18,0.7487018108,0.5245915651,-0.1092734188
266,1.5596543864e+18,-0.9879626632,0.5464100838,0.1022939011
267,1.55965438665e+18,0.1449688226,-0.4170911908,0.1985697746
268,1.5596543869e+18,-0.5903755426,0.4138478935,0.02497011423
269,1.55965438715e+18,0.1119199321,0.3523946106,-0.03079716861
270,1.5596543874e+18,0.06185221672,0.3188924491,-0.7901016474
271,1.55965438765e+18,-0.1286189258,0.4379330873,0.1663137376
272,1.5596543879e+18,0.462215215,-0.3736759126,0.1392937899
273,1.55965438815e+18,0.3014785349,-0.3940711915,0.09436146915
274,1.5596543884e+18,-0.08588414639,0.1845222563,-0.1192674786
275,1.55965438865e+18,-0.3203704655,-0.1494627744,-0.09359676391
276,1.5596543889e+18,0.1913230568,-0.2378707826,0.4018740356
277,1.55965438915e+18,0.9571313262,0.3115560412,-0.5747212768
278,1.5596543894e+18,0.2648648918,-0.3068614602,-0.1259205639
279,1.55965438965e+18,0.4044346809,0.09266477078,-0.256038636
280,1.5596543899e+18,-0.6257916093,0.7292827368,0.6274405718
281,1.55965439014e+18,-0.07943257689,-0.6858198047,-0.01812339947
282,1.55965439039e+18,0.370403111,0.07284174114,-0.1876363456
283,1.55965439064e+18,-0.3974764943,1.43227756,0.0124796927
284,1.55965439089e+18,0.125311479,-0.3503130376,0.1393428892
285,1.55965439114e+18,-0.5562810898,0.3413401842,-0.2530081868
286,1.55965439139e+18,0.04922545329,-0.007907813415,-0.1873874366
287,1.55965439164e+18,0.03144314513,0.4589392841,-0.03737695515
288,1.55965439189e+18,-0.2789434493,0.1594068706,-0.03421018273
289,1.55965439214e+18,-0.46201998,-0.262870729,0.4878595769
290,1.55965439239e+18,0.6250808835,-0.8252759576,-0.5128420591
291,1.55965439264e+18,-0.1829536557,0.2733704746,0.08169612288
292,1.55965439289e+18,0.3850821555,-0.02966634557,-0.1245896146
293,1.55965439314e+18,-0.3601717651,-0.4266906679,0.1033684462
294,1.55965439339e+18,-0.2506792545,-0.8695733547,-0.1607304066
295,1.55965439364e+18,0.2325767726,0.90416646,0.1038290262
296,1.55965439389e+18,-0.2309943438,0.03018118814,-0.03460900858
297,1.55965439414e+18,-0.1742658317,0.393563211,-0.2121609151
298,1.55965439439e+18,-0.6305506825,-0.7520651221,0.4082933962
299,1.55965439464e+18,0.8592995405,0.6258792877,-0.7713974118
300,1.55965439489e+18,-1.216796756,0.5373144746,0.5320180058
301,1.55965439514e+18,0.2219268829,-0.8821744323,-0.01246012375
302,1.55965439539e+18,0.07056421041,0.2275217474,0.02830538899
303,1.55965439564e+18,-0.3904023767,0.1018963903,0.4204045832
304,1.55965439589e+18,-0.2424734384,-0.2993310392,-0.0905508697
305,1.55965439614e+18,-0.2807054222,0.1122424677,0.2181816995
306,1.55965439638e+18,-0.01230271347,0.08428681642,-0.003546016291
307,1.55965439663e+18,-0.015307175,0.3564221859,0.3275321126
308,1.55965439688e+18,0.455856353,0.4235628843,-0.5037075877
309,1.55965439713e+18,-0.3243727982,-0.1360196471,-0.2173160017
310,1.55965439738e+18,0.07284080237,0.4725089073,0.09813074768
311,1.55965439763e+18,-0.01104926784,0.07978352904,0.06824304163
312,1.55965439788e+18,0.01262957975,-0.6321718097,-0.3274303079
313,1.55965439813e+18,-0.5711237788,0.7329423428,0.4633430839
314,1.55965439838e+18,0.8802454472,-1.201443315,0.04770778492
315,1.55965439863e+18,-0.195024699,-0.7286390066,0.08768624067
316,1.55965439888e+18,0.4312523007,0.01301413309,-0.5495358706
317,1.55965439913e+18,0.2581303418,0.5426838994,0.0687373504
318,1.55965439938e+18,-0.5400928259,-0.2162696421,0.2645488083
319,1.55965439963e+18,0.4218118489,-0.663882494,-0.4076694846
320,1.55965439988e+18,-0.07640221715,0.909047544,-0.2497147173
321,1.55965440013e+18,0.04034392908,0.6589818597,0.1909402013
322,1.55965440038e+18,-0.1995661706,-0.1792497486,-0.2901269794
323,1.55965440063e+18,-0.3025147915,-0.4371368885,0.02868344076
324,1.55965440088e+18,-0.1818448007,-0.2557533681,0.0766922757
325,1.55965440113e+18,0.2413583845,0.3945406675,0.4421680868
326,1.55965440138e+18,0.1064947918,-0.1265722811,-0.1563974917
327,1.55965440163e+18,-0.5531032681,0.2719907463,0.01559229661
328,1.55965440188e+18,0.5239531398,-0.04969793931,0.02139455266
329,1.55965440213e+18,0.1960710287,0.4812059104,-0.1755665094
330,1.55965440238e+18,-0.8164968491,0.02884586155,-0.1604173779
331,1.55965440262e+18,0.4789524376,-0.7708043456,-0.3290324211
332,1.55965440287e+18,-0.4009818435,0.5911869407,0.2718808353
333,1.55965440312e+18,0.4076083601,-0.2082803547,0.1317363381
334,1.55965440337e+18,-0.2284401208,-0.03600599617,-0.1869003028
335,1.55965440362e+18,0.2923900783,0.2198761553,-0.5206820965
336,1.55965440387e+18,-0.4867509604,0.3612523377,0.2744685709
337,1.55965440412e+18,-0.2900178432,-0.2770641148,0.3608413041
338,1.55965440437e+18,0.1971247643,-0.5969914794,0.03283992782
339,1.55965440462e+18,-0.05254551768,0.408796072,0.03404420987
340,1.55965440487e+18,0.01400406379,0.3304415643,0.02029143833
341,1.55965440512e+18,-0.2625972033,0.1439683139,0.1107974797
342,1.55965440537e+18,-0.7064878941,-0.8831675649,-0.1366716027
343,1.55965440562e+18,0.1015119255,-0.04691693187,0.2040956914
344,1.55965440587e+18,-0.1052490398,0.2551100552,-0.3441407084
345,1.55965440612e+18,-0.2589769065,-0.01749452576,0.224436149
346,1.55965440637e+18,0.09349833429,0.266486913,0.08225731552
347,1.55965440662e+18,0.1656799316,-0.1292881966,-0.1318332255
348,1.55965440687e+18,-0.1984653324,0.2705820501,0.1761268228
349,1.55965440712e+18,0.04435335472,0.2901223898,-0.3146620989
350,1.55965440737e+18,-0.4126319289,-0.0149551332,0.3937676847
351,1.55965440762e+18,0.2709546387,-0.7696428299,-0.1696092635
352,1.55965440787e+18,0.240588516,0.6450295448,-0.06581947207
353,1.55965440812e+18,0.1961516589,-0.3312954605,-0.2585816681
354,1.55965440837e+18,-0.3956133723,0.4590066373,0.266179055
355,1.55965440862e+18,0.4151279628,-0.904489398,0.2426837087
356,1.55965440886e+18,0.07435490936,-0.1197702587,-0.1890325695
357,1.55965440911e+18,-0.2416802198,0.2328312248,-0.004649515264
358,1.55965440936e+18,-0.1647037864,-0.246867612,-0.1145114899
359,1.55965440961e+18,0.3259341717,-0.6586909294,0.6444776058
360,1.55965440986e+18,0.1935080886,-0.7054739594,-0.05856488645
361,1.55965441011e+18,0.1867916137,-0.2706750929,-0.6073765755
362,1.55965441036e+18,0.8561249971,0.2068484724,-0.1739689559
363,1.55965441061e+18,-0.109113954,-0.7406671047,0.05170388892
364,1.55965441086e+18,0.03882114217,0.4283414781,0.2723389268
365,1.55965441111e+18,0.4100072384,-0.8114141822,-0.1667516083
366,1.55965441136e+18,-0.3610920906,0.4874201119,0.3062798679
367,1.55965441161e+18,0.4841344357,-0.03212251514,-0.1043961123
368,1.55965441186e+18,-0.02494425699,0.329992801,0.2787592411
369,1.55965441211e+18,-0.3343473077,-0.1112425327,0.3065863848
370,1.55965441236e+18,0.3280295432,-0.4037171304,-0.34558478
371,1.55965441261e+18,0.2751974761,1.117629051,-0.06704648584
372,1.55965441286e+18,-0.06967313588,-0.04446670413,-0.3924231231
373,1.55965441311e+18,-0.5685458779,0.6036480069,0.04122745991
374,1.55965441336e+18,-0.4957263768,-0.5274531245,0.3408097327
375,1.55965441361e+18,0.2258736193,-0.2633055747,-0.2329012156
376,1.55965441386e+18,0.2592529655,0.2358860672,-0.2153609395
377,1.55965441411e+18,-0.01380063593,0.2806911469,-0.1488272995
378,1.55965441436e+18,-0.6779127121,0.9015162587,0.409922868
379,1.55965441461e+18,0.04778275639,-0.7111650705,-0.3267439306
380,1.55965441486e+18,-0.198167026,0.4091464877,-0.2070854306
381,1.5596544151e+18,0.1732111573,-0.3621284962,0.05501294881
382,1.55965441535e+18,-0.01299274899,0.5739949346,-0.12637344
383,1.5596544156e+18,0.1521933824,-0.5303621292,0.2496815771
384,1.55965441585e+18,-0.01701441407,-0.4210610688,-0.2938905358
385,1.5596544161e+18,-0.1345462948,0.6920115352,-0.09515224397
386,1.55965441635e+18,0.3699809909,0.5483127832,-0.1438405961
387,1.5596544166e+18,-0.2691493034,-0.3881770372,0.2044474185
388,1.55965441685e+18,-0.02450960129,-0.4616549909,0.02743089944
389,1.5596544171e+18,-0.2996566892,0.2548763752,-0.1557491273
390,1.55965441735e+18,-0.1469135433,-0.1777612418,0.09060187638
391,1.5596544176e+18,-0.1998588294,0.8100855947,0.1718949974
392,1.55965441785e+18,-0.5058358312,0.3729493022,0.1719780713
393,1.5596544181e+18,0.07503335923,-0.4982680976,-0.1989501119
394,1.55965441835e+18,0.08052566648,0.2214499712,0.04704397917
395,1.5596544186e+18,-0.0490886122,0.8056502342,0.05547844246
396,1.55965441885e+18,-0.0271687042,0.3810610771,0.2629947364
397,1.5596544191e+18,-0.3472518027,-0.6286224127,0.04379372671
398,1.55965441935e+18,0.100603655,-0.3065930605,0.02032629214
399,1.5596544196e+18,0.1292416304,-0.04690532014,-0.1895368248
400,1.55965441985e+18,-0.5229831338,-0.4055139422,0.416112721
401,1.5596544201e+18,0.1815787554,-0.6470015049,-0.3239479363
402,1.55965442035e+18,0.4166844487,-0.1245867386,-0.1488246024
403,1.5596544206e+18,-0.09038544446,0.07974744588,0.1782489866
404,1.55965442085e+18,-0.071492441,0.3306558132,0.003061449155
405,1.5596544211e+18,-0.4856753647,0.0809533447,0.05307368934
406,1.55965442134e+18,-0.214241758,-0.6969920397,-0.1602997184
407,1.55965442159e+18,-0.3229460418,0.4128792286,0.3367014229
408,1.55965442184e+18,-0.04724531248,0.7786897421,-0.09642433375
409,1.55965442209e+18,0.3733278513,-0.6182908416,0.5885937214
410,1.55965442234e+18,-0.0674097985,-1.110436678,-0.3368574977
411,1.55965442259e+18,-0.4089425802,0.2308895737,-0.05221906304
412,1.55965442284e+18,0.2059623003,0.6712793708,0.2621533275
413,1.55965442309e+18,-0.1299573332,0.6294541955,-0.1731708199
414,1.55965442334e+18,-0.03702807799,-0.7885677814,0.124799408
415,1.55965442359e+18,0.08669542521,0.1247594953,-0.2796238661
416,1.55965442384e+18,-0.4302234948,0.5067777634,0.1983141601
417,1.55965442409e+18,0.4372992516,0.1346513629,-0.281331569
418,1.55965442434e+18,-0.4946582019,0.390034169,0.2511417866
419,1.55965442459e+18,0.1411911547,-0.5176910758,-0.1659191251
420,1.55965442484e+18,0.05018032715,0.2264643312,0.07166695595
421,1.55965442509e+18,-0.5698926449,-0.670167923,0.1889144331
422,1.55965442534e+18,-0.1830064505,0.009731159545,-0.1227631867
423,1.55965442559e+18,0.2398931384,0.2232096195,0.6058811545
424,1.55965442584e+18,-0.1568659544,-0.3435734212,0.1538062096
425,1.55965442609e+18,-0.2110900432,0.09025391191,-0.08255119622
426,1.55965442634e+18,0.1517957449,-0.1444949508,-0.3285543025
427,1.55965442659e+18,-0.2894127369,0.417671293,0.2738812566
428,1.55965442684e+18,0.06545273215,-0.9900801182,0.3621035516
429,1.55965442709e+18,0.6610839963,-0.6448564529,-0.4447496235
430,1.55965442734e+18,-0.3147969842,1.532868266,0.1710667014
431,1.55965442759e+18,-0.04084521532,-0.6036794186,-0.1880963445
432,1.55965442783e+18,-0.1621115357,0.2058523446,-0.1763179004
433,1.55965442808e+18,0.1925114542,-0.4076775014,-0.4904484451
434,1.55965442833e+18,-0.3610711396,-0.1361766607,-0.09674017876
435,1.55965442858e+18,-0.04925334826,-0.4085267484,-0.1564619839
436,1.55965442883e+18,-0.1909320503,0.3719961941,-0.1348586231
437,1.55965442908e+18,-0.195515424,-0.3127040565,0.188613534
438,1.55965442933e+18,0.1063980013,-0.7777245045,-0.1744097322
439,1.55965442958e+18,0.2125787735,0.4525959194,0.1084443629
440,1.55965442983e+18,-0.2412635833,0.1325603276,-0.04708492011
441,1.55965443008e+18,-0.2921670675,0.2063266933,0.1137875319
442,1.55965443033e+18,-0.08441238105,-0.2412361354,-0.1825533658
443,1.55965443058e+18,0.0542242974,0.4941212535,0.09785430878
444,1.55965443083e+18,0.09103845805,0.2016652822,-0.4529921114
445,1.55965443108e+18,-0.2759590745,-0.5239835382,0.8425148129
446,1.55965443133e+18,0.2755095959,-0.6831384897,0.3760880828
447,1.55965443158e+18,-0.3126506209,0.2028502375,-0.2589791715
448,1.55965443183e+18,-0.03592348471,0.1846562028,0.00241644308
449,1.55965443208e+18,-0.5135252476,0.487917304,0.3897104561
450,1.55965443233e+18,-0.1755580157,-0.4973840415,0.557546556
451,1.55965443258e+18,-0.144474566,-0.03137453645,-0.09918242693
452,1.55965443283e+18,-0.2088411152,0.276479125,0.04024295509
453,1.55965443308e+18,0.002297711093,0.2392101288,-0.4000235498
454,1.55965443333e+18,0.2665534019,0.2190406173,-0.1548527628
455,1.55965443358e+18,0.2078690231,-0.4193278849,-0.2412473261
456,1.55965443383e+18,0.2022559941,0.2410710603,0.3277062178
457,1.55965443407e+18,0.2695399225,0.5047415495,-0.2941757441
458,1.55965443432e+18,-0.37176162,0.236821577,-0.201871708
459,1.55965443457e+18,-0.06777679175,-0.302107662,0.1942505538
460,1.55965443482e+18,-0.1443069279,-0.3043196499,0.01113867667
461,1.55965443507e+18,0.1903788298,0.1088066772,0.100543499
462,1.55965443532e+18,-0.2409064174,-0.05364394933,-0.08426094055
463,1.55965443557e+18,-0.211883381,0.4658591151,0.4345472753
464,1.55965443582e+18,0.3678367436,-0.6641404629,-0.6397596002
465,1.55965443607e+18,-0.4590086043,0.2452874631,0.3901508749
466,1.55965443632e+18,0.2915171385,-0.166067943,-0.3097918332
467,1.55965443657e+18,-0.2664837241,0.1880600601,0.4513474405
468,1.55965443682e+18,0.3919361532,-0.1511891335,-0.04848994315
469,1.55965443707e+18,0.069977507,-0.05974252522,-0.1668790877
470,1.55965443732e+18,0.2487107366,0.3518630862,0.2931650579
471,1.55965443757e+18,-0.2401913255,0.3088174462,-0.2933914959
472,1.55965443782e+18,-0.2876551747,0.399900347,0.01796429418
473,1.55965443807e+18,-0.2976045907,-0.3330945075,0.2510009408
474,1.55965443832e+18,0.04040640593,-0.2353517413,-0.3577529788
475,1.55965443857e+18,-0.2779068351,0.6253436208,0.281968832
476,1.55965443882e+18,-0.3344165981,-0.4649072289,-0.2184946239
477,1.55965443907e+18,0.1615190804,-0.2299866378,0.2668234706
478,1.55965443932e+18,0.06556900591,-0.233623445,-0.2411090434
479,1.55965443957e+18,-0.1758806705,0.4018064737,0.2615049183
480,1.55965443982e+18,0.7652465701,0.1640254259,-0.115023613
481,1.55965444007e+18,-0.3499353528,0.2866345048,0.2603461444
482,1.55965444031e+18,0.1414160579,-0.04715161398,-0.1455888152
483,1.55965444056e+18,0.00353505509,-0.3677297831,-0.07091955096
484,1.55965444081e+18,0.2844557762,0.3537901342,-0.03708165511
485,1.55965444106e+18,-0.02677090466,0.1214246154,0.08640389144
486,1.55965444131e+18,-0.03417999297,0.04723481089,0.2602716088
487,1.55965444156e+18,0.04165185988,-0.380030781,-0.1887982339
488,1.55965444181e+18,0.09340204298,0.4136327505,-0.0377054289
489,1.55965444206e+18,-0.153868556,0.3775669038,-0.06937685609
490,1.55965444231e+18,-0.197241202,0.1644735634,0.08119660616
491,1.55965444256e+18,0.01492036134,-0.4854588509,-0.09043438733
492,1.55965444281e+18,-0.07464423031,0.2279340923,0.5759704709
493,1.55965444306e+18,-0.2144864351,0.1444436908,0.02349085361
494,1.55965444331e+18,-0.2185391188,0.3962732255,0.1370196044
495,1.55965444356e+18,-0.3192295134,-0.1592900455,-0.07232309133
496,1.55965444381e+18,-0.1969082057,0.2089028955,0.08081287891
497,1.55965444406e+18,-0.2262348533,-0.5033345819,0.06156399474
498,1.55965444431e+18,0.1880526096,0.1465311348,-0.1772279292
499,1.55965444456e+18,-0.2164894789,0.0013913,-0.3083449006
500,1.55965444481e+18,0.07274528593,0.3488640189,0.3901231587
501,1.55965444506e+18,-0.08997624367,-0.09927560389,-0.05392710865
502,1.55965444531e+18,-0.03445789218,0.07447616756,-0.179056406
503,1.55965444556e+18,-0.1269535422,0.1571477801,0.2349865437
504,1.55965444581e+18,0.4483095407,-0.8662670851,-0.08238206804
505,1.55965444606e+18,-0.043581862,0.07286325842,0.06781198084
506,1.55965444631e+18,0.4216662049,0.2337951958,-0.4816212356
507,1.55965444655e+18,-0.7451532483,0.2823959589,0.03637032956
508,1.5596544468e+18,0.1500270069,-0.4959487319,0.05051499605
509,1.55965444705e+18,-0.4417725801,0.2207121253,-0.2819197774
510,1.5596544473e+18,-0.1019210666,0.7856575251,-0.003742896952
511,1.55965444755e+18,-0.1664431691,0.1315749437,0.09074133635
512,1.5596544478e+18,-0.2223518193,-0.4279918969,0.1367007643
513,1.55965444805e+18,-0.009428438731,0.2305115759,-0.4200903475
514,1.5596544483e+18,-0.1041956022,0.03464519605,0.4007808864
515,1.55965444855e+18,0.7939072251,-0.3987254202,-0.003274850547
516,1.5596544488e+18,-0.2144177258,0.04474296048,-0.04187095165
517,1.55965444905e+18,0.4351507425,-0.2391533405,-0.3283684552
518,1.5596544493e+18,-0.1511536539,-0.1540483981,0.09606315196
519,1.55965444955e+18,0.07428149134,-0.3120786846,-0.4193702638
520,1.5596544498e+18,-0.5960564613,0.481161207,0.1413895339
521,1.55965445005e+18,-0.05264986679,0.07960533351,0.07569056749
522,1.5596544503e+18,-0.1758526862,-0.5626462102,-0.0708887279
523,1.55965445055e+18,0.2959649861,0.1191537529,0.1280832589
524,1.5596544508e+18,0.04959665984,0.4104171991,0.2550856471
525,1.55965445105e+18,-0.2380227745,-0.1820393801,-0.3092091084
526,1.5596544513e+18,-0.09163504839,-0.1672454178,0.02423870936
527,1.55965445155e+18,0.4241728187,-0.2569336295,0.2522575855
528,1.5596544518e+18,-0.3007612526,0.4003044367,-0.03011249751
529,1.55965445205e+18,0.3080753386,0.004221416079,-0.2811878026
530,1.5596544523e+18,-0.1068526134,0.4783335924,0.3759360015
531,1.55965445255e+18,0.1996018589,-0.1150069684,-0.232478559
532,1.55965445279e+18,-0.2557769716,-0.895385623,-0.08695459366
533,1.55965445304e+18,-0.1888447106,0.5446360111,-0.2709418237
534,1.55965445329e+18,-0.6996946931,-0.006327236071,0.3544440269
535,1.55965445354e+18,0.4087773561,-0.5354732871,-0.02849379182
536,1.55965445379e+18,-0.2287485301,0.4041310251,0.03778561577
537,1.55965445404e+18,0.1139336452,-0.3477390409,0.1486284733
538,1.55965445429e+18,-0.1888505071,-0.3117514849,-0.1274477541
539,1.55965445454e+18,-0.009517870843,-0.640827179,0.2463846505
540,1.55965445479e+18,0.2364287674,0.3107691109,-0.1354053319
541,1.55965445504e+18,-0.6682981849,0.0738805607,0.4454754889
542,1.55965445529e+18,1.405637622,-1.290008187,-0.3048894703
543,1.55965445554e+18,0.009133150801,-0.2845343649,0.1879105866
544,1.55965445579e+18,0.5167717934,-0.3025631905,-0.2418425381
545,1.55965445604e+18,-0.02116033062,0.9078648686,0.1518463343
546,1.55965445629e+18,-0.1754809767,0.09043460339,-0.1530099958
547,1.55965445654e+18,-0.3285498023,0.04805688933,-0.03671772033
548,1.55965445679e+18,0.5025264621,-0.1954420209,0.06605360657
549,1.55965445704e+18,0.2528909743,-0.1712875813,0.2764170468
550,1.55965445729e+18,-0.09584987164,0.5112029314,-0.08943706006
551,1.55965445754e+18,-0.2309847474,-0.03724750876,-0.1042346209
552,1.55965445779e+18,0.3096067905,0.06821321696,-0.3237240016
553,1.55965445804e+18,0.007911464199,-0.3865572214,-0.09168593585
554,1.55965445829e+18,0.1104572117,-0.04003532231,0.1032917798
555,1.55965445854e+18,-0.4242146611,0.2160397917,-0.01515362784
556,1.55965445879e+18,-0.1748171598,-0.6654823422,0.1167369932
557,1.55965445903e+18,0.1341774613,0.3190044761,-0.3559550345
558,1.55965445928e+18,0.5177545547,-0.3063824177,0.1494303048
559,1.55965445953e+18,0.07170772552,-0.3847361505,-0.2252042145
560,1.55965445978e+18,0.1312561184,-0.1257311404,-0.4104912877
561,1.55965446003e+18,0.407730639,0.2167284191,0.09776516259
562,1.55965446028e+18,0.1142683476,0.007044921629,0.07798022777
563,1.55965446053e+18,-0.2774610817,-0.3825877607,0.1809534729
564,1.55965446078e+18,-0.2090368867,0.222982347,-0.1650633812
565,1.55965446103e+18,0.4871142805,-0.5292667747,-0.2006501108
566,1.55965446128e+18,0.06981156766,0.5712541342,0.1128697246
567,1.55965446153e+18,0.1630072147,-0.1836160123,0.07832183689
568,1.55965446178e+18,0.07138965279,0.4259708524,-0.2580904067
569,1.55965446203e+18,-0.8396447897,0.273132354,0.292307049
570,1.55965446228e+18,0.4718985856,-1.238541722,-0.04407645762
571,1.55965446253e+18,-0.4119735956,0.7053147554,0.3003856242
572,1.55965446278e+18,0.9619051218,0.2529807091,0.1019761488
573,1.55965446303e+18,-0.0824656859,0.4208080471,-0.0349111259
574,1.55965446328e+18,-0.4207437634,0.3312089741,-0.02413593791
575,1.55965446353e+18,0.06065737084,-0.5921008587,-0.05981102586
576,1.55965446378e+18,-0.1384780854,-0.6552911997,0.09978969395
577,1.55965446403e+18,0.3508616984,0.8900450468,-0.1347906291
578,1.55965446428e+18,-0.4440375566,0.5711898208,0.2275806367
579,1.55965446453e+18,0.08221296221,-1.32482779,-0.06673832238
580,1.55965446478e+18,-0.3065758646,-0.3619114757,0.2048769146
581,1.55965446503e+18,1.114185691,-0.6340124011,-1.366913915
582,1.55965446527e+18,-0.06640530378,0.6856216788,0.9428171515
583,1.55965446552e+18,-0.4990998507,0.1371531487,-0.007601579651
584,1.55965446577e+18,-0.1708241701,0.04093096778,-0.2977421582
585,1.55965446602e+18,-0.1707991809,-0.6796078682,-0.2046809494
586,1.55965446627e+18,0.3546676934,0.6413149834,-0.423081249
587,1.55965446652e+18,-0.8260822892,-0.000363801606,1.168570161
588,1.55965446677e+18,0.2435204685,-1.029606223,0.236103341
589,1.55965446702e+18,-0.1950822324,0.8043861389,-0.6861317754
590,1.55965446727e+18,-0.4238498509,-0.6460860372,0.4979871511
591,1.55965446752e+18,0.1204592288,-0.8418227434,0.03505864367
592,1.55965446777e+18,-0.2328398824,1.543377519,-0.3192456067
593,1.55965446802e+18,-0.05596623197,0.05135672539,0.4611358941
594,1.55965446827e+18,0.1583995223,-0.278511107,-0.3066595197
595,1.55965446852e+18,-0.1108047068,-0.01087353751,-0.3511866927
596,1.55965446877e+18,0.1283436865,-0.1615868807,0.09736578912
597,1.55965446902e+18,-0.1005632058,0.1404420882,0.1442896426
598,1.55965446927e+18,-0.003814002732,0.05213322863,-0.2513617873
599,1.55965446952e+18,-0.03593097255,-0.6591048241,-0.01588140614
600,1.55965446977e+18,0.3194065988,0.2177079469,-0.270188272
601,1.55965447002e+18,0.02818546444,0.2849732935,0.5305765271
602,1.55965447027e+18,-0.1073182821,0.2046006322,0.08099737018
603,1.55965447052e+18,0.1254471689,0.4524252117,0.0455173254
604,1.55965447077e+18,0.1112414598,-0.3529548347,-0.1958892345
605,1.55965447102e+18,0.2222745121,-0.04870852083,-0.1802994907
606,1.55965447127e+18,0.3022043705,1.719073296,0.2083720267
607,1.55965447151e+18,0.8350337148,-0.0006407285109,-0.9377025366
608,1.55965447176e+18,0.7673296928,0.007781500928,-0.6534509659
609,1.55965447201e+18,-0.05373219028,1.161951423,0.4249140322
610,1.55965447226e+18,-0.2000413686,1.108116865,-0.336279273
611,1.55965447251e+18,-0.7447897792,1.0574193,-0.3848594129
612,1.55965447276e+18,-0.6474283934,-0.5107557774,-0.1756822169
613,1.55965447301e+18,0.4038591385,-1.015758753,0.02630955353
614,1.55965447326e+18,0.8172164559,0.9186794162,0.4028651416
615,1.55965447351e+18,-0.03084511682,0.2025704086,0.2384937555
616,1.55965447376e+18,0.8621633053,0.9585480094,-0.09179152548
617,1.55965447401e+18,-0.7612218261,0.3800575435,-0.3794022202
618,1.55965447426e+18,-0.01242465526,-0.6144887805,-0.1788785011
619,1.55965447451e+18,1.655138373,0.1121975183,-0.3806340098
620,1.55965447476e+18,-0.4796437323,0.685567379,0.05915899947
621,1.55965447501e+18,0.3165140748,-0.4573090672,0.09709753841
622,1.55965447526e+18,0.06652140617,0.365757972,0.6971726418
623,1.55965447551e+18,0.0528196767,-0.1674511433,-0.2185466439
624,1.55965447576e+18,-0.04383123666,-0.7886211872,-0.3245494962
625,1.55965447601e+18,0.1720916629,0.2209451497,0.281222254
626,1.55965447626e+18,0.73349756,0.02204732597,0.09611225128
627,1.55965447651e+18,-0.1545456052,0.267562896,-0.1536313444
628,1.55965447676e+18,-0.00391115807,-0.1444694102,0.2064408213
629,1.55965447701e+18,0.1489012837,-0.1734726429,-0.1789263934
630,1.55965447726e+18,0.1266267896,0.5201735497,0.157344833
631,1.55965447751e+18,0.1035493314,0.4594963789,-0.15436396
632,1.55965447775e+18,-0.3074675202,-0.02359354869,-0.2101482451
633,1.559654478e+18,-0.2859567702,-0.3863706887,0.2478454709
634,1.55965447825e+18,0.2270900905,-0.3629945219,-0.2174656987
635,1.5596544785e+18,-0.1345319301,0.3724188805,0.1389583945
636,1.55965447875e+18,-0.001427521929,-0.2173541486,0.00777129503
637,1.559654479e+18,0.2985362411,0.1983474344,-0.2018063217
638,1.55965447925e+18,-0.1985598952,-0.2853085995,0.2502705753
639,1.5596544795e+18,0.3776734471,-0.4197100103,-0.1511589289
640,1.55965447975e+18,0.2034768611,0.5768332481,-0.002070250921
641,1.55965448e+18,0.1638453901,-0.1013191417,0.02280052938
642,1.55965448025e+18,0.05385568738,0.2661435902,-0.01428494882
643,1.5596544805e+18,-0.3803461492,0.3293249011,0.04983290285
644,1.55965448075e+18,0.02272023819,-0.6416176558,-0.1645176709
645,1.559654481e+18,0.1286024153,0.1330973506,0.04954107106
646,1.55965448125e+18,0.5287325978,-0.302639097,-0.3167209923
647,1.5596544815e+18,0.1340980232,0.5374410152,0.2524864376
648,1.55965448175e+18,0.1174498796,0.0346217528,-0.06788662076
649,1.559654482e+18,0.2002658397,-0.160302341,-0.1109583676
650,1.55965448225e+18,-0.08617706597,0.7605219483,0.169655472
651,1.5596544825e+18,-0.06304594129,0.2162349671,-0.1941413879
652,1.55965448275e+18,-0.7170527577,-0.04734281451,0.160165444
653,1.559654483e+18,0.3006728888,-0.583948791,-0.1193057597
654,1.55965448325e+18,0.3586908579,0.5477538705,-0.1016844511
655,1.5596544835e+18,0.05319738016,0.2515558004,0.3120787144
656,1.55965448375e+18,-0.1600188762,0.2936707735,-0.257545948
657,1.55965448399e+18,-0.3677227497,-0.2654853463,0.1849497408
658,1.55965448424e+18,0.04864252731,-0.4055532515,-0.3647873998
659,1.55965448449e+18,-0.3199087679,0.7768580317,0.1766868085
660,1.55965448474e+18,0.2839413881,-0.4508337677,0.3696650267
661,1.55965448499e+18,-0.8091878891,0.9513121247,-0.2938820422
662,1.55965448524e+18,0.04408402741,-0.1835441589,-0.007703431882
663,1.55965448549e+18,0.4075303674,0.0789321512,-0.0420647487
664,1.55965448574e+18,-0.0994323194,0.1315331906,0.3132815361
665,1.55965448599e+18,-0.001554127783,0.02171065658,-0.3708001971
666,1.55965448624e+18,-0.319486171,-0.3706432283,-0.1099334955
667,1.55965448649e+18,-0.06688643992,-0.1502184868,-0.1324411035
668,1.55965448674e+18,-0.1283066869,-0.5275506377,0.09312051535
669,1.55965448699e+18,0.08262679726,-0.6009263396,-0.262105912
670,1.55965448724e+18,-0.1586700678,0.3186418414,0.002170161344
671,1.55965448749e+18,-0.3564487398,0.4039268792,0.2165963948
672,1.55965448774e+18,0.09712471068,-1.207699776,-0.2391905189
673,1.55965448799e+18,-0.01668590121,0.124896504,0.07954412699
674,1.55965448824e+18,0.3104836345,-0.07563642412,-0.178998515
675,1.55965448849e+18,0.01613730192,0.250949353,0.3152348101
676,1.55965448874e+18,0.208340466,-0.2842463255,-0.08429384977
677,1.55965448899e+18,0.1725196242,0.1278874427,-0.05294631049
678,1.55965448924e+18,0.1461644024,0.1597310752,0.08434028924
679,1.55965448949e+18,-0.1304775625,0.2224913538,-0.05482318625
680,1.55965448974e+18,-0.0242597349,-0.162071988,0.1523040533
681,1.55965448999e+18,0.1856686026,-0.09267406166,-0.2482262552
682,1.55965449024e+18,-0.1208885238,0.2172139734,0.2485180646
683,1.55965449048e+18,0.2564081252,0.1603767425,-0.2114869654
684,1.55965449073e+18,-0.3303166628,0.0936492309,0.1531732678
685,1.55965449098e+18,-0.03626038507,-0.5083479285,-0.1572102308
686,1.55965449123e+18,0.0173380468,0.3282724619,0.08467758447
687,1.55965449148e+18,0.2212292701,-0.1581136435,-0.0001263087615
688,1.55965449173e+18,-0.172255069,0.2464342713,0.02117836103
689,1.55965449198e+18,-0.2165167481,-0.2490232885,0.1583157331
690,1.55965449223e+18,0.04927713424,-0.1653723717,-0.152351588
691,1.55965449248e+18,0.0832734853,0.1077372506,0.1574567556
692,1.55965449273e+18,0.05932047963,-0.1321421862,-0.1930317432
693,1.55965449298e+18,-0.1670240462,0.2593075037,0.1931779683
694,1.55965449323e+18,0.2701267898,-0.5059340596,-0.2441044897
695,1.55965449348e+18,-0.004432481714,0.1962623894,0.08261935413
696,1.55965449373e+18,0.04391432554,0.2726134956,0.03626094013
697,1.55965449398e+18,-0.06333499402,0.2000340968,-0.01266297884
698,1.55965449423e+18,1.129044771,-1.201984525,0.2318495661
699,1.55965449448e+18,0.2263554186,-0.5592473745,-0.2576371729
700,1.55965449473e+18,-0.5076476336,-0.03668602183,0.4074155688
701,1.55965449498e+18,-0.0715168491,-0.07689610869,-0.2124458998
702,1.55965449523e+18,-0.2735149562,0.06858298182,0.02218510211
703,1.55965449548e+18,-0.240026623,-0.2671842575,-0.0966077745
704,1.55965449573e+18,0.1971322596,-0.2482757419,0.04679075256
705,1.55965449598e+18,0.2253299952,0.3110336959,0.008772623725
706,1.55965449623e+18,-0.3794757426,0.3939945102,0.04306628555
707,1.55965449648e+18,-0.2988544405,-0.1331066638,0.2511229217
708,1.55965449673e+18,0.1138752699,-0.5895398259,-0.3630904555
709,1.55965449697e+18,-0.2209501415,0.2888804376,0.1419684589
710,1.55965449722e+18,-0.2493461519,-0.3016946912,-0.07076954842
711,1.55965449747e+18,-0.4554159045,0.07391184568,0.1682489216
712,1.55965449772e+18,0.02748396993,-0.6558963656,0.04294735938
713,1.55965449797e+18,0.09728808701,-0.02397697791,-0.1860562563
714,1.55965449822e+18,-0.1898380965,0.1292656213,0.3850606978
715,1.55965449847e+18,-0.2789388299,0.489002198,-0.04503203928
716,1.55965449872e+18,-0.3176247478,-0.4760745764,0.2913374305
717,1.55965449897e+18,0.4471168816,-0.5777444243,-0.2546594441
718,1.55965449922e+18,-0.04201802984,-0.2240315825,0.07946975529
719,1.55965449947e+18,-0.1842802614,-0.3905165493,0.1123826131
720,1.55965449972e+18,-0.3664717674,-0.09211888164,-0.1074635237
721,1.55965449997e+18,-0.226717338,-0.5150839686,0.06670480967
722,1.55965450022e+18,0.231440112,-0.3295063972,-0.3122329116
723,1.55965450047e+18,0.08730080724,-0.4702520072,0.01551873609
724,1.55965450072e+18,0.1751959473,0.1826989949,-0.3405684531
725,1.55965450097e+18,-0.6817176342,-0.4369699061,0.313749373
726,1.55965450122e+18,0.3340342641,-0.8239515424,0.08746409416
727,1.55965450147e+18,-0.07347874343,-0.2584733665,-0.4157922864
728,1.55965450172e+18,0.3547202349,-0.8513536453,0.161436379
729,1.55965450197e+18,-0.2674375176,0.7954301238,0.3645994067
730,1.55965450222e+18,0.1722983271,-1.137361407,-0.2285258323
731,1.55965450247e+18,0.08234210312,0.5809060335,0.1591703743
732,1.55965450272e+18,-0.4334955812,0.231603384,-0.1222913414
733,1.55965450297e+18,-0.03960452601,-1.271063566,-0.3754613101
734,1.55965450321e+18,0.3172215819,0.2192977965,0.05135409907
735,1.55965450346e+18,-0.02742709778,0.3496993482,-0.04300726578
736,1.55965450371e+18,0.383623153,-0.2193470001,0.2947459221
737,1.55965450396e+18,0.4446917474,0.3067869544,-0.005827920511
738,1.55965450421e+18,0.1609538198,-0.09819985181,-0.2047428489
739,1.55965450446e+18,0.1094340235,-0.01468368433,0.1462245584
740,1.55965450471e+18,-0.250108391,0.3196384311,-0.1274566352
741,1.55965450496e+18,-0.5371812582,-0.3507650197,-0.2810889482
742,1.55965450521e+18,0.5838934183,-0.4953097403,0.204236567
743,1.55965450546e+18,-0.1332528144,0.1949550062,-0.3401386142
744,1.55965450571e+18,0.1044194996,-0.2414882779,0.3855757117
745,1.55965450596e+18,0.4566187859,-0.2791161537,-0.169317469
746,1.55965450621e+18,-0.05033236742,0.2978120446,-0.06110635027
747,1.55965450646e+18,0.05928134918,0.5352152586,0.6314477324
748,1.55965450671e+18,-0.008598966524,0.003078526817,-0.06171698123
749,1.55965450696e+18,0.1648318917,-0.1140546203,0.07482299954
750,1.55965450721e+18,0.1562297344,0.4596482813,-0.2811284065
751,1.55965450746e+18,-0.2738174796,0.1603362113,0.3084615171
752,1.55965450771e+18,-0.2338012755,-0.04771834984,0.3231608868
753,1.55965450796e+18,0.03803842515,-0.1757162809,-0.4129476547
754,1.55965450821e+18,-0.5122767687,-0.2257291228,-0.3111670017
755,1.55965450846e+18,-0.1126700044,-0.2948569953,0.1113128513
756,1.55965450871e+18,-0.2052957267,0.08996863663,0.06951977313
757,1.55965450896e+18,-0.2116206139,-0.3175677359,-0.06404940784
758,1.55965450921e+18,-0.2784252465,0.2309586257,-0.1844608039
759,1.55965450946e+18,-0.537496686,-0.6416726708,0.3022947907
760,1.5596545097e+18,0.03955329582,-1.22362113,-0.454233259
761,1.55965450995e+18,-0.3356444836,0.9531987309,0.1306138635
762,1.5596545102e+18,0.04488620535,-0.554037571,0.4148376584
763,1.55965451045e+18,0.2189857513,-0.3920653462,-0.356074661
764,1.5596545107e+18,0.0589768067,0.7083209753,0.02415263653
765,1.55965451095e+18,0.1800423265,0.1084947288,-0.3559598923
766,1.5596545112e+18,-0.6489624977,-0.1093170643,0.4847512841
767,1.55965451145e+18,0.3710590899,-0.5424149036,0.1391932219
768,1.5596545117e+18,0.3699437082,-0.12849769,-0.2898497581
769,1.55965451195e+18,0.3277779222,0.5616175532,0.23556225
770,1.5596545122e+18,-0.03862749785,-0.1564563215,0.02912372723
771,1.55965451245e+18,-0.3203213513,0.1842131466,0.2257917225
772,1.5596545127e+18,0.1003587022,-0.1402464509,-0.2229382992
773,1.55965451295e+18,-0.12925753,-0.5721062422,-0.1076884493
774,1.5596545132e+18,0.3038637042,0.1055335924,0.116963923
775,1.55965451345e+18,0.1751968414,-0.3851090372,-0.3788635433
776,1.5596545137e+18,-0.4181138575,0.2442938089,0.321733743
777,1.55965451395e+18,-0.09513504058,-0.6814974546,-0.2868969738
778,1.5596545142e+18,0.2039103359,0.03690328449,-0.1733959317
779,1.55965451445e+18,-0.2136525959,0.8301277757,0.1051041186
780,1.5596545147e+18,0.01854969561,0.4793388844,0.0336481519
781,1.55965451495e+18,-0.5177516341,0.1124954373,0.1674949825
782,1.5596545152e+18,-0.2676788568,-0.3451174498,-0.1666532606
783,1.55965451545e+18,0.1026140451,-0.2669368088,-0.04372676462
784,1.5596545157e+18,0.0006038686261,0.4441172481,-0.1203683689
785,1.55965451595e+18,-0.306022495,0.2236424387,0.2475222349
786,1.55965451619e+18,-0.217222929,-0.01868570223,0.2479891777
787,1.55965451644e+18,0.4142809808,-0.3075715601,-0.6041568518
788,1.55965451669e+18,0.1014991403,0.2897872627,0.1162408814
789,1.55965451694e+18,0.1142433211,-0.01851665974,-0.2012019753
790,1.55965451719e+18,-0.1966519207,0.217822656,-0.2778662145
791,1.55965451744e+18,0.109761931,-0.09241405874,0.06428557634
792,1.55965451769e+18,-0.006895522587,-0.04623636976,0.1265961826
793,1.55965451794e+18,-0.04520580173,0.2632213831,0.2190526575
794,1.55965451819e+18,0.02900035679,-0.07449766994,-0.1306630969
795,1.55965451844e+18,0.2609103322,0.8922482729,-0.1365403831
796,1.55965451869e+18,0.1342220008,0.03694259375,-0.07557885349
797,1.55965451894e+18,0.04991241544,1.094923496,-0.01946326718
798,1.55965451919e+18,-0.5317053795,0.003406294622,-0.0525024198
799,1.55965451944e+18,0.3540222049,0.5125414729,-0.2046780139
800,1.55965451969e+18,-0.3728373349,0.5687832236,0.234854728
801,1.55965451994e+18,-0.003208345734,-0.2201373279,0.1284307241
802,1.55965452019e+18,-0.2799087167,0.009527415037,-0.3023662269
803,1.55965452044e+18,-0.4651506841,-0.3376801014,0.6061261296
804,1.55965452069e+18,0.3087405264,-1.803803444,-0.0845670253
805,1.55965452094e+18,-0.3790707588,0.3640639484,0.00493708672
806,1.55965452119e+18,-0.2395570725,0.1417219788,0.05513234437
807,1.55965452144e+18,0.00170789985,-0.9805862904,-0.0704344213
808,1.55965452169e+18,0.8077235222,-0.1330004483,-0.2250507325
809,1.55965452194e+18,-0.2272890359,0.1172698289,0.3273715377
810,1.55965452219e+18,-0.4393615425,0.6263085008,-0.1057594642
811,1.55965452244e+18,-0.1812090874,-1.18735218,-0.04035036266
812,1.55965452268e+18,1.044566393,-0.4958486557,-0.3585490286
813,1.55965452293e+18,-0.3466989696,0.6850970984,0.4323978722
814,1.55965452318e+18,0.7380820513,-0.0005945963785,0.3169440925
815,1.55965452343e+18,0.1322599649,-2.549426794,-1.386094332
816,1.55965452368e+18,0.6507300138,1.058351874,0.105888918
817,1.55965452393e+18,4.26733017,1.545498252,-3.162038326
818,1.55965452418e+18,0.279055506,2.942592859,-1.210976601
819,1.55965452443e+18,1.55534339,3.261909008,-2.012372017
820,1.55965452468e+18,-1.106251836,-1.144665122,-0.7827896476
821,1.55965452493e+18,-1.137161851,-0.5253416896,0.6499000788
822,1.55965452518e+18,-0.5556627512,0.8425468802,-0.4287887216
823,1.55965452543e+18,0.8057274222,0.6453230977,-0.04595058784
824,1.55965452568e+18,0.2099225074,0.3373833001,0.08529458195
