"Time (s)","Latitude (째)","Longitude (째)","Height (m)","Velocity (m/s)","Direction (째)","Horizontal Accuracy (m)","Vertical Accuracy (째)"
0.000000000E0,5.233497266E1,4.868189513E0,-3.002180099E0,-1.000000000E0,-1.000000000E0,1.372825991E2,1.372825991E2
3.570789099E-1,5.233504812E1,4.868611740E0,-3.028253078E0,-1.000000000E0,-1.000000000E0,6.500000000E1,6.500000000E1
1.124085903E0,5.233494970E1,4.868501890E0,2.587514877E1,2.220000029E0,1.167187500E2,5.000000000E1,5.000000000E1
1.651546001E0,5.233494052E1,4.868531730E0,2.547274399E1,2.220000029E0,1.167187500E2,5.000000000E1,5.000000000E1
2.668198943E0,5.233497991E1,4.868394434E0,1.600075912E1,2.220000029E0,6.152343750E1,1.000000000E1,1.000000000E1
3.760930777E0,5.233498176E1,4.868388735E0,1.256984711E0,2.220000029E0,1.125000000E2,1.000000000E1,1.000000000E1
4.760945439E0,5.233497325E1,4.868401224E0,1.634548187E0,1.330000043E0,9.457031250E1,1.000000000E1,1.000000000E1
5.760957122E0,5.233496495E1,4.868414802E0,2.454921722E0,1.080000043E0,9.035156250E1,1.000000000E1,1.000000000E1
6.760966420E0,5.233496378E1,4.868432991E0,3.680934906E0,1.350000024E0,6.890625000E1,1.000000000E1,1.000000000E1
7.760980606E0,5.233496533E1,4.868444894E0,3.139247894E0,1.279999971E0,5.238281250E1,1.000000000E1,1.000000000E1
8.760992885E0,5.233497011E1,4.868452018E0,3.571926117E0,1.279999971E0,3.480468750E1,1.000000000E1,1.000000000E1
9.761004806E0,5.233497467E1,4.868452689E0,3.570034027E0,9.499999881E-1,2.882812500E1,1.000000000E1,1.000000000E1
1.076102114E1,5.233497849E1,4.868453024E0,3.662502289E0,9.499999881E-1,4.675781250E1,1.000000000E1,1.000000000E1
1.176103568E1,5.233498155E1,4.868452856E0,4.091213226E0,7.799999714E-1,4.359375000E1,1.000000000E1,1.000000000E1
1.276104796E1,5.233498247E1,4.868449755E0,4.613491058E0,1.899999976E-1,1.655859375E2,1.000000000E1,1.000000000E1
1.376105809E1,5.233498247E1,4.868449755E0,4.576747894E0,0.000000000E0,3.093750000E2,1.000000000E1,1.000000000E1
1.476106763E1,5.233498247E1,4.868449755E0,4.422756195E0,0.000000000E0,1.230468750E2,1.000000000E1,1.000000000E1
1.576107514E1,5.233498247E1,4.868449755E0,4.741664886E0,0.000000000E0,8.894531250E1,1.000000000E1,1.000000000E1
1.676108420E1,5.233497979E1,4.868437266E0,4.840908051E0,1.800000072E-1,6.046875000E1,1.000000000E1,1.000000000E1
1.776109076E1,5.233497979E1,4.868437266E0,4.630092621E0,0.000000000E0,2.710546875E2,1.000000000E1,1.000000000E1
1.876109791E1,5.233497979E1,4.868437266E0,4.522060394E0,0.000000000E0,2.598046875E2,1.000000000E1,1.000000000E1
1.976110351E1,5.233497979E1,4.868437266E0,4.558315277E0,0.000000000E0,2.598046875E2,1.000000000E1,1.000000000E1
2.076110804E1,5.233497979E1,4.868437266E0,4.564907074E0,0.000000000E0,2.598046875E2,1.000000000E1,1.000000000E1
2.176111281E1,5.233497979E1,4.868437266E0,4.822658539E0,0.000000000E0,2.598046875E2,1.000000000E1,1.000000000E1
2.276111662E1,5.233497979E1,4.868437266E0,4.831691742E0,0.000000000E0,2.598046875E2,1.000000000E1,1.000000000E1
2.376111937E1,5.233497979E1,4.868437266E0,4.832485199E0,0.000000000E0,2.598046875E2,1.000000000E1,1.000000000E1
2.476112223E1,5.233497979E1,4.868437266E0,4.830898285E0,0.000000000E0,2.598046875E2,1.000000000E1,1.000000000E1
2.576112473E1,5.233497979E1,4.868437266E0,4.761440277E0,0.000000000E0,2.598046875E2,1.000000000E1,1.000000000E1
2.676112711E1,5.233498293E1,4.868428716E0,4.812038422E0,2.099999934E-1,3.030468750E2,1.000000000E1,1.000000000E1
2.776112819E1,5.233498293E1,4.868428716E0,4.890895844E0,0.000000000E0,8.015625000E1,1.000000000E1,1.000000000E1
2.876112962E1,5.233498293E1,4.868428716E0,5.186550140E0,0.000000000E0,2.053125000E2,1.000000000E1,1.000000000E1
2.976112998E1,5.233498293E1,4.868428716E0,5.224452972E0,0.000000000E0,1.982812500E2,1.000000000E1,1.000000000E1
3.076113033E1,5.233498293E1,4.868428716E0,4.978969574E0,0.000000000E0,2.707031250E1,1.000000000E1,1.000000000E1
3.176113033E1,5.233498293E1,4.868428716E0,4.883144379E0,0.000000000E0,7.171875000E1,1.000000000E1,1.000000000E1
3.276112986E1,5.233498293E1,4.868428716E0,4.695705414E0,0.000000000E0,1.005468750E2,1.000000000E1,1.000000000E1
3.376112914E1,5.233498293E1,4.868428716E0,4.563259125E0,0.000000000E0,1.416796875E2,1.000000000E1,1.000000000E1
3.476112902E1,5.233498293E1,4.868428716E0,4.503505707E0,0.000000000E0,1.416796875E2,1.000000000E1,1.000000000E1
3.576112723E1,5.233498293E1,4.868428716E0,4.529689789E0,0.000000000E0,1.416796875E2,1.000000000E1,1.000000000E1
3.676112556E1,5.233498293E1,4.868428716E0,4.515956879E0,0.000000000E0,1.416796875E2,1.000000000E1,1.000000000E1
3.776112497E1,5.233498293E1,4.868428716E0,4.488368988E0,0.000000000E0,1.416796875E2,1.000000000E1,1.000000000E1
3.876112235E1,5.233498293E1,4.868428716E0,4.469814301E0,0.000000000E0,1.416796875E2,1.000000000E1,1.000000000E1
3.976112032E1,5.233498293E1,4.868428716E0,4.699367523E0,0.000000000E0,1.416796875E2,1.000000000E1,1.000000000E1
4.076111841E1,5.233498293E1,4.868428716E0,4.707485199E0,0.000000000E0,1.416796875E2,1.000000000E1,1.000000000E1
4.176111591E1,5.233498293E1,4.868428716E0,4.614650726E0,0.000000000E0,1.416796875E2,1.000000000E1,1.000000000E1
4.276111376E1,5.233498293E1,4.868428716E0,4.644618988E0,0.000000000E0,1.416796875E2,1.000000000E1,1.000000000E1
4.376111102E1,5.233498293E1,4.868428716E0,4.790431976E0,0.000000000E0,1.416796875E2,1.000000000E1,1.000000000E1
4.476110804E1,5.233498293E1,4.868428716E0,4.883266449E0,0.000000000E0,1.416796875E2,1.000000000E1,1.000000000E1
4.576110506E1,5.233498293E1,4.868428716E0,5.166652679E0,0.000000000E0,1.416796875E2,1.000000000E1,1.000000000E1
4.676110280E1,5.233498293E1,4.868428716E0,5.354824066E0,0.000000000E0,1.416796875E2,1.000000000E1,1.000000000E1
4.776109898E1,5.233498293E1,4.868428716E0,5.147914886E0,0.000000000E0,1.416796875E2,1.000000000E1,1.000000000E1
4.876109648E1,5.233498293E1,4.868428716E0,5.258815765E0,0.000000000E0,1.416796875E2,1.000000000E1,1.000000000E1
4.976109314E1,5.233498293E1,4.868428716E0,5.194484711E0,0.000000000E0,1.416796875E2,1.000000000E1,1.000000000E1
5.076108897E1,5.233498293E1,4.868428716E0,5.321254730E0,0.000000000E0,1.416796875E2,1.000000000E1,1.000000000E1
5.176108611E1,5.233498293E1,4.868428716E0,5.041347504E0,0.000000000E0,1.416796875E2,1.000000000E1,1.000000000E1
5.276108241E1,5.233498293E1,4.868428716E0,5.009548187E0,0.000000000E0,1.416796875E2,1.000000000E1,1.000000000E1
5.376107800E1,5.233498293E1,4.868428716E0,5.010951996E0,0.000000000E0,1.416796875E2,1.000000000E1,1.000000000E1
5.476107478E1,5.233498293E1,4.868428716E0,4.922756195E0,0.000000000E0,1.416796875E2,1.000000000E1,1.000000000E1
5.576107037E1,5.233498293E1,4.868428716E0,4.326442719E0,0.000000000E0,1.416796875E2,1.000000000E1,1.000000000E1
5.676106739E1,5.233498293E1,4.868428716E0,4.300930023E0,0.000000000E0,1.416796875E2,1.000000000E1,1.000000000E1
5.776106298E1,5.233498293E1,4.868428716E0,4.089809418E0,0.000000000E0,2.506640625E2,1.000000000E1,1.000000000E1
5.876105917E1,5.233498553E1,4.868431818E0,4.421596527E0,2.700000107E-1,3.336328125E2,1.000000000E1,1.000000000E1
5.976105511E1,5.233498435E1,4.868425615E0,3.956020355E0,1.899999976E-1,2.742187500E1,1.000000000E1,1.000000000E1
6.076105034E1,5.233498150E1,4.868418491E0,4.191555023E0,3.300000131E-1,1.627734375E2,1.000000000E1,1.000000000E1
6.176104701E1,5.233498150E1,4.868418491E0,3.979091644E0,0.000000000E0,2.387109375E2,1.000000000E1,1.000000000E1
6.276104271E1,5.233497082E1,4.868408097E0,3.629482269E0,3.199999928E-1,1.912500000E2,1.000000000E1,1.000000000E1
6.376103806E1,5.233497136E1,4.868402146E0,3.617336273E0,3.199999928E-1,3.427734375E2,1.000000000E1,1.000000000E1
6.476103365E1,5.233497505E1,4.868397368E0,3.773403168E0,4.099999964E-1,3.375000000E1,1.000000000E1,1.000000000E1
6.576102996E1,5.233497639E1,4.868396530E0,3.695888519E0,4.099999964E-1,3.410156250E1,1.000000000E1,1.000000000E1
6.676102579E1,5.233497639E1,4.868396530E0,4.059597015E0,0.000000000E0,3.466406250E2,1.000000000E1,1.000000000E1
6.776102042E1,5.233497639E1,4.868396530E0,4.227016449E0,0.000000000E0,2.197265625E2,1.000000000E1,1.000000000E1
6.876101685E1,5.233497639E1,4.868396530E0,3.820339203E0,0.000000000E0,2.429296875E2,1.000000000E1,1.000000000E1
6.976101184E1,5.233497639E1,4.868396530E0,3.819606781E0,0.000000000E0,2.418750000E2,1.000000000E1,1.000000000E1
7.076100791E1,5.233495929E1,4.868344311E0,4.002468109E0,1.800000072E-1,2.112890625E2,1.000000000E1,1.000000000E1
7.176100349E1,5.233495929E1,4.868344311E0,4.209255219E0,0.000000000E0,3.385546875E2,1.000000000E1,1.000000000E1
7.276099849E1,5.233495414E1,4.868329223E0,4.035854340E0,1.500000060E-1,6.785156250E1,1.000000000E1,1.000000000E1
7.376099408E1,5.233495414E1,4.868329223E0,4.378017426E0,0.000000000E0,6.046875000E1,1.000000000E1,1.000000000E1
7.476098979E1,5.233495414E1,4.868329223E0,4.069972992E0,0.000000000E0,1.680468750E2,1.000000000E1,1.000000000E1
7.576098466E1,5.233495414E1,4.868329223E0,4.343349457E0,0.000000000E0,3.167578125E2,1.000000000E1,1.000000000E1
7.676098025E1,5.233495414E1,4.868329223E0,4.764308929E0,0.000000000E0,3.167578125E2,1.000000000E1,1.000000000E1
7.776097596E1,5.233495414E1,4.868329223E0,5.061061859E0,0.000000000E0,3.167578125E2,1.000000000E1,1.000000000E1
7.876097155E1,5.233495414E1,4.868329223E0,5.061000824E0,0.000000000E0,3.167578125E2,1.000000000E1,1.000000000E1
7.976096666E1,5.233495414E1,4.868329223E0,4.797634125E0,0.000000000E0,3.167578125E2,1.000000000E1,1.000000000E1
8.076096153E1,5.233495414E1,4.868329223E0,4.826259613E0,0.000000000E0,3.167578125E2,1.000000000E1,1.000000000E1
8.176095724E1,5.233495414E1,4.868329223E0,4.984951019E0,0.000000000E0,3.167578125E2,1.000000000E1,1.000000000E1
8.276095247E1,5.233495414E1,4.868329223E0,5.268032074E0,0.000000000E0,3.167578125E2,1.000000000E1,1.000000000E1
8.376094723E1,5.233495414E1,4.868329223E0,5.210353851E0,0.000000000E0,3.167578125E2,1.000000000E1,1.000000000E1
8.476094210E1,5.233495414E1,4.868329223E0,5.210353851E0,0.000000000E0,3.167578125E2,1.000000000E1,1.000000000E1
8.576093864E1,5.233495414E1,4.868329223E0,5.247035980E0,0.000000000E0,3.167578125E2,1.000000000E1,1.000000000E1
8.676093328E1,5.233495414E1,4.868329223E0,5.374904633E0,0.000000000E0,3.167578125E2,1.000000000E1,1.000000000E1
8.776092851E1,5.233495414E1,4.868329223E0,5.384975433E0,0.000000000E0,3.167578125E2,1.000000000E1,1.000000000E1
8.876092362E1,5.233495414E1,4.868329223E0,5.385158539E0,0.000000000E0,3.167578125E2,1.000000000E1,1.000000000E1
8.976091897E1,5.233495414E1,4.868329223E0,5.344875336E0,0.000000000E0,3.167578125E2,1.000000000E1,1.000000000E1
9.076091468E1,5.233495414E1,4.868329223E0,5.187282562E0,0.000000000E0,3.167578125E2,1.000000000E1,1.000000000E1
9.176090980E1,5.233495414E1,4.868329223E0,5.187221527E0,0.000000000E0,3.167578125E2,1.000000000E1,1.000000000E1
9.276090550E1,5.233495414E1,4.868329223E0,5.365810394E0,0.000000000E0,3.167578125E2,1.000000000E1,1.000000000E1
9.376090026E1,5.233495414E1,4.868329223E0,5.365749359E0,0.000000000E0,3.167578125E2,1.000000000E1,1.000000000E1
9.476089561E1,5.233495414E1,4.868329223E0,4.121913910E0,0.000000000E0,3.167578125E2,1.000000000E1,1.000000000E1
9.576089036E1,5.233495414E1,4.868329223E0,4.121913910E0,0.000000000E0,3.167578125E2,1.000000000E1,1.000000000E1
9.676088607E1,5.233495414E1,4.868329223E0,3.917018890E0,0.000000000E0,3.167578125E2,1.000000000E1,1.000000000E1
9.776088154E1,5.233495414E1,4.868329223E0,3.893764496E0,0.000000000E0,3.459375000E2,1.000000000E1,1.000000000E1
9.876087642E1,5.233495414E1,4.868329223E0,3.742946625E0,0.000000000E0,1.019531250E1,1.000000000E1,1.000000000E1
9.976087177E1,5.233495414E1,4.868329223E0,3.508876801E0,0.000000000E0,2.397656250E2,1.000000000E1,1.000000000E1
1.007608665E2,5.233495414E1,4.868329223E0,3.508266449E0,0.000000000E0,2.397656250E2,1.000000000E1,1.000000000E1
1.017608616E2,5.233495414E1,4.868329223E0,3.687587738E0,0.000000000E0,2.397656250E2,1.000000000E1,1.000000000E1
1.027608565E2,5.233495414E1,4.868329223E0,3.729213715E0,0.000000000E0,2.397656250E2,1.000000000E1,1.000000000E1
1.037608520E2,5.233495414E1,4.868329223E0,3.573085785E0,0.000000000E0,-1.000000000E0,1.000000000E1,1.000000000E1
1.047608469E2,5.233495414E1,4.868329223E0,3.324977875E0,0.000000000E0,-1.000000000E0,1.000000000E1,1.000000000E1
1.057608418E2,5.233495414E1,4.868329223E0,3.245571136E0,0.000000000E0,-1.000000000E0,1.000000000E1,1.000000000E1
1.067608379E2,5.233495414E1,4.868329223E0,3.177028656E0,0.000000000E0,-1.000000000E0,1.000000000E1,1.000000000E1
1.077608325E2,5.233495414E1,4.868329223E0,3.199428558E0,0.000000000E0,-1.000000000E0,1.000000000E1,1.000000000E1
1.087608278E2,5.233495414E1,4.868329223E0,3.199062347E0,0.000000000E0,-1.000000000E0,1.000000000E1,1.000000000E1
1.097608236E2,5.233494018E1,4.868321680E0,3.773097992E0,7.599999905E-1,3.501562500E2,1.000000000E1,1.000000000E1
1.107608186E2,5.233495485E1,4.868320171E0,4.609584808E0,1.299999952E0,9.843750000E0,1.000000000E1,1.000000000E1
1.117608135E2,5.233497300E1,4.868327128E0,4.371120453E0,1.299999952E0,8.789062500E0,1.000000000E1,1.000000000E1
1.127608094E2,5.233498553E1,4.868327882E0,4.040981293E0,1.299999952E0,3.339843750E2,1.000000000E1,1.000000000E1
1.137608029E2,5.233499345E1,4.868322937E0,3.154140472E0,1.539999962E0,3.389062500E2,1.000000000E1,1.000000000E1
1.147607983E2,5.233500954E1,4.868320003E0,3.739345551E0,2.039999962E0,3.469921875E2,1.000000000E1,1.000000000E1
1.157607944E2,5.233502220E1,4.868321680E0,3.490322113E0,2.039999962E0,3.564843750E2,1.000000000E1,1.000000000E1
1.167607893E2,5.233503222E1,4.868324948E0,3.297389984E0,1.039999962E0,4.570312500E0,1.000000000E1,1.000000000E1
1.177607847E2,5.233504022E1,4.868327295E0,2.760402679E0,8.799999952E-1,5.625000000E0,1.000000000E1,1.000000000E1
1.187607796E2,5.233504785E1,4.868330732E0,2.816432953E0,1.009999990E0,3.515625000E0,1.000000000E1,1.000000000E1
1.197607745E2,5.233505765E1,4.868335258E0,3.126003265E0,1.080000043E0,2.109375000E0,1.000000000E1,1.000000000E1
1.207607698E2,5.233506989E1,4.868339868E0,3.072353363E0,1.490000010E0,4.218750000E0,1.000000000E1,1.000000000E1
1.217607653E2,5.233508381E1,4.868344814E0,3.022426605E0,1.480000019E0,6.679687500E0,1.000000000E1,1.000000000E1
1.227607597E2,5.233510078E1,4.868346658E0,3.236293793E0,1.490000010E0,3.867187500E0,1.000000000E1,1.000000000E1
1.237607554E2,5.233511721E1,4.868353028E0,3.811244965E0,1.659999967E0,4.218750000E0,1.000000000E1,1.000000000E1
1.247607508E2,5.233513179E1,4.868357470E0,4.488185883E0,1.409999967E0,3.592968750E2,1.000000000E1,1.000000000E1
1.257607458E2,5.233514545E1,4.868361829E0,4.534999847E0,1.409999967E0,7.734375000E0,1.000000000E1,1.000000000E1
1.267607405E2,5.233515660E1,4.868368953E0,4.836940765E0,1.009999990E0,1.933593750E1,1.000000000E1,1.000000000E1
1.277607358E2,5.233516716E1,4.868373731E0,5.104763031E0,9.100000262E-1,3.505078125E2,1.000000000E1,1.000000000E1
1.287607313E2,5.233517781E1,4.868377754E0,5.199367523E0,7.099999785E-1,3.396093750E2,1.000000000E1,1.000000000E1
1.297607259E2,5.233519172E1,4.868379347E0,5.428798676E0,1.049999952E0,1.371093750E1,1.000000000E1,1.000000000E1
1.307607211E2,5.233520643E1,4.868382281E0,5.588893890E0,1.049999952E0,8.789062500E0,1.000000000E1,1.000000000E1
1.317607163E2,5.233522039E1,4.868386304E0,5.631374359E0,1.009999990E0,5.273437500E0,1.000000000E1,1.000000000E1
1.327607117E2,5.233523439E1,4.868388902E0,5.995754242E0,1.009999990E0,2.812500000E0,1.000000000E1,1.000000000E1
1.337607073E2,5.233524725E1,4.868392004E0,6.342556000E0,1.149999976E0,1.546875000E1,1.000000000E1,1.000000000E1
1.347607014E2,5.233525823E1,4.868395273E0,6.687038422E0,9.300000072E-1,5.976562500E0,1.000000000E1,1.000000000E1
1.357606966E2,5.233527164E1,4.868396781E0,7.097255707E0,1.309999943E0,3.585937500E2,1.000000000E1,1.000000000E1
1.367606920E2,5.233528920E1,4.868396698E0,6.708095551E0,1.309999943E0,3.505078125E2,1.000000000E1,1.000000000E1
1.377606868E2,5.233530609E1,4.868394770E0,7.299770355E0,1.549999952E0,3.557812500E2,1.000000000E1,1.000000000E1
1.387606826E2,5.233532256E1,4.868392088E0,7.418788910E0,1.559999943E0,3.469921875E2,1.000000000E1,1.000000000E1
1.397606777E2,5.233533790E1,4.868387477E0,7.610012054E0,1.250000000E0,3.413671875E2,1.000000000E1,1.000000000E1
1.407606729E2,5.233535219E1,4.868382029E0,7.513515472E0,1.450000048E0,3.434765625E2,1.000000000E1,1.000000000E1
1.417606677E2,5.233536619E1,4.868377754E0,7.306240082E0,1.250000000E0,3.575390625E2,1.000000000E1,1.000000000E1
1.427606624E2,5.233538019E1,4.868373983E0,7.233486176E0,1.450000048E0,3.476953125E2,1.000000000E1,1.000000000E1
1.437606583E2,5.233539695E1,4.868371217E0,7.010890961E0,1.519999981E0,3.543750000E2,1.000000000E1,1.000000000E1
1.447606524E2,5.233541280E1,4.868368283E0,6.840297699E0,1.559999943E0,3.526171875E2,1.000000000E1,1.000000000E1
1.457606484E2,5.233542466E1,4.868363254E0,6.642910004E0,1.559999943E0,3.396093750E2,1.000000000E1,1.000000000E1
1.467606435E2,5.233543618E1,4.868357889E0,7.043422699E0,1.460000038E0,3.494531250E2,1.000000000E1,1.000000000E1
1.477606385E2,5.233545165E1,4.868353112E0,6.852443695E0,1.460000038E0,3.519140625E2,1.000000000E1,1.000000000E1
1.487606341E2,5.233546724E1,4.868348753E0,6.647853851E0,1.580000043E0,3.515625000E2,1.000000000E1,1.000000000E1
1.497606287E2,5.233548157E1,4.868343640E0,6.577358246E0,1.360000014E0,3.427734375E2,1.000000000E1,1.000000000E1
1.507606238E2,5.233549096E1,4.868339701E0,6.406398773E0,1.360000014E0,3.364453125E2,1.000000000E1,1.000000000E1
1.517606195E2,5.233549976E1,4.868333498E0,6.373500824E0,1.230000019E0,3.346875000E2,1.000000000E1,1.000000000E1
1.527606138E2,5.233551309E1,4.868326709E0,6.414455414E0,1.230000019E0,3.508593750E2,1.000000000E1,1.000000000E1
1.537606089E2,5.233552742E1,4.868320255E0,6.811672211E0,1.409999967E0,3.448828125E2,1.000000000E1,1.000000000E1
1.547606045E2,5.233554397E1,4.868316399E0,7.038478851E0,1.919999957E0,3.529687500E2,1.000000000E1,1.000000000E1
1.557605996E2,5.233555994E1,4.868313130E0,7.207241058E0,1.919999957E0,3.469921875E2,1.000000000E1,1.000000000E1
1.567605951E2,5.233557419E1,4.868310364E0,7.500087738E0,1.620000005E0,3.508593750E2,1.000000000E1,1.000000000E1
1.577605901E2,5.233558815E1,4.868307766E0,7.726039886E0,1.580000043E0,3.438281250E2,1.000000000E1,1.000000000E1
1.587605852E2,5.233560177E1,4.868305000E0,7.446254730E0,1.440000057E0,3.487500000E2,1.000000000E1,1.000000000E1
1.597605796E2,5.233561727E1,4.868300809E0,7.395046234E0,1.629999995E0,3.452343750E2,1.000000000E1,1.000000000E1
1.607605752E2,5.233563098E1,4.868295277E0,7.402370453E0,1.629999995E0,3.406640625E2,1.000000000E1,1.000000000E1
1.617605702E2,5.233564418E1,4.868288487E0,7.434413910E0,1.580000043E0,3.389062500E2,1.000000000E1,1.000000000E1
1.627605653E2,5.233565642E1,4.868280357E0,7.209011078E0,1.389999986E0,3.434765625E2,1.000000000E1,1.000000000E1
1.637605603E2,5.233566886E1,4.868273232E0,7.213954926E0,1.519999981E0,3.487500000E2,1.000000000E1,1.000000000E1
1.647605561E2,5.233568223E1,4.868266946E0,7.241970062E0,1.330000043E0,3.469921875E2,1.000000000E1,1.000000000E1
1.657605506E2,5.233569443E1,4.868263761E0,7.201137543E0,1.330000043E0,3.557812500E2,1.000000000E1,1.000000000E1
1.667605455E2,5.233570725E1,4.868259570E0,7.117336273E0,1.330000043E0,3.487500000E2,1.000000000E1,1.000000000E1
1.677605411E2,5.233572108E1,4.868254205E0,7.244594574E0,1.399999976E0,3.508593750E2,1.000000000E1,1.000000000E1
1.687605364E2,5.233573370E1,4.868248506E0,7.079494476E0,1.399999976E0,3.389062500E2,1.000000000E1,1.000000000E1
1.697605319E2,5.233574577E1,4.868241297E0,7.000637054E0,1.129999995E0,3.410156250E2,1.000000000E1,1.000000000E1
1.707605268E2,5.233575687E1,4.868235933E0,6.934719086E0,1.129999995E0,4.218750000E0,1.000000000E1,1.000000000E1
1.717605215E2,5.233577007E1,4.868232831E0,6.916347504E0,1.129999995E0,1.054687500E1,1.000000000E1,1.000000000E1
1.727605160E2,5.233578390E1,4.868233334E0,7.041225433E0,1.179999948E0,3.164062500E0,1.000000000E1,1.000000000E1
1.737605118E2,5.233579522E1,4.868234927E0,6.907314301E0,1.179999948E0,1.265625000E1,1.000000000E1,1.000000000E1
1.747605066E2,5.233580842E1,4.868239537E0,6.757656097E0,1.429999948E0,1.230468750E1,1.000000000E1,1.000000000E1
1.757605029E2,5.233582351E1,4.868244147E0,6.622890472E0,1.429999948E0,1.300781250E1,1.000000000E1,1.000000000E1
1.767604970E2,5.233583960E1,4.868248757E0,6.643215179E0,1.429999948E0,5.976562500E0,1.000000000E1,1.000000000E1
1.777604916E2,5.233585427E1,4.868252026E0,6.395412445E0,1.419999957E0,2.812500000E0,1.000000000E1,1.000000000E1
1.787604877E2,5.233587120E1,4.868251020E0,6.285366058E0,1.570000052E0,3.508593750E2,1.000000000E1,1.000000000E1
1.797604825E2,5.233588981E1,4.868249176E0,6.564174652E0,1.580000043E0,2.109375000E0,1.000000000E1,1.000000000E1
1.807604773E2,5.233590674E1,4.868246326E0,6.001918793E0,1.590000033E0,1.406250000E0,1.000000000E1,1.000000000E1
1.817604734E2,5.233592237E1,4.868248589E0,5.964870453E0,1.580000043E0,6.328125000E0,1.000000000E1,1.000000000E1
1.827604684E2,5.233593813E1,4.868253954E0,6.009609222E0,1.529999971E0,1.195312500E1,1.000000000E1,1.000000000E1
1.837604632E2,5.233595360E1,4.868258731E0,6.034877777E0,1.500000000E0,1.300781250E1,1.000000000E1,1.000000000E1
1.847604581E2,5.233596831E1,4.868263006E0,6.356838226E0,1.559999943E0,5.976562500E0,1.000000000E1,1.000000000E1
1.857604538E2,5.233598184E1,4.868265856E0,6.312221527E0,1.559999943E0,6.328125000E0,1.000000000E1,1.000000000E1
1.867604487E2,5.233599588E1,4.868264683E0,5.945156097E0,1.299999952E0,2.074218750E1,1.000000000E1,1.000000000E1
1.877604437E2,5.233601105E1,4.868262587E0,5.833034515E0,1.299999952E0,1.125000000E1,1.000000000E1,1.000000000E1
1.887604390E2,5.233603008E1,4.868260156E0,5.876796722E0,1.429999948E0,7.031250000E0,1.000000000E1,1.000000000E1
1.897604339E2,5.233604819E1,4.868254960E0,5.795192719E0,1.559999943E0,1.406250000E0,1.000000000E1,1.000000000E1
1.907604293E2,5.233606235E1,4.868249176E0,6.038112640E0,1.559999943E0,1.476562500E1,1.000000000E1,1.000000000E1
1.917604240E2,5.233607325E1,4.868246578E0,6.121913910E0,1.169999957E0,2.496093750E1,1.000000000E1,1.000000000E1
1.927604192E2,5.233608758E1,4.868244650E0,6.195522308E0,1.169999957E0,1.265625000E1,1.000000000E1,1.000000000E1
1.937604144E2,5.233609898E1,4.868241884E0,5.975734711E0,9.399999976E-1,2.601562500E1,1.000000000E1,1.000000000E1
1.947604105E2,5.233610770E1,4.868236687E0,5.923366547E0,6.399999857E-1,2.250000000E1,1.000000000E1,1.000000000E1
1.957604054E2,5.233611692E1,4.868237777E0,5.798061371E0,1.090000033E0,3.691406250E1,1.000000000E1,1.000000000E1
1.967603999E2,5.233612890E1,4.868244482E0,5.721157074E0,1.090000033E0,3.902343750E1,1.000000000E1,1.000000000E1
1.977603955E2,5.233614022E1,4.868252026E0,5.775234222E0,1.360000014E0,4.183593750E1,1.000000000E1,1.000000000E1
1.987603904E2,5.233615011E1,4.868257390E0,5.871059418E0,1.360000014E0,3.972656250E1,1.000000000E1,1.000000000E1
1.997603853E2,5.233615623E1,4.868256804E0,5.901821136E0,4.499999881E-1,2.214843750E1,1.000000000E1,1.000000000E1
2.007603810E2,5.233616583E1,4.868256720E0,5.974391937E0,1.440000057E0,2.566406250E1,1.000000000E1,1.000000000E1
2.017603757E2,5.233618217E1,4.868256971E0,6.156703949E0,1.440000057E0,1.546875000E1,1.000000000E1,1.000000000E1
2.027603707E2,5.233619768E1,4.868256636E0,6.135951996E0,1.529999971E0,1.054687500E0,1.000000000E1,1.000000000E1
2.037603657E2,5.233621159E1,4.868254876E0,6.295986176E0,1.529999971E0,7.031250000E-1,1.000000000E1,1.000000000E1
2.047603607E2,5.233622500E1,4.868250182E0,6.460659027E0,1.419999957E0,3.515625000E2,1.000000000E1,1.000000000E1
2.057603559E2,5.233623975E1,4.868248506E0,6.576931000E0,1.649999976E0,6.679687500E0,1.000000000E1,1.000000000E1
2.067603513E2,5.233625388E1,4.868251942E0,6.500087738E0,1.419999957E0,3.375000000E1,1.000000000E1,1.000000000E1
2.077603469E2,5.233626528E1,4.868262252E0,6.554164886E0,1.519999981E0,3.234375000E1,1.000000000E1,1.000000000E1
2.087603412E2,5.233627571E1,4.868271472E0,6.692348480E0,1.179999948E0,1.828125000E1,1.000000000E1,1.000000000E1
2.097603375E2,5.233628531E1,4.868280524E0,6.680080414E0,1.240000010E0,2.777343750E1,1.000000000E1,1.000000000E1
2.107603319E2,5.233629692E1,4.868288152E0,6.544033051E0,1.299999952E0,1.335937500E1,1.000000000E1,1.000000000E1
2.117603273E2,5.233631318E1,4.868296869E0,6.668849945E0,1.299999952E0,2.601562500E1,1.000000000E1,1.000000000E1
2.127603222E2,5.233632881E1,4.868307095E0,6.653285980E0,1.539999962E0,2.003906250E1,1.000000000E1,1.000000000E1
2.137603177E2,5.233634365E1,4.868319668E0,6.489711761E0,1.539999962E0,2.320312500E1,1.000000000E1,1.000000000E1
2.147603124E2,5.233635438E1,4.868326541E0,6.286342621E0,1.139999986E0,1.546875000E1,1.000000000E1,1.000000000E1
2.157603076E2,5.233636913E1,4.868336683E0,5.927822113E0,1.549999952E0,2.390625000E1,1.000000000E1,1.000000000E1
2.167603023E2,5.233638187E1,4.868350010E0,5.986415863E0,1.139999986E0,3.269531250E1,1.000000000E1,1.000000000E1
2.177602977E2,5.233639122E1,4.868359733E0,5.943325043E0,1.129999995E0,8.296875000E1,1.000000000E1,1.000000000E1
2.187602925E2,5.233639813E1,4.868362919E0,6.059841156E0,6.399999857E-1,3.392578125E2,1.000000000E1,1.000000000E1
2.197602875E2,5.233639813E1,4.868362919E0,6.001186371E0,0.000000000E0,8.437500000E0,1.000000000E1,1.000000000E1
2.207602835E2,5.233641615E1,4.868367780E0,5.730800629E0,1.169999957E0,1.828125000E1,1.000000000E1,1.000000000E1
2.217602779E2,5.233643451E1,4.868372390E0,5.534145355E0,1.169999957E0,0.000000000E0,1.000000000E1,1.000000000E1
2.227602738E2,5.233645441E1,4.868376749E0,5.365200043E0,1.169999957E0,1.230468750E1,1.000000000E1,1.000000000E1
2.237602687E2,5.233647797E1,4.868383035E0,5.107570648E0,1.370000005E0,2.390625000E1,1.000000000E1,1.000000000E1
2.247602640E2,5.233650525E1,4.868392842E0,4.825405121E0,1.990000010E0,2.039062500E1,1.000000000E1,1.000000000E1
2.257602586E2,5.233653015E1,4.868401391E0,4.696071625E0,1.990000010E0,1.863281250E1,1.000000000E1,1.000000000E1
2.267602543E2,5.233654775E1,4.868404074E0,4.622524261E0,1.529999971E0,3.382031250E2,1.000000000E1,1.000000000E1
2.277602485E2,5.233656049E1,4.868404074E0,4.622463226E0,4.900000095E-1,6.328125000E0,1.000000000E1,1.000000000E1
2.287602448E2,5.233657646E1,4.868402649E0,4.613491058E0,4.900000095E-1,5.273437500E0,1.000000000E1,1.000000000E1
2.297602396E2,5.233659418E1,4.868400721E0,4.832424164E0,1.159999967E0,3.375000000E2,1.000000000E1,1.000000000E1
2.307602339E2,5.233660923E1,4.868397871E0,4.998683929E0,1.159999967E0,3.438281250E2,1.000000000E1,1.000000000E1
2.317602291E2,5.233661795E1,4.868396949E0,5.102260590E0,9.700000286E-1,7.031250000E-1,1.000000000E1,1.000000000E1
2.327602247E2,5.233663018E1,4.868400553E0,5.061916351E0,9.700000286E-1,1.757812500E1,1.000000000E1,1.000000000E1
2.337602197E2,5.233664280E1,4.868406588E0,5.089626312E0,6.600000262E-1,3.515625000E0,1.000000000E1,1.000000000E1
2.347602148E2,5.233665520E1,4.868417149E0,5.233974457E0,7.599999905E-1,3.867187500E1,1.000000000E1,1.000000000E1
2.357602094E2,5.233666631E1,4.868425615E0,5.218349457E0,7.599999905E-1,2.988281250E1,1.000000000E1,1.000000000E1
2.367602060E2,5.233667457E1,4.868433746E0,5.387416840E0,6.600000262E-1,5.414062500E1,1.000000000E1,1.000000000E1
2.377601999E2,5.233668052E1,4.868437685E0,5.388027191E0,5.099999905E-1,2.868750000E2,1.000000000E1,1.000000000E1
2.387601959E2,5.233669372E1,4.868436931E0,5.744899750E0,5.099999905E-1,3.571875000E2,1.000000000E1,1.000000000E1
2.397601906E2,5.233670922E1,4.868436176E0,5.817348480E0,1.340000033E0,3.575390625E2,1.000000000E1,1.000000000E1
2.407601857E2,5.233672029E1,4.868437182E0,5.563869476E0,1.340000033E0,0.000000000E0,1.000000000E1,1.000000000E1
2.417601811E2,5.233673269E1,4.868434165E0,5.734767914E0,1.250000000E0,3.529687500E2,1.000000000E1,1.000000000E1
2.427601759E2,5.233674950E1,4.868430225E0,5.688564301E0,1.250000000E0,3.473437500E2,1.000000000E1,1.000000000E1
2.437601705E2,5.233676693E1,4.868426956E0,5.806118011E0,1.539999962E0,3.526171875E2,1.000000000E1,1.000000000E1
2.447601663E2,5.233677674E1,4.868427543E0,5.343349457E0,6.299999952E-1,6.609375000E1,1.000000000E1,1.000000000E1
2.457601620E2,5.233678030E1,4.868429303E0,5.223293304E0,6.299999952E-1,7.453125000E1,1.000000000E1,1.000000000E1
2.467601564E2,5.233677699E1,4.868438942E0,5.312099457E0,6.299999952E-1,1.117968750E2,1.000000000E1,1.000000000E1
2.477601516E2,5.233677041E1,4.868453778E0,5.274318695E0,1.139999986E0,1.230468750E2,1.000000000E1,1.000000000E1
2.487601463E2,5.233677569E1,4.868470877E0,4.774562836E0,1.159999967E0,9.351562500E1,1.000000000E1,1.000000000E1
2.497601423E2,5.233678877E1,4.868485210E0,4.802761078E0,1.330000043E0,4.675781250E1,1.000000000E1,1.000000000E1
2.507601374E2,5.233680562E1,4.868489234E0,4.817348480E0,1.330000043E0,2.285156250E1,1.000000000E1,1.000000000E1
2.517601322E2,5.233682334E1,4.868486719E0,4.786952972E0,1.330000043E0,1.300781250E1,1.000000000E1,1.000000000E1
2.527601275E2,5.233684275E1,4.868479678E0,4.741725922E0,1.490000010E0,3.592968750E2,1.000000000E1,1.000000000E1
2.537601223E2,5.233686094E1,4.868471045E0,4.712978363E0,1.490000010E0,3.547265625E2,1.000000000E1,1.000000000E1
2.547601174E2,5.233687896E1,4.868461657E0,5.027065277E0,1.639999986E0,3.508593750E2,1.000000000E1,1.000000000E1
2.557601126E2,5.233689593E1,4.868455287E0,5.331752777E0,1.639999986E0,3.575390625E2,1.000000000E1,1.000000000E1
2.567601081E2,5.233691194E1,4.868451096E0,5.495449066E0,1.539999962E0,3.515625000E-1,1.000000000E1,1.000000000E1
2.577601025E2,5.233692577E1,4.868450258E0,5.461818695E0,1.529999971E0,6.679687500E0,1.000000000E1,1.000000000E1
2.587600979E2,5.233693897E1,4.868452270E0,5.464382172E0,1.389999986E0,2.777343750E1,1.000000000E1,1.000000000E1
2.597600938E2,5.233695180E1,4.868454365E0,5.582546234E0,1.429999948E0,5.273437500E0,1.000000000E1,1.000000000E1
2.607600889E2,5.233696458E1,4.868457718E0,5.616847992E0,1.440000057E0,1.019531250E1,1.000000000E1,1.000000000E1
2.617600826E2,5.233697812E1,4.868458724E0,5.820583344E0,1.440000057E0,6.328125000E0,1.000000000E1,1.000000000E1
2.627600788E2,5.233698905E1,4.868459897E0,5.986354828E0,1.440000057E0,3.304687500E1,1.000000000E1,1.000000000E1
2.637600743E2,5.233699874E1,4.868461825E0,5.867824554E0,1.230000019E0,6.328125000E0,1.000000000E1,1.000000000E1
2.647600685E2,5.233701215E1,4.868463669E0,5.648708344E0,1.490000010E0,1.160156250E1,1.000000000E1,1.000000000E1
2.657600640E2,5.233702334E1,4.868464926E0,5.470607758E0,1.490000010E0,1.652343750E1,1.000000000E1,1.000000000E1
2.667600588E2,5.233703645E1,4.868463501E0,5.351406097E0,1.490000010E0,3.515625000E0,1.000000000E1,1.000000000E1
2.677600546E2,5.233705217E1,4.868462663E0,5.280483246E0,1.519999981E0,2.812500000E0,1.000000000E1,1.000000000E1
2.687600493E2,5.233706898E1,4.868458891E0,5.430507660E0,1.539999962E0,3.557812500E2,1.000000000E1,1.000000000E1
2.697600451E2,5.233708503E1,4.868453862E0,5.645717621E0,1.549999952E0,3.554296875E2,1.000000000E1,1.000000000E1
2.707600398E2,5.233710058E1,4.868447827E0,5.705654144E0,1.620000005E0,3.522656250E2,1.000000000E1,1.000000000E1
2.717600348E2,5.233711763E1,4.868441792E0,5.700466156E0,1.620000005E0,3.536718750E2,1.000000000E1,1.000000000E1
2.727600303E2,5.233713427E1,4.868437350E0,5.683620453E0,1.620000005E0,3.526171875E2,1.000000000E1,1.000000000E1
2.737600253E2,5.233714722E1,4.868433746E0,5.478115082E0,1.500000000E0,3.522656250E2,1.000000000E1,1.000000000E1
2.747600198E2,5.233715615E1,4.868432069E0,5.684597015E0,6.100000143E-1,3.582421875E2,1.000000000E1,1.000000000E1
2.757600155E2,5.233716667E1,4.868433746E0,5.847927094E0,1.330000043E0,3.164062500E0,1.000000000E1,1.000000000E1
2.767600101E2,5.233718142E1,4.868437517E0,5.698085785E0,1.330000043E0,9.843750000E0,1.000000000E1,1.000000000E1
2.777600050E2,5.233719797E1,4.868438691E0,5.697048187E0,1.460000038E0,1.406250000E0,1.000000000E1,1.000000000E1
2.787600008E2,5.233721461E1,4.868437685E0,5.662136078E0,1.460000038E0,3.515625000E-1,1.000000000E1,1.000000000E1
2.797599963E2,5.233722924E1,4.868439026E0,5.812770844E0,1.539999962E0,2.109375000E0,1.000000000E1,1.000000000E1
2.807599908E2,5.233724240E1,4.868441289E0,5.807704926E0,1.539999962E0,2.460937500E0,1.000000000E1,1.000000000E1
2.817599862E2,5.233725438E1,4.868442547E0,5.723781586E0,1.399999976E0,4.218750000E0,1.000000000E1,1.000000000E1
2.827599808E2,5.233726712E1,4.868444810E0,5.458827972E0,1.399999976E0,1.757812500E0,1.000000000E1,1.000000000E1
2.837599766E2,5.233727936E1,4.868445983E0,5.235622406E0,1.269999981E0,1.757812500E0,1.000000000E1,1.000000000E1
2.847599709E2,5.233728871E1,4.868447995E0,5.237880707E0,8.500000238E-1,3.550781250E2,1.000000000E1,1.000000000E1
2.857599672E2,5.233730053E1,4.868450677E0,5.019741058E0,1.330000043E0,3.543750000E2,3.000000000E1,3.000000000E1
2.867599614E2,5.233730765E1,4.868463501E0,4.778530121E0,8.500000238E-1,1.089843750E1,3.000000000E1,3.000000000E1
2.877599581E2,5.233731008E1,4.868474649E0,4.491542816E0,7.900000215E-1,1.933593750E1,1.000000000E1,1.000000000E1
2.887599523E2,5.233731482E1,4.868487725E0,4.187892914E0,7.900000215E-1,1.792968750E1,1.000000000E1,1.000000000E1
2.897599469E2,5.233732475E1,4.868499711E0,4.115261078E0,1.269999981E0,3.589453125E2,1.000000000E1,1.000000000E1
2.907599419E2,5.233733627E1,4.868506165E0,3.967494965E0,1.340000033E0,3.592968750E2,1.000000000E1,1.000000000E1
2.917599380E2,5.233734705E1,4.868512200E0,3.855922699E0,1.269999981E0,3.564843750E2,1.000000000E1,1.000000000E1
2.927599326E2,5.233736041E1,4.868517900E0,3.798305511E0,1.340000033E0,3.585937500E2,3.000000000E1,3.000000000E1
2.937599274E2,5.233737450E1,4.868520750E0,3.859279633E0,1.179999948E0,3.522656250E2,1.000000000E1,1.000000000E1
2.947599229E2,5.233738778E1,4.868522678E0,3.735073090E0,1.220000029E0,3.526171875E2,3.000000000E1,3.000000000E1
2.957599182E2,5.233740128E1,4.868526198E0,3.678249359E0,1.220000029E0,3.557812500E2,1.000000000E1,1.000000000E1
2.967599134E2,5.233741511E1,4.868533658E0,3.632045746E0,1.210000038E0,1.089843750E1,3.000000000E1,3.000000000E1
2.977599084E2,5.233742621E1,4.868544973E0,3.600795746E0,1.029999971E0,2.179687500E1,3.000000000E1,3.000000000E1
2.987599031E2,5.233743786E1,4.868553774E0,3.490749359E0,9.900000095E-1,1.687500000E1,3.000000000E1,3.000000000E1
2.997598981E2,5.233744566E1,4.868561737E0,3.496181488E0,4.499999881E-1,1.828125000E1,3.000000000E1,3.000000000E1
3.007598931E2,5.233745169E1,4.868569700E0,3.484828949E0,6.100000143E-1,1.898437500E1,3.000000000E1,3.000000000E1
3.017598889E2,5.233745907E1,4.868579172E0,3.438930511E0,6.100000143E-1,1.792968750E1,3.000000000E1,3.000000000E1
3.027598833E2,5.233746770E1,4.868593002E0,3.507717133E0,6.700000167E-1,3.582421875E2,3.000000000E1,3.000000000E1
3.037598794E2,5.233747969E1,4.868607335E0,3.554164886E0,1.070000052E0,3.536718750E2,3.000000000E1,3.000000000E1
3.047598742E2,5.233749356E1,4.868622255E0,3.561183929E0,1.289999962E0,3.561328125E2,1.000000000E1,1.000000000E1
3.057598696E2,5.233750978E1,4.868634995E0,3.511501312E0,1.450000048E0,3.561328125E2,1.000000000E1,1.000000000E1
3.067598646E2,5.233752587E1,4.868648155E0,3.503993988E0,1.289999962E0,3.554296875E2,1.000000000E1,1.000000000E1
3.077598597E2,5.233754058E1,4.868660476E0,3.554164886E0,1.299999952E0,3.561328125E2,3.000000000E1,3.000000000E1
3.087598544E2,5.233755441E1,4.868673887E0,3.422817230E0,1.139999986E0,4.218750000E0,3.000000000E1,3.000000000E1
3.097598500E2,5.233757202E1,4.868689561E0,3.362636566E0,1.519999981E0,7.734375000E0,3.000000000E1,3.000000000E1
3.107598447E2,5.233759050E1,4.868711606E0,3.349819183E0,1.559999943E0,1.511718750E1,3.000000000E1,3.000000000E1
3.117598398E2,5.233761078E1,4.868721832E0,3.397060394E0,1.519999981E0,1.511718750E1,1.000000000E1,1.000000000E1
3.127598345E2,5.233762499E1,4.868725771E0,3.533779144E0,1.309999943E0,1.582031250E1,1.000000000E1,1.000000000E1
3.137598305E2,5.233763731E1,4.868727615E0,3.695034027E0,1.070000052E0,1.089843750E1,1.000000000E1,1.000000000E1
3.147598257E2,5.233764913E1,4.868710265E0,3.430690765E0,3.799999952E-1,2.812500000E0,1.000000000E1,1.000000000E1
3.157598200E2,5.233766346E1,4.868691992E0,3.395168304E0,1.159999967E0,3.543750000E2,1.000000000E1,1.000000000E1
3.167598155E2,5.233768454E1,4.868674641E0,3.342006683E0,1.159999967E0,3.501562500E2,1.000000000E1,1.000000000E1
3.177598113E2,5.233770323E1,4.868662069E0,3.504604340E0,1.169999957E0,1.019531250E1,1.000000000E1,1.000000000E1
3.187598059E2,5.233772272E1,4.868655866E0,3.713527679E0,1.450000048E0,3.575390625E2,1.000000000E1,1.000000000E1
3.197598006E2,5.233774234E1,4.868650753E0,3.704494476E0,1.370000005E0,0.000000000E0,1.000000000E1,1.000000000E1
3.207597957E2,5.233776212E1,4.868646227E0,3.668178558E0,1.549999952E0,3.512109375E2,1.000000000E1,1.000000000E1
3.217597919E2,5.233778056E1,4.868643042E0,3.689846039E0,1.370000005E0,3.434765625E2,1.000000000E1,1.000000000E1
3.227597862E2,5.233779057E1,4.868632732E0,3.718959808E0,1.059999943E0,3.128906250E1,1.000000000E1,1.000000000E1
3.237597814E2,5.233779720E1,4.868622590E0,3.703578949E0,5.799999833E-1,3.396093750E2,1.000000000E1,1.000000000E1
3.247597764E2,5.233780344E1,4.868608592E0,3.741054535E0,6.299999952E-1,3.220312500E2,1.000000000E1,1.000000000E1
3.257597724E2,5.233781065E1,4.868593505E0,3.670619965E0,6.800000072E-1,3.311718750E2,1.000000000E1,1.000000000E1
3.267597677E2,5.233782096E1,4.868577663E0,3.684719086E0,6.800000072E-1,3.434765625E2,1.000000000E1,1.000000000E1
3.277597619E2,5.233783311E1,4.868564503E0,3.922573090E0,1.169999957E0,3.575390625E2,1.000000000E1,1.000000000E1
3.287597575E2,5.233784690E1,4.868553691E0,4.073818207E0,1.169999957E0,3.561328125E2,1.000000000E1,1.000000000E1
3.297597529E2,5.233785859E1,4.868546901E0,4.238918304E0,1.070000052E0,6.679687500E0,1.000000000E1,1.000000000E1
3.307597474E2,5.233786869E1,4.868538855E0,4.376918793E0,1.340000033E0,3.526171875E2,1.000000000E1,1.000000000E1
3.317597426E2,5.233788022E1,4.868532736E0,4.801601410E0,1.340000033E0,2.109375000E0,1.000000000E1,1.000000000E1
3.327597380E2,5.233788915E1,4.868528629E0,4.723049164E0,1.340000033E0,1.757812500E1,1.000000000E1,1.000000000E1
3.337597334E2,5.233789619E1,4.868527623E0,4.707057953E0,1.039999962E0,1.300781250E1,1.000000000E1,1.000000000E1
3.347597278E2,5.233790138E1,4.868528461E0,5.166286469E0,6.200000048E-1,1.722656250E1,1.000000000E1,1.000000000E1
3.357597233E2,5.233790733E1,4.868531059E0,5.182704926E0,9.399999976E-1,3.515625000E1,1.000000000E1,1.000000000E1
3.367597183E2,5.233791710E1,4.868535837E0,5.593898773E0,9.399999976E-1,1.792968750E1,1.000000000E1,1.000000000E1
3.377597134E2,5.233792934E1,4.868542375E0,5.876918793E0,1.340000033E0,8.085937500E0,1.000000000E1,1.000000000E1
3.387597085E2,5.233794396E1,4.868548829E0,6.642421722E0,1.379999995E0,2.531250000E1,1.000000000E1,1.000000000E1
3.397597035E2,5.233795934E1,4.868554277E0,6.808803558E0,1.220000029E0,2.636718750E1,1.000000000E1,1.000000000E1
3.407596991E2,5.233797443E1,4.868557714E0,6.839260101E0,1.220000029E0,3.578906250E2,1.000000000E1,1.000000000E1
3.417596935E2,5.233799023E1,4.868562408E0,6.902736664E0,1.220000029E0,3.761718750E1,1.000000000E1,1.000000000E1
3.427596892E2,5.233800565E1,4.868571125E0,6.950649261E0,1.230000019E0,4.605468750E1,1.000000000E1,1.000000000E1
3.437596842E2,5.233802095E1,4.868581602E0,7.145839691E0,1.279999971E0,3.199218750E1,1.000000000E1,1.000000000E1
3.447596793E2,5.233803499E1,4.868593756E0,7.207363129E0,1.200000048E0,5.273437500E1,1.000000000E1,1.000000000E1
3.457596750E2,5.233804597E1,4.868608173E0,7.117397308E0,1.360000014E0,6.644531250E1,1.000000000E1,1.000000000E1
3.467596699E2,5.233805519E1,4.868627116E0,7.221401215E0,1.360000014E0,6.117187500E1,1.000000000E1,1.000000000E1
3.477596645E2,5.233806378E1,4.868646394E0,7.700832367E0,1.360000014E0,5.097656250E1,1.000000000E1,1.000000000E1
3.487596601E2,5.233807191E1,4.868664248E0,8.160976410E0,1.330000043E0,5.871093750E1,1.000000000E1,1.000000000E1
3.497596549E2,5.233808050E1,4.868682437E0,8.377101898E0,1.259999990E0,6.398437500E1,1.000000000E1,1.000000000E1
3.507596500E2,5.233808826E1,4.868700542E0,8.217128754E0,1.309999943E0,6.257812500E1,1.000000000E1,1.000000000E1
3.517596446E2,5.233809446E1,4.868721915E0,8.280239105E0,1.309999943E0,6.750000000E1,1.000000000E1,1.000000000E1
3.527596407E2,5.233810024E1,4.868744882E0,8.240383148E0,1.389999986E0,7.171875000E1,1.000000000E1,1.000000000E1
3.537596352E2,5.233810360E1,4.868768519E0,8.654323578E0,1.419999957E0,7.769531250E1,1.000000000E1,1.000000000E1
3.547596303E2,5.233810611E1,4.868791150E0,8.759914398E0,1.409999967E0,8.156250000E1,1.000000000E1,1.000000000E1
3.557596251E2,5.233810770E1,4.868813865E0,9.160976410E0,1.409999967E0,8.437500000E1,1.000000000E1,1.000000000E1
3.567596210E2,5.233810900E1,4.868837167E0,9.265224457E0,1.409999967E0,8.367187500E1,1.000000000E1,1.000000000E1
3.577596158E2,5.233811076E1,4.868860468E0,9.587490082E0,1.440000057E0,9.597656250E1,1.000000000E1,1.000000000E1
3.587596115E2,5.233811194E1,4.868881339E0,9.753993988E0,1.450000048E0,8.789062500E1,1.000000000E1,1.000000000E1
3.597596066E2,5.233811395E1,4.868902294E0,1.012386703E1,1.379999995E0,7.628906250E1,1.000000000E1,1.000000000E1
3.607596012E2,5.233811617E1,4.868921824E0,1.043355942E1,1.419999957E0,8.683593750E1,1.000000000E1,1.000000000E1
3.617595967E2,5.233811868E1,4.868943281E0,1.047249985E1,1.419999957E0,8.261718750E1,1.000000000E1,1.000000000E1
3.627595912E2,5.233812070E1,4.868965074E0,1.082455063E1,1.419999957E0,8.332031250E1,1.000000000E1,1.000000000E1
3.637595863E2,5.233812430E1,4.868987454E0,1.106203842E1,1.460000038E0,5.941406250E1,1.000000000E1,1.000000000E1
3.647595817E2,5.233813096E1,4.869007822E0,1.106087875E1,1.470000029E0,5.835937500E1,1.000000000E1,1.000000000E1
3.657595773E2,5.233814031E1,4.869026178E0,1.111147690E1,1.480000019E0,4.746093750E1,1.000000000E1,1.000000000E1
3.667595723E2,5.233815087E1,4.869040763E0,1.112911606E1,1.470000029E0,3.234375000E1,1.000000000E1,1.000000000E1
3.677595676E2,5.233816478E1,4.869049899E0,1.114162827E1,1.480000019E0,1.757812500E1,1.000000000E1,1.000000000E1
3.687595623E2,5.233817949E1,4.869057192E0,1.121169662E1,1.379999995E0,2.460937500E1,1.000000000E1,1.000000000E1
3.697595574E2,5.233819508E1,4.869061718E0,1.121621323E1,1.460000038E0,1.511718750E1,1.000000000E1,1.000000000E1
3.707595528E2,5.233821080E1,4.869065909E0,1.083352280E1,1.460000038E0,2.390625000E1,1.000000000E1,1.000000000E1
3.717595479E2,5.233822622E1,4.869069513E0,1.053591537E1,1.259999990E0,1.546875000E1,1.000000000E1,1.000000000E1
3.727595437E2,5.233824123E1,4.869073788E0,1.023653793E1,1.240000010E0,2.953125000E1,1.000000000E1,1.000000000E1
3.737595385E2,5.233825313E1,4.869077979E0,9.835781097E0,1.100000024E0,2.214843750E1,1.000000000E1,1.000000000E1
3.747595328E2,5.233826717E1,4.869083427E0,9.691371918E0,1.429999948E0,2.425781250E1,1.000000000E1,1.000000000E1
3.757595284E2,5.233828087E1,4.869089713E0,9.331264496E0,1.429999948E0,2.144531250E1,1.000000000E1,1.000000000E1
3.767595236E2,5.233829269E1,4.869092731E0,8.968898773E0,1.419999957E0,3.589453125E2,1.000000000E1,1.000000000E1
3.777595184E2,5.233829659E1,4.869092647E0,8.769618988E0,1.700000018E-1,1.082812500E2,1.000000000E1,1.000000000E1
3.787595136E2,5.233829625E1,4.869089378E0,8.509120941E0,2.500000000E-1,2.745703125E2,1.000000000E1,1.000000000E1
3.797595086E2,5.233829663E1,4.869084936E0,8.246364594E0,3.600000143E-1,3.382031250E2,1.000000000E1,1.000000000E1
3.807595041E2,5.233829646E1,4.869080242E0,8.013698578E0,2.399999946E-1,3.167578125E2,1.000000000E1,1.000000000E1
3.817594990E2,5.233829366E1,4.869077057E0,7.681484222E0,1.899999976E-1,2.133984375E2,1.000000000E1,1.000000000E1
3.827594943E2,5.233828473E1,4.869075632E0,7.602199554E0,2.399999946E-1,1.743750000E2,3.000000000E1,3.000000000E1
3.837594889E2,5.233826893E1,4.869076386E0,7.483730316E0,6.499999762E-1,1.733203125E2,3.000000000E1,3.000000000E1
3.847594843E2,5.233824605E1,4.869069178E0,7.450588226E0,1.690000057E0,1.859765625E2,3.000000000E1,3.000000000E1
3.857594798E2,5.233824018E1,4.869059036E0,7.330348969E0,1.690000057E0,2.025000000E2,3.000000000E1,3.000000000E1
3.867594742E2,5.233824764E1,4.869041014E0,7.348232269E0,1.039999962E0,2.601562500E2,3.000000000E1,3.000000000E1
3.877594701E2,5.233825946E1,4.869016958E0,7.483730316E0,7.099999785E-1,3.230859375E2,1.000000000E1,1.000000000E1
3.887594647E2,5.233828016E1,4.868997680E0,7.921901703E0,1.039999962E0,3.406640625E2,1.000000000E1,1.000000000E1
3.897594595E2,5.233830267E1,4.868987119E0,8.029384613E0,1.009999990E0,6.328125000E0,3.000000000E1,3.000000000E1
3.907594553E2,5.233832111E1,4.868981922E0,8.165920258E0,1.009999990E0,3.480468750E1,1.000000000E1,1.000000000E1
3.917594501E2,5.233833552E1,4.868983431E0,8.206325531E0,6.000000238E-1,6.363281250E1,1.000000000E1,1.000000000E1
3.927594451E2,5.233834579E1,4.868985945E0,8.464992523E0,1.800000072E-1,8.683593750E1,1.000000000E1,1.000000000E1
3.937594417E2,5.233835447E1,4.868991813E0,8.628139496E0,6.000000238E-1,6.363281250E1,1.000000000E1,1.000000000E1
3.947594357E2,5.233836390E1,4.868998015E0,8.747341156E0,5.299999714E-1,3.832031250E1,1.000000000E1,1.000000000E1
3.957594311E2,5.233837228E1,4.869003296E0,8.890712738E0,2.099999934E-1,3.550781250E1,1.000000000E1,1.000000000E1
3.967594261E2,5.233837366E1,4.869011343E0,9.035976410E0,5.299999714E-1,1.170703125E2,1.000000000E1,1.000000000E1
3.977594217E2,5.233837387E1,4.869020563E0,9.366420746E0,4.099999964E-1,1.497656250E2,1.000000000E1,1.000000000E1
3.987594167E2,5.233837844E1,4.869024334E0,9.662380219E0,5.000000000E-1,1.494140625E2,1.000000000E1,1.000000000E1
3.997594116E2,5.233837844E1,4.869024334E0,9.877712250E0,0.000000000E0,4.816406250E1,1.000000000E1,1.000000000E1
4.007594064E2,5.233839680E1,4.869020982E0,9.875820160E0,1.700000018E-1,3.424218750E2,1.000000000E1,1.000000000E1
4.017594019E2,5.233840530E1,4.869011845E0,9.812709808E0,2.099999934E-1,2.773828125E2,1.000000000E1,1.000000000E1
4.027593969E2,5.233841230E1,4.869002206E0,9.620571136E0,1.700000018E-1,2.756250000E2,1.000000000E1,1.000000000E1
4.037593915E2,5.233842462E1,4.868995082E0,9.643825531E0,2.099999934E-1,3.431250000E2,1.000000000E1,1.000000000E1
4.047593867E2,5.233843996E1,4.868992819E0,9.723171234E0,3.600000143E-1,2.531250000E1,1.000000000E1,1.000000000E1
4.057593827E2,5.233845538E1,4.868992483E0,1.005379868E1,4.099999964E-1,2.953125000E1,1.000000000E1,1.000000000E1
4.067593776E2,5.233846984E1,4.868992819E0,9.871364594E0,3.600000143E-1,3.234375000E1,1.000000000E1,1.000000000E1
4.077593728E2,5.233848351E1,4.868993321E0,1.052712631E1,4.099999964E-1,3.023437500E1,1.000000000E1,1.000000000E1
4.087593679E2,5.233849579E1,4.868992986E0,1.077236557E1,4.099999964E-1,2.847656250E1,1.000000000E1,1.000000000E1
4.097593631E2,5.233851083E1,4.868994495E0,1.084121323E1,8.700000048E-1,2.847656250E1,1.000000000E1,1.000000000E1
4.107593585E2,5.233852282E1,4.868999776E0,1.084347153E1,8.700000048E-1,5.343750000E1,1.000000000E1,1.000000000E1
4.117593536E2,5.233852990E1,4.869010672E0,1.081881332E1,8.700000048E-1,8.542968750E1,1.000000000E1,1.000000000E1
4.127593486E2,5.233853187E1,4.869022239E0,1.129885483E1,8.000000119E-1,1.103906250E2,1.000000000E1,1.000000000E1
4.137593440E2,5.233853451E1,4.869031627E0,1.163869858E1,8.000000119E-1,1.054687500E2,1.000000000E1,1.000000000E1
4.147593383E2,5.233853581E1,4.869038416E0,1.185921860E1,3.700000048E-1,9.562500000E1,1.000000000E1,1.000000000E1
4.157593334E2,5.233853895E1,4.869045625E0,1.160952377E1,5.400000215E-1,8.015625000E1,1.000000000E1,1.000000000E1
4.167593286E2,5.233854365E1,4.869047804E0,1.165999985E1,3.700000048E-1,7.910156250E1,1.000000000E1,1.000000000E1
4.177593243E2,5.233854520E1,4.869051827E0,1.145473862E1,5.199999809E-1,8.050781250E1,1.000000000E1,1.000000000E1
4.187593188E2,5.233854495E1,4.869059036E0,1.157967758E1,5.199999809E-1,8.964843750E1,1.000000000E1,1.000000000E1
4.197593147E2,5.233854453E1,4.869071525E0,1.160189438E1,9.499999881E-1,9.070312500E1,1.000000000E1,1.000000000E1
4.207593096E2,5.233854365E1,4.869083762E0,1.210531235E1,9.499999881E-1,9.316406250E1,1.000000000E1,1.000000000E1
4.217593044E2,5.233854277E1,4.869089210E0,1.287313461E1,6.600000262E-1,8.472656250E1,1.000000000E1,1.000000000E1
4.227592992E2,5.233854423E1,4.869094072E0,1.225234604E1,3.100000024E-1,6.820312500E1,1.000000000E1,1.000000000E1
4.237592950E2,5.233854503E1,4.869103460E0,1.178646469E1,3.100000024E-1,8.402343750E1,1.000000000E1,1.000000000E1
4.247592900E2,5.233854587E1,4.869115027E0,1.114065170E1,4.499999881E-1,9.878906250E1,1.000000000E1,1.000000000E1
4.257592841E2,5.233854549E1,4.869128522E0,1.047744370E1,6.200000048E-1,1.128515625E2,1.000000000E1,1.000000000E1
4.267592795E2,5.233854553E1,4.869139167E0,1.001766586E1,2.000000030E-1,1.019531250E2,1.000000000E1,1.000000000E1
4.277592750E2,5.233854809E1,4.869150147E0,9.789638519E0,5.899999738E-1,8.542968750E1,1.000000000E1,1.000000000E1
4.287592709E2,5.233855069E1,4.869166324E0,9.404079437E0,5.899999738E-1,7.980468750E1,1.000000000E1,1.000000000E1
4.297592661E2,5.233855282E1,4.869185267E0,9.660732269E0,9.700000286E-1,8.964843750E1,1.000000000E1,1.000000000E1
4.307592602E2,5.233855538E1,4.869202618E0,9.636745453E0,9.700000286E-1,8.191406250E1,1.000000000E1,1.000000000E1
4.317592559E2,5.233855735E1,4.869220722E0,9.721584320E0,9.700000286E-1,8.613281250E1,1.000000000E1,1.000000000E1
4.327592511E2,5.233856041E1,4.869239414E0,9.669643402E0,1.049999952E0,8.542968750E1,1.000000000E1,1.000000000E1
4.337592453E2,5.233856334E1,4.869264727E0,9.593471527E0,1.070000052E0,8.296875000E1,1.000000000E1,1.000000000E1
4.347609189E2,5.233857122E1,4.869291466E0,9.454982758E0,1.629999995E0,6.960937500E1,1.000000000E1,1.000000000E1
4.357609211E2,5.233858254E1,4.869323736E0,9.367458344E0,2.380000114E0,6.082031250E1,1.000000000E1,1.000000000E1
4.367609227E2,5.233859075E1,4.869353827E0,9.293117523E0,1.629999995E0,6.574218750E1,1.000000000E1,1.000000000E1
4.377609411E2,5.233859364E1,4.869378721E0,9.508571625E0,1.549999952E0,7.664062500E1,1.000000000E1,1.000000000E1
4.387609539E2,5.233859360E1,4.869405963E0,9.414943695E0,1.450000048E0,9.140625000E1,1.000000000E1,1.000000000E1
4.397609684E2,5.233859314E1,4.869434545E0,9.741909027E0,1.450000048E0,8.472656250E1,1.000000000E1,1.000000000E1
4.407609859E2,5.233859524E1,4.869458433E0,9.672023773E0,1.370000005E0,7.558593750E1,1.000000000E1,1.000000000E1
4.417610011E2,5.233859758E1,4.869483160E0,9.808742523E0,1.370000005E0,7.558593750E1,1.000000000E1,1.000000000E1
4.427610152E2,5.233859989E1,4.869508389E0,9.621181488E0,1.389999986E0,8.683593750E1,1.000000000E1,1.000000000E1
4.437610282E2,5.233860073E1,4.869534038E0,9.642238617E0,1.399999976E0,8.402343750E1,1.000000000E1,1.000000000E1
4.447610359E2,5.233860094E1,4.869559854E0,9.639858246E0,1.389999986E0,8.894531250E1,1.000000000E1,1.000000000E1
4.457610475E2,5.233860110E1,4.869583324E0,9.532009125E0,1.379999995E0,8.226562500E1,1.000000000E1,1.000000000E1
4.467610576E2,5.233860152E1,4.869600004E0,9.503322601E0,6.700000167E-1,7.066406250E1,1.000000000E1,1.000000000E1
4.477610677E2,5.233860094E1,4.869616348E0,9.352748871E0,1.139999986E0,9.667968750E1,1.000000000E1,1.000000000E1
4.487610767E2,5.233859846E1,4.869635878E0,9.298549652E0,1.139999986E0,9.878906250E1,1.000000000E1,1.000000000E1
4.497610848E2,5.233859494E1,4.869658593E0,9.576137543E0,1.179999948E0,8.718750000E1,1.000000000E1,1.000000000E1
4.507610924E2,5.233859197E1,4.869682062E0,9.712245941E0,1.409999967E0,8.121093750E1,1.000000000E1,1.000000000E1
4.517610989E2,5.233858996E1,4.869704358E0,9.756252289E0,1.470000029E0,8.648437500E1,1.000000000E1,1.000000000E1
4.527611047E2,5.233858991E1,4.869728498E0,1.009920883E1,1.470000029E0,8.296875000E1,1.000000000E1,1.000000000E1
4.537611105E2,5.233858732E1,4.869750878E0,1.046859360E1,1.470000029E0,8.578125000E1,1.000000000E1,1.000000000E1
4.547611161E2,5.233858530E1,4.869772587E0,1.068770981E1,1.470000029E0,9.246093750E1,1.000000000E1,1.000000000E1
4.557611208E2,5.233858296E1,4.869795302E0,1.074117661E1,1.470000029E0,9.210937500E1,1.000000000E1,1.000000000E1
4.567611241E2,5.233858153E1,4.869818101E0,1.098427963E1,1.470000029E0,8.648437500E1,1.000000000E1,1.000000000E1
4.577611285E2,5.233858053E1,4.869840145E0,1.113772202E1,1.450000048E0,8.964843750E1,1.000000000E1,1.000000000E1
4.587611314E2,5.233858090E1,4.869861687E0,1.127083969E1,1.289999962E0,7.523437500E1,1.000000000E1,1.000000000E1
4.597611337E2,5.233858166E1,4.869884653E0,1.139931870E1,1.460000038E0,7.910156250E1,1.000000000E1,1.000000000E1
4.607611367E2,5.233858300E1,4.869909380E0,1.168001938E1,1.429999948E0,7.910156250E1,1.000000000E1,1.000000000E1
4.617611384E2,5.233858329E1,4.869935783E0,1.182656479E1,1.460000038E0,8.296875000E1,1.000000000E1,1.000000000E1
4.627611405E2,5.233858480E1,4.869962437E0,1.181393051E1,1.460000038E0,8.261718750E1,1.000000000E1,1.000000000E1
4.637611424E2,5.233858635E1,4.869988253E0,1.191488266E1,1.460000038E0,8.437500000E1,1.000000000E1,1.000000000E1
4.647611434E2,5.233858870E1,4.870012729E0,1.188125229E1,1.460000038E0,7.628906250E1,1.000000000E1,1.000000000E1
4.657611448E2,5.233859105E1,4.870038377E0,1.173818588E1,1.490000010E0,8.718750000E1,1.000000000E1,1.000000000E1
4.667611449E2,5.233859419E1,4.870063523E0,1.219320297E1,1.450000048E0,7.945312500E1,1.000000000E1,1.000000000E1
4.677611461E2,5.233859628E1,4.870087914E0,1.214577866E1,1.490000010E0,8.683593750E1,1.000000000E1,1.000000000E1
4.687611464E2,5.233859607E1,4.870108534E0,1.195803452E1,1.450000048E0,9.316406250E1,1.000000000E1,1.000000000E1
4.697611465E2,5.233859457E1,4.870130410E0,1.223000717E1,1.490000010E0,9.175781250E1,1.000000000E1,1.000000000E1
4.707611469E2,5.233859616E1,4.870152874E0,1.189553452E1,1.340000033E0,8.613281250E1,1.000000000E1,1.000000000E1
4.717611462E2,5.233859825E1,4.870177014E0,1.155654526E1,1.629999995E0,8.542968750E1,1.000000000E1,1.000000000E1
4.727611457E2,5.233860106E1,4.870201992E0,1.162240219E1,1.549999952E0,8.296875000E1,1.000000000E1,1.000000000E1
4.737611448E2,5.233860471E1,4.870224455E0,1.187734604E1,1.549999952E0,8.121093750E1,1.000000000E1,1.000000000E1
4.747611443E2,5.233860827E1,4.870245159E0,1.200252914E1,1.509999990E0,8.332031250E1,1.000000000E1,1.000000000E1
4.757611430E2,5.233860861E1,4.870265611E0,1.228524399E1,1.450000048E0,1.047656250E2,1.000000000E1,1.000000000E1
4.767611425E2,5.233860714E1,4.870284554E0,1.217983627E1,1.450000048E0,9.984375000E1,1.000000000E1,1.000000000E1
4.777611413E2,5.233860735E1,4.870304251E0,1.213204575E1,1.450000048E0,7.734375000E1,1.000000000E1,1.000000000E1
4.787611395E2,5.233860898E1,4.870323865E0,1.192257309E1,1.309999943E0,7.664062500E1,1.000000000E1,1.000000000E1
4.797611388E2,5.233861267E1,4.870340545E0,1.184615707E1,1.250000000E0,7.417968750E1,1.000000000E1,1.000000000E1
4.807611375E2,5.233861808E1,4.870359823E0,1.183480453E1,1.519999981E0,7.699218750E1,1.000000000E1,1.000000000E1
4.817611361E2,5.233862256E1,4.870381784E0,1.192696762E1,1.519999981E0,9.175781250E1,1.000000000E1,1.000000000E1
4.827611346E2,5.233862508E1,4.870405756E0,1.210702133E1,1.519999981E0,9.492187500E1,1.000000000E1,1.000000000E1
4.837611326E2,5.233862621E1,4.870428387E0,1.206527328E1,1.429999948E0,8.753906250E1,1.000000000E1,1.000000000E1
4.847611313E2,5.233862717E1,4.870456969E0,1.169808578E1,1.549999952E0,9.105468750E1,1.000000000E1,1.000000000E1
4.857611291E2,5.233862893E1,4.870485133E0,1.130050278E1,1.519999981E0,8.824218750E1,1.000000000E1,1.000000000E1
4.867611277E2,5.233863006E1,4.870509859E0,1.114907455E1,1.659999967E0,7.839843750E1,1.000000000E1,1.000000000E1
4.877611254E2,5.233863375E1,4.870534670E0,1.144674301E1,1.570000052E0,8.191406250E1,1.000000000E1,1.000000000E1
4.887611234E2,5.233863618E1,4.870555792E0,1.160372543E1,1.570000052E0,7.664062500E1,1.000000000E1,1.000000000E1
4.897611204E2,5.233863807E1,4.870576914E0,1.176168442E1,1.529999971E0,9.070312500E1,1.000000000E1,1.000000000E1
4.907611191E2,5.233864008E1,4.870601222E0,1.184731674E1,1.600000024E0,8.507812500E1,1.000000000E1,1.000000000E1
4.917611164E2,5.233864130E1,4.870626619E0,1.183468246E1,1.600000024E0,8.789062500E1,1.000000000E1,1.000000000E1
4.927611141E2,5.233863811E1,4.870651010E0,1.153499985E1,1.600000024E0,8.964843750E1,1.000000000E1,1.000000000E1
4.937611127E2,5.233863560E1,4.870674396E0,1.149825668E1,1.570000052E0,9.105468750E1,1.000000000E1,1.000000000E1
4.947611102E2,5.233863174E1,4.870696189E0,1.158700180E1,1.340000033E0,9.562500000E1,1.000000000E1,1.000000000E1
4.957611076E2,5.233862570E1,4.870717898E0,1.147756577E1,1.549999952E0,9.914062500E1,1.000000000E1,1.000000000E1
4.967611047E2,5.233862286E1,4.870740613E0,1.133401108E1,1.549999952E0,9.808593750E1,1.000000000E1,1.000000000E1
4.977611026E2,5.233862101E1,4.870763412E0,1.140822983E1,1.549999952E0,8.437500000E1,1.000000000E1,1.000000000E1
4.987611006E2,5.233862097E1,4.870786797E0,1.144515610E1,1.509999990E0,9.035156250E1,1.000000000E1,1.000000000E1
4.997610979E2,5.233862348E1,4.870807501E0,1.165096664E1,1.460000038E0,6.960937500E1,1.000000000E1,1.000000000E1
5.007610955E2,5.233862621E1,4.870831054E0,1.141103745E1,1.559999943E0,8.332031250E1,1.000000000E1,1.000000000E1
5.017610928E2,5.233862755E1,4.870856870E0,1.154488754E1,1.559999943E0,9.632812500E1,1.000000000E1,1.000000000E1
5.027610904E2,5.233863057E1,4.870882351E0,1.167037582E1,1.399999976E0,8.648437500E1,1.000000000E1,1.000000000E1
5.037610875E2,5.233863337E1,4.870908502E0,1.171902084E1,1.399999976E0,8.578125000E1,1.000000000E1,1.000000000E1
5.047610844E2,5.233863459E1,4.870933983E0,1.176888657E1,1.570000052E0,8.789062500E1,1.000000000E1,1.000000000E1
5.057610819E2,5.233863342E1,4.870958710E0,1.205691147E1,1.559999943E0,9.703125000E1,1.000000000E1,1.000000000E1
5.067610801E2,5.233862633E1,4.870978072E0,1.215902328E1,1.639999986E0,1.230468750E2,1.000000000E1,1.000000000E1
5.077610772E2,5.233861619E1,4.870994333E0,1.181496811E1,1.570000052E0,1.381640625E2,1.000000000E1,1.000000000E1
5.087610744E2,5.233860676E1,4.871011181E0,1.161886215E1,1.639999986E0,1.385156250E2,1.000000000E1,1.000000000E1
5.097610713E2,5.233860165E1,4.871028783E0,1.154836655E1,1.570000052E0,9.738281250E1,1.000000000E1,1.000000000E1
5.107610698E2,5.233859704E1,4.871049570E0,1.138338852E1,1.539999962E0,1.265625000E2,1.000000000E1,1.000000000E1
5.117610663E2,5.233859356E1,4.871071195E0,1.156533432E1,1.539999962E0,1.030078125E2,1.000000000E1,1.000000000E1
5.127610642E2,5.233859394E1,4.871095670E0,1.137026596E1,1.539999962E0,8.261718750E1,1.000000000E1,1.000000000E1
5.137610611E2,5.233859771E1,4.871120229E0,1.164797592E1,1.460000038E0,9.140625000E1,1.000000000E1,1.000000000E1
5.147610588E2,5.233860316E1,4.871144118E0,1.139950180E1,1.500000000E0,8.964843750E1,1.000000000E1,1.000000000E1
5.157610558E2,5.233860756E1,4.871167419E0,1.149428940E1,1.549999952E0,9.035156250E1,1.000000000E1,1.000000000E1
5.167610527E2,5.233861146E1,4.871190889E0,1.177596664E1,1.549999952E0,8.964843750E1,1.000000000E1,1.000000000E1
5.177610502E2,5.233861548E1,4.871213771E0,1.202358627E1,1.490000010E0,8.789062500E1,1.000000000E1,1.000000000E1
5.187610469E2,5.233861816E1,4.871236403E0,1.226076889E1,1.490000010E0,8.542968750E1,1.000000000E1,1.000000000E1
5.197610446E2,5.233862038E1,4.871258279E0,1.230306625E1,1.490000010E0,8.332031250E1,1.000000000E1,1.000000000E1
5.207610414E2,5.233862231E1,4.871276300E0,1.233651352E1,1.179999948E0,8.015625000E1,1.000000000E1,1.000000000E1
5.217610389E2,5.233862382E1,4.871296752E0,1.230605698E1,1.539999962E0,8.085937500E1,1.000000000E1,1.000000000E1
5.227610360E2,5.233862650E1,4.871320976E0,1.307314682E1,1.450000048E0,8.085937500E1,1.000000000E1,1.000000000E1
5.237610332E2,5.233862868E1,4.871345283E0,1.309817123E1,1.539999962E0,8.085937500E1,1.000000000E1,1.000000000E1
5.247610304E2,5.233863015E1,4.871368250E0,1.289730453E1,1.450000048E0,8.929687500E1,1.000000000E1,1.000000000E1
5.257610276E2,5.233863107E1,4.871388115E0,1.261263657E1,1.279999971E0,8.402343750E1,1.000000000E1,1.000000000E1
5.267610248E2,5.233863208E1,4.871409237E0,1.282546616E1,1.379999995E0,8.367187500E1,1.000000000E1,1.000000000E1
5.277610214E2,5.233863052E1,4.871430108E0,1.290353012E1,1.379999995E0,8.332031250E1,1.000000000E1,1.000000000E1
5.287610189E2,5.233862952E1,4.871455170E0,1.296792221E1,1.529999971E0,8.578125000E1,1.000000000E1,1.000000000E1
5.297610166E2,5.233862747E1,4.871476125E0,1.269033432E1,1.529999971E0,8.964843750E1,1.000000000E1,1.000000000E1
5.307610133E2,5.233862646E1,4.871495571E0,1.307155991E1,1.370000005E0,8.578125000E1,1.000000000E1,1.000000000E1
5.317610106E2,5.233862491E1,4.871515855E0,1.320016098E1,1.559999943E0,9.738281250E1,1.000000000E1,1.000000000E1
5.327610073E2,5.233862529E1,4.871532200E0,1.343624496E1,1.370000005E0,8.894531250E1,1.000000000E1,1.000000000E1
5.337610042E2,5.233862872E1,4.871542510E0,1.327614975E1,1.129999995E0,6.960937500E1,1.000000000E1,1.000000000E1
5.347610010E2,5.233863337E1,4.871551227E0,1.330697250E1,8.000000119E-1,7.066406250E1,1.000000000E1,1.000000000E1
5.357609979E2,5.233863865E1,4.871563884E0,1.330971909E1,1.149999976E0,8.824218750E1,1.000000000E1,1.000000000E1